case,vector_row,pmid,year,analyzed,weight
PJI,0,40479559,2025,0,2.0
PJI,1,39959369,2024,1,1.0
PJI,2,39912069,2025,0,1.0
PJI,3,39903456,2025,0,1.0
PJI,4,39866539,2025,0,1.0
PJI,5,39860971,2024,1,1.0
PJI,6,39822837,2024,1,1.0
PJI,7,39822830,2024,1,1.0
PJI,8,39781142,2024,1,1.0
PJI,9,39766617,2024,1,1.0
PJI,10,39735449,2024,1,1.0
PJI,11,39725019,2025,0,1.0
PJI,12,39719895,2025,0,1.0
PJI,13,39719003,2025,0,1.0
PJI,14,39718577,2024,1,1.0
PJI,15,39715296,2025,0,2.0
PJI,16,39710215,2025,0,1.0
PJI,17,39708185,2024,1,1.0
PJI,18,39706353,2025,0,1.0
PJI,19,39701443,2025,0,1.0
PJI,20,39698321,2024,1,1.0
PJI,21,39694929,2024,1,1.0
PJI,22,39692104,2025,0,1.0
PJI,23,39685927,2024,1,1.0
PJI,24,39668370,2024,1,1.0
PJI,25,39667591,2025,0,2.0
PJI,26,39667407,2025,0,1.0
PJI,27,39666043,2024,1,1.0
PJI,28,39665842,2024,1,1.0
PJI,29,39665838,2024,1,1.5
PJI,30,39654596,2024,1,1.0
PJI,31,39653142,2025,0,1.0
PJI,32,39649045,2024,1,1.0
PJI,33,39637374,2025,0,1.0
PJI,34,39633436,2024,1,1.0
PJI,35,39632336,2025,0,2.0
PJI,36,39622423,2025,0,1.0
PJI,37,39615518,2024,1,1.0
PJI,38,39612194,2025,0,2.0
PJI,39,39611436,2024,1,2.0
PJI,40,39603366,2025,0,1.0
PJI,41,39602249,2025,0,1.0
PJI,42,39594167,2024,1,1.0
PJI,43,39589098,2024,1,1.0
PJI,44,39586410,2025,0,1.0
PJI,45,39575176,2024,1,2.0
PJI,46,39568496,2025,0,1.0
PJI,47,39564407,2026,0,1.0
PJI,48,39564405,2025,0,1.0
PJI,49,39564092,2025,0,1.0
PJI,50,39564086,2025,0,1.0
PJI,51,39562499,2025,0,2.0
PJI,52,39552697,2025,0,1.0
PJI,53,39551407,2025,0,1.0
PJI,54,39542235,2025,0,1.0
PJI,55,39535202,2024,1,2.0
PJI,56,39528166,2025,0,2.0
PJI,57,39504359,2025,0,3.0
PJI,58,39501229,2024,1,1.0
PJI,59,39493408,2024,1,1.0
PJI,60,39493033,2024,1,1.0
PJI,61,39491774,2025,0,1.0
PJI,62,39490779,2025,0,1.0
PJI,63,39489386,2025,0,1.0
PJI,64,39486470,2025,0,1.0
PJI,65,39481617,2025,0,1.0
PJI,66,39481442,2024,1,1.0
PJI,67,39478843,2024,1,1.0
PJI,68,39476402,2024,1,1.0
PJI,69,39456072,2024,1,1.0
PJI,70,39455990,2024,1,1.0
PJI,71,39440984,2024,1,1.0
PJI,72,39437860,2025,0,1.0
PJI,73,39437551,2025,0,1.0
PJI,74,39429325,2024,1,1.0
PJI,75,39429235,2024,1,1.0
PJI,76,39428209,2025,0,3.0
PJI,77,39424239,2025,0,1.0
PJI,78,39423421,2024,1,1.0
PJI,79,39415257,2024,1,1.0
PJI,80,39413929,2024,1,1.0
PJI,81,39410846,2024,1,1.0
PJI,82,39407776,2024,1,1.0
PJI,83,39403644,2024,1,1.0
PJI,84,39402142,2024,1,1.0
PJI,85,39393489,2025,0,1.0
PJI,86,39389453,2025,0,2.0
PJI,87,39389452,2025,0,1.0
PJI,88,39389236,2025,0,1.0
PJI,89,39389235,2025,0,1.0
PJI,90,39384014,2025,0,2.0
PJI,91,39377601,2024,1,1.0
PJI,92,39373192,2025,0,1.0
PJI,93,39370016,2025,0,1.0
PJI,94,39368718,2025,0,1.0
PJI,95,39365480,2024,1,1.0
PJI,96,39362652,2024,1,1.0
PJI,97,39353609,2024,1,1.0
PJI,98,39354799,2024,1,1.0
PJI,99,39354162,2024,1,1.0
PJI,100,39351269,2025,0,1.0
PJI,101,39348917,2024,1,1.0
PJI,102,39348903,2024,1,1.5
PJI,103,39348556,2025,0,1.0
PJI,104,39347338,2024,1,1.0
PJI,105,39339662,2024,1,1.0
PJI,106,39335075,2024,1,1.0
PJI,107,39334991,2024,1,1.0
PJI,108,39325167,2024,1,1.0
PJI,109,39322005,2025,0,1.0
PJI,110,39316660,2024,1,1.0
PJI,111,39316104,2024,1,1.0
PJI,112,39296861,2024,1,1.0
PJI,113,39294528,2024,1,1.0
PJI,114,39293695,2025,0,1.0
PJI,115,39293088,2025,0,1.0
PJI,116,39288290,2024,1,1.0
PJI,117,39287785,2024,1,1.0
PJI,118,39284393,2025,0,1.0
PJI,119,39284387,2025,0,1.0
PJI,120,39281996,2024,1,1.0
PJI,121,39280764,2024,1,1.0
PJI,122,39268859,2024,1,1.0
PJI,123,39265814,2025,0,1.0
PJI,124,39263064,2024,1,1.0
PJI,125,39260092,2024,1,1.0
PJI,126,39259308,2024,1,1.0
PJI,127,39256688,2024,1,1.0
PJI,128,39254971,2025,0,1.0
PJI,129,39252465,2024,1,2.0
PJI,130,39249136,2024,1,1.0
PJI,131,39247790,2024,1,1.0
PJI,132,39246104,2024,1,1.0
PJI,133,39244574,2024,1,1.0
PJI,134,39244475,2024,1,1.0
PJI,135,39244148,2025,0,1.0
PJI,136,39237026,2025,0,1.0
PJI,137,39233100,2025,0,1.0
PJI,138,39233097,2025,0,2.0
PJI,139,39231295,2025,0,1.0
PJI,140,39224754,2024,1,1.0
PJI,141,39221335,2024,1,1.0
PJI,142,39206055,2024,1,1.0
PJI,143,39203582,2024,1,1.0
PJI,144,39200071,2024,1,1.0
PJI,145,39189555,2024,1,2.0
PJI,146,39182533,2025,0,1.0
PJI,147,39178975,2025,0,1.0
PJI,148,39178971,2025,0,1.0
PJI,149,39157704,2024,1,1.0
PJI,150,39157468,2024,1,1.0
PJI,151,39149889,2024,1,1.0
PJI,152,39147074,2025,0,1.0
PJI,153,39138939,2024,1,1.0
PJI,154,39126455,2024,1,1.0
PJI,155,39121942,2025,0,1.0
PJI,156,39118027,2024,1,1.0
PJI,157,39115606,2024,1,1.0
PJI,158,39100418,2024,1,1.0
PJI,159,39094349,2024,1,1.0
PJI,160,39092306,2024,1,1.0
PJI,161,39089416,2025,0,1.0
PJI,162,39089394,2024,1,1.0
PJI,163,39084651,2024,1,1.0
PJI,164,39084635,2024,1,1.0
PJI,165,39071831,2024,1,1.0
PJI,166,39071089,2024,1,1.0
PJI,167,39070934,2024,1,1.0
PJI,168,39070877,2024,1,1.0
PJI,169,39069272,2025,0,1.0
PJI,170,39068619,2024,1,2.0
PJI,171,39065152,2024,1,1.0
PJI,172,39054735,2024,1,1.0
PJI,173,39053663,2025,0,1.0
PJI,174,39052030,2024,1,1.0
PJI,175,39048851,2024,1,1.0
PJI,176,39040016,2024,1,1.0
PJI,177,39038867,2024,1,1.5
PJI,178,39035677,2024,1,1.0
PJI,179,39035220,2024,1,1.0
PJI,180,39033344,2025,0,1.0
PJI,181,39031202,2024,1,1.0
PJI,182,39025278,2025,0,1.0
PJI,183,39025275,2025,0,1.0
PJI,184,39025274,2024,1,1.0
PJI,185,39019470,2024,1,1.0
PJI,186,39017392,2024,1,1.0
PJI,187,39012102,2024,1,3.0
PJI,188,38999284,2024,1,1.0
PJI,189,38997046,2024,1,1.0
PJI,190,38991232,2025,0,2.0
PJI,191,38991223,2024,1,1.0
PJI,192,38981611,2024,1,1.0
PJI,193,38974052,2024,1,1.0
PJI,194,38957745,2024,1,1.0
PJI,195,38946307,2024,1,2.0
PJI,196,38945291,2024,1,1.0
PJI,197,38935701,2024,1,1.0
PJI,198,38927204,2024,1,1.0
PJI,199,38927177,2024,1,1.0
PJI,200,38919738,2024,1,1.0
PJI,201,38919513,2024,1,1.0
PJI,202,38919369,2024,1,1.0
PJI,203,38917741,2024,1,1.0
PJI,204,38909590,2024,1,2.0
PJI,205,38907318,2024,1,1.0
PJI,206,38897263,2024,1,1.0
PJI,207,38895103,2024,1,1.0
PJI,208,38892803,2024,1,1.0
PJI,209,38890743,2024,1,1.0
PJI,210,38889904,2024,1,1.0
PJI,211,38875316,2024,1,1.0
PJI,212,38874764,2024,1,1.0
PJI,213,38872312,2024,1,1.5
PJI,214,38857712,2024,1,1.0
PJI,215,38854773,2024,1,1.0
PJI,216,38848790,2024,1,1.0
PJI,217,38847835,2024,1,1.0
PJI,218,38844248,2024,1,2.0
PJI,219,38842232,2024,1,1.0
PJI,220,38839054,2024,1,1.0
PJI,221,38833728,2024,1,2.0
PJI,222,38830606,2024,1,1.0
PJI,223,38830429,2024,1,1.0
PJI,224,38830428,2024,1,1.0
PJI,225,38828985,2024,1,1.0
PJI,226,38823515,2024,1,1.0
PJI,227,38821507,2024,1,1.0
PJI,228,38821429,2024,1,1.0
PJI,229,38819638,2024,1,1.0
PJI,230,38817415,2024,1,1.0
PJI,231,38815354,2024,1,1.0
PJI,232,38810813,2024,1,1.0
PJI,233,38798096,2024,1,1.0
PJI,234,38795854,2024,1,1.0
PJI,235,38781319,2024,1,2.0
PJI,236,38780939,2024,1,1.0
PJI,237,38759820,2024,1,1.0
PJI,238,38758237,2024,1,1.0
PJI,239,38757108,2024,1,1.0
PJI,240,38751321,2024,1,1.0
PJI,241,38750832,2024,1,1.0
PJI,242,38748353,2024,1,2.0
PJI,243,38746784,2024,1,1.0
PJI,244,38741113,2024,1,1.0
PJI,245,38735634,2024,1,2.0
PJI,246,38735554,2024,1,1.0
PJI,247,38730201,2024,1,2.0
PJI,248,38727424,2024,1,1.0
PJI,249,38727108,2024,1,1.0
PJI,250,38725379,2024,1,1.0
PJI,251,38723699,2024,1,1.0
PJI,252,38713764,2024,1,2.0
PJI,253,38709260,2024,1,1.0
PJI,254,38703925,2024,1,1.0
PJI,255,38694767,2024,1,1.0
PJI,256,38694320,2024,1,1.0
PJI,257,38692402,2025,0,1.0
PJI,258,38691581,2024,1,1.0
PJI,259,38690098,2024,1,1.0
PJI,260,38689572,2024,1,1.0
PJI,261,38688513,2024,1,1.0
PJI,262,38688510,2024,1,1.0
PJI,263,38688509,2024,1,1.0
PJI,264,38688477,2024,1,1.0
PJI,265,38687829,2024,1,1.0
PJI,266,38685379,2024,1,1.0
PJI,267,38677340,2024,1,1.0
PJI,268,38670172,2024,1,2.0
PJI,269,38669776,2024,1,2.0
PJI,270,38667042,2024,1,1.0
PJI,271,38667037,2024,1,1.0
PJI,272,38667022,2024,1,1.0
PJI,273,38666982,2024,1,1.0
PJI,274,38663687,2024,1,1.0
PJI,275,38662000,2024,1,1.5
PJI,276,38649066,2024,1,1.0
PJI,277,38643391,2024,1,1.0
PJI,278,38642541,2024,1,1.0
PJI,279,38642189,2024,1,1.0
PJI,280,38640967,2024,1,3.0
PJI,281,38638595,2024,1,1.0
PJI,282,38631513,2024,1,2.0
PJI,283,38629751,2024,1,1.0
PJI,284,38619882,2024,1,1.0
PJI,285,38613628,2024,1,1.0
PJI,286,38610707,2024,1,1.0
PJI,287,38610157,2024,1,1.0
PJI,288,38607775,2024,1,1.0
PJI,289,38604400,2025,0,1.0
PJI,290,38604398,2024,1,1.0
PJI,291,38604280,2024,1,2.0
PJI,292,38604274,2024,1,3.0
PJI,293,38601002,2024,1,1.0
PJI,294,38601000,2024,1,1.0
PJI,295,38600999,2024,1,1.0
PJI,296,38600996,2024,1,1.0
PJI,297,38600995,2024,1,1.0
PJI,298,38599531,2024,1,1.5
PJI,299,38599530,2024,1,2.0
PJI,300,38599457,2024,1,1.0
PJI,301,38595072,2024,1,1.5
PJI,302,38585284,2024,1,1.0
PJI,303,38582225,2024,1,1.5
PJI,304,38582223,2024,1,1.0
PJI,305,38577512,2024,1,1.0
PJI,306,38569600,2024,1,1.0
PJI,307,38566097,2024,1,1.0
PJI,308,38558190,2024,1,2.0
PJI,309,38555941,2024,1,1.0
PJI,310,38555938,2024,1,1.0
PJI,311,38554491,2024,1,1.0
PJI,312,38548238,2024,1,1.0
PJI,313,38548232,2024,1,2.0
PJI,314,38531489,2024,1,2.0
PJI,315,38528169,2024,1,1.0
PJI,316,38526615,2024,1,1.0
PJI,317,38521249,2024,1,1.0
PJI,318,38520549,2024,1,1.0
PJI,319,38518960,2024,1,1.0
PJI,320,38518886,2024,1,1.0
PJI,321,38500507,2024,1,1.0
PJI,322,38492035,2024,1,1.0
PJI,323,38478627,2024,1,1.0
PJI,324,38464356,2024,1,1.0
PJI,325,38452860,2024,1,1.0
PJI,326,38435161,2024,1,1.0
PJI,327,38433261,2024,1,1.0
PJI,328,38432530,2024,1,1.0
PJI,329,38429555,2024,1,2.0
PJI,330,38428694,2024,1,1.0
PJI,331,38428692,2024,1,1.0
PJI,332,38427516,2024,1,1.0
PJI,333,38425332,2024,1,1.0
PJI,334,38423258,2024,1,2.0
PJI,335,38419970,2024,1,1.0
PJI,336,38417732,2024,1,1.0
PJI,337,38417731,2024,1,1.0
PJI,338,38403076,2024,1,1.0
PJI,339,38401610,2024,1,1.0
PJI,340,38401609,2024,1,1.0
PJI,341,38395111,2024,1,1.0
PJI,342,38393443,2024,1,1.0
PJI,343,38385716,2024,1,1.0
PJI,344,38378509,2024,1,1.0
PJI,345,38355064,2024,1,2.0
PJI,346,38354412,2024,1,1.0
PJI,347,38354411,2024,1,1.0
PJI,348,38347255,2024,1,1.0
PJI,349,38344442,2024,1,1.0
PJI,350,38340614,2024,1,1.0
PJI,351,38337598,2024,1,1.0
PJI,352,38327200,2024,1,1.0
PJI,353,38320265,2024,1,1.0
PJI,354,38317706,2024,1,1.0
PJI,355,38312906,2024,1,1.0
PJI,356,38312269,2024,1,1.0
PJI,357,38311788,2024,1,1.0
PJI,358,38304243,2024,1,1.0
PJI,359,38298809,2024,1,1.0
PJI,360,38289719,2024,1,1.0
PJI,361,38288989,2024,1,1.0
PJI,362,38283873,2024,1,1.0
PJI,363,38283138,2024,1,1.0
PJI,364,38282726,2023,1,1.0
PJI,365,38269067,2024,1,1.0
PJI,366,38244641,2024,1,1.0
PJI,367,38244640,2024,1,1.0
PJI,368,38238252,2024,1,1.0
PJI,369,38237877,2024,1,1.0
PJI,370,38231150,2024,1,1.0
PJI,371,38224789,2024,1,1.0
PJI,372,38220026,2024,1,1.0
PJI,373,38220025,2024,1,1.0
PJI,374,38218558,2024,1,1.0
PJI,375,38205758,2023,1,1.0
PJI,376,38205757,2023,1,1.5
PJI,377,38205061,2023,1,1.0
PJI,378,38196965,2023,1,1.0
PJI,379,38171207,2024,1,1.0
PJI,380,38166999,2024,1,1.0
PJI,381,38153296,2023,1,1.0
PJI,382,38149941,2023,1,1.0
PJI,383,38134736,2024,1,1.0
PJI,384,38134288,2023,1,1.0
PJI,385,38128624,2024,1,2.0
PJI,386,38127488,2023,1,1.0
PJI,387,38108141,2024,1,1.0
PJI,388,38104784,2024,1,1.0
PJI,389,38104720,2024,1,1.0
PJI,390,38101985,2024,1,1.0
PJI,391,38101450,2024,1,2.0
PJI,392,38093490,2024,1,1.0
PJI,393,38092159,2024,1,1.5
PJI,394,38087839,2024,1,1.0
PJI,395,38077926,2023,1,1.0
PJI,396,38077763,2023,1,1.0
PJI,397,38073350,2024,1,1.0
PJI,398,38073142,2024,1,1.0
PJI,399,38072095,2024,1,1.0
PJI,400,38068373,2023,1,1.0
PJI,401,38045589,2023,1,1.0
PJI,402,38045571,2023,1,1.0
PJI,403,38040067,2024,1,1.0
PJI,404,41541075,2023,1,1.0
PJI,405,38035598,2023,1,1.0
PJI,406,38026480,2023,1,1.0
PJI,407,38023641,2023,1,1.0
PJI,408,38022843,2024,1,1.0
PJI,409,38004781,2023,1,1.0
PJI,410,37998762,2023,1,1.0
PJI,411,37995211,2024,1,1.0
PJI,412,37988003,2024,1,1.0
PJI,413,37983007,2024,1,1.0
PJI,414,37981001,2024,1,1.0
PJI,415,37975182,2024,1,1.0
PJI,416,37972666,2024,1,1.0
PJI,417,37972546,2023,1,1.0
PJI,418,37970621,2023,1,1.0
PJI,419,37969534,2023,1,1.0
PJI,420,37968710,2023,1,1.0
PJI,421,37947408,2023,1,1.0
PJI,422,37930482,2023,1,1.0
PJI,423,37927635,2023,1,1.0
PJI,424,37927057,2024,1,1.0
PJI,425,37914902,2024,1,1.0
PJI,426,37914037,2024,1,1.0
PJI,427,37914036,2024,1,1.0
PJI,428,37914035,2024,1,1.0
PJI,429,37910220,2024,1,1.0
PJI,430,37903295,2023,1,1.5
PJI,431,37901121,2023,1,1.0
PJI,432,37892817,2023,1,1.0
PJI,433,37891602,2023,1,1.0
PJI,434,37882792,2024,1,1.0
PJI,435,37866461,2024,1,1.0
PJI,436,37864658,2024,1,1.5
PJI,437,37863274,2024,1,1.0
PJI,438,37858709,2024,1,1.0
PJI,439,37851304,2023,1,1.0
PJI,440,37847413,2024,1,2.0
PJI,441,37845299,2023,1,1.0
PJI,442,37841451,2023,1,1.0
PJI,443,37834758,2023,1,1.0
PJI,444,37813394,2023,1,1.0
PJI,445,37812668,2023,1,1.0
PJI,446,37797825,2024,1,1.0
PJI,447,37796054,2023,1,1.0
PJI,448,37793169,2024,1,1.0
PJI,449,37777206,2023,1,1.0
PJI,450,37762849,2023,1,1.0
PJI,451,37760688,2023,1,1.0
PJI,452,37760681,2023,1,1.0
PJI,453,37760665,2023,1,1.0
PJI,454,37755479,2024,1,1.0
PJI,455,37755469,2024,1,1.0
PJI,456,37753559,2023,1,1.0
PJI,457,37745972,2023,1,1.0
PJI,458,37745961,2023,1,1.0
PJI,459,37736105,2024,1,1.0
PJI,460,37733911,2023,1,1.0
PJI,461,37730212,2023,1,1.0
PJI,462,37728980,2024,1,1.0
PJI,463,37728010,2024,1,1.0
PJI,464,37717837,2024,1,1.0
PJI,465,37712075,2023,1,1.0
PJI,466,37685609,2023,1,1.0
PJI,467,37678883,2024,1,1.0
PJI,468,37678244,2024,1,1.0
PJI,469,37670462,2024,1,1.0
PJI,470,37663073,2023,1,1.0
PJI,471,37661070,2024,1,1.0
PJI,472,37659701,2024,1,1.0
PJI,473,37659681,2023,1,1.0
PJI,474,37656276,2024,1,1.0
PJI,475,37652454,2023,1,1.0
PJI,476,37651552,2023,1,1.0
PJI,477,37648100,2024,1,1.0
PJI,478,37640916,2023,1,1.0
PJI,479,37638217,2023,1,1.0
PJI,480,37637597,2023,1,1.0
PJI,481,37627655,2023,1,1.0
PJI,482,37619801,2024,1,1.0
PJI,483,37612523,2023,1,1.0
PJI,484,37611677,2024,1,1.0
PJI,485,37609941,2024,1,1.0
PJI,486,37604496,2023,1,1.0
PJI,487,37595763,2024,1,1.0
PJI,488,37573930,2024,1,1.0
PJI,489,37572716,2024,1,1.0
PJI,490,37566227,2023,1,1.0
PJI,491,37557968,2024,1,1.0
PJI,492,37555860,2023,1,1.0
PJI,493,37542541,2023,1,1.0
PJI,494,37538135,2023,1,1.0
PJI,495,37534610,2023,1,1.0
PJI,496,37525537,2023,1,1.0
PJI,497,37520268,2023,1,1.0
PJI,498,37516385,2023,1,2.0
PJI,499,37511656,2023,1,1.0
PJI,500,37510924,2023,1,1.0
PJI,501,37507315,2024,1,1.0
PJI,502,37498352,2024,1,1.0
PJI,503,37479562,2024,1,2.0
PJI,504,37468030,2024,1,1.0
PJI,505,37462509,2023,1,1.0
PJI,506,37458699,2024,1,1.0
PJI,507,37455814,2023,1,1.0
PJI,508,37454949,2024,1,1.0
PJI,509,37434369,2023,1,1.0
PJI,510,37426907,2023,1,1.0
PJI,511,37408050,2023,1,1.0
PJI,512,37405463,2023,1,1.0
PJI,513,37402969,2023,1,1.0
PJI,514,37399088,2023,1,1.0
PJI,515,37398732,2023,1,1.0
PJI,516,37396091,2023,1,1.0
PJI,517,37394330,2023,1,1.0
PJI,518,37392216,2023,1,1.0
PJI,519,37389568,2023,1,1.5
PJI,520,37383855,2023,1,1.0
PJI,521,37380141,2024,1,1.0
PJI,522,37378447,2023,1,1.0
PJI,523,37374240,2023,1,1.0
PJI,524,37371862,2023,1,1.0
PJI,525,37370301,2023,1,1.0
PJI,526,37366188,2023,1,2.0
PJI,527,37353111,2023,1,2.0
PJI,528,37340880,2023,1,1.0
PJI,529,37331444,2023,1,1.0
PJI,530,37331436,2023,1,1.0
PJI,531,37329492,2023,1,1.0
PJI,532,37323551,2023,1,1.0
PJI,533,37321515,2023,1,1.0
PJI,534,37315631,2023,1,1.0
PJI,535,37315630,2023,1,1.0
PJI,536,37306180,2024,1,1.0
PJI,537,37302622,2023,1,1.0
PJI,538,37301238,2023,1,1.0
PJI,539,37295625,2023,1,1.0
PJI,540,37295623,2023,1,1.0
PJI,541,37286055,2023,1,1.0
PJI,542,37279850,2023,1,1.0
PJI,543,37278263,2023,1,1.0
PJI,544,37273394,2023,1,1.0
PJI,545,37271233,2023,1,1.0
PJI,546,37263640,2023,1,3.0
PJI,547,37259562,2023,1,1.0
PJI,548,37257789,2023,1,1.0
PJI,549,37255321,2023,1,1.0
PJI,550,37244888,2023,1,1.0
PJI,551,37240706,2023,1,1.0
PJI,552,37237841,2023,1,1.0
PJI,553,37236284,2023,1,1.0
PJI,554,37234598,2023,1,1.0
PJI,555,37230226,2023,1,1.0
PJI,556,37214371,2023,1,1.0
PJI,557,37210859,2023,1,1.0
PJI,558,37209907,2023,1,1.0
PJI,559,37208700,2023,1,1.0
PJI,560,37193765,2023,1,1.0
PJI,561,37187468,2023,1,1.0
PJI,562,37179024,2023,1,1.0
PJI,563,37179023,2023,1,2.0
PJI,564,37172795,2023,1,1.0
PJI,565,37172794,2023,1,1.0
PJI,566,37172790,2023,1,1.0
PJI,567,37168825,2023,1,1.0
PJI,568,37168587,2023,1,1.0
PJI,569,37160445,2023,1,1.0
PJI,570,37158424,2023,1,1.0
PJI,571,37151405,2023,1,1.0
PJI,572,37145143,2023,1,1.0
PJI,573,37142070,2023,1,1.0
PJI,574,37142069,2023,1,1.0
PJI,575,37142068,2023,1,1.0
PJI,576,37140202,2023,1,1.0
PJI,577,37134143,2023,1,1.0
PJI,578,37133809,2023,1,1.0
PJI,579,37128563,2023,1,1.0
PJI,580,37123501,2023,1,1.0
PJI,581,37121584,2023,1,1.0
PJI,582,37113835,2023,1,1.0
PJI,583,37113779,2023,1,1.0
PJI,584,37111491,2023,1,1.0
PJI,585,37107094,2023,1,1.0
PJI,586,37105323,2023,1,1.0
PJI,587,37101087,2023,1,1.0
PJI,588,37092525,2023,1,1.0
PJI,589,37085676,2023,1,1.0
PJI,590,37084920,2023,1,1.0
PJI,591,37084919,2023,1,1.0
PJI,592,37079110,2023,1,1.0
PJI,593,37074322,2023,1,1.0
PJI,594,37071192,2023,1,1.0
PJI,595,37068569,2023,1,2.0
PJI,596,37059870,2023,1,1.0
PJI,597,37051823,2023,1,1.0
PJI,598,37042970,2023,1,2.0
PJI,599,37032977,2023,1,1.0
PJI,600,37028955,2023,1,1.0
PJI,601,37008979,2023,1,1.0
PJI,602,37003459,2023,1,1.0
PJI,603,37003456,2023,1,1.0
PJI,604,37003093,2023,1,1.0
PJI,605,40198199,2023,1,1.0
PJI,606,37000267,2023,1,1.0
PJI,607,36996946,2023,1,1.0
PJI,608,36990369,2023,1,1.0
PJI,609,36988713,2023,1,1.0
PJI,610,36985124,2023,1,1.0
PJI,611,36978473,2023,1,1.0
PJI,612,36961471,2023,1,1.0
PJI,613,36947597,2023,1,1.0
PJI,614,36941499,2023,1,1.0
PJI,615,36937214,2023,1,1.0
PJI,616,36934874,2023,1,1.0
PJI,617,36924855,2023,1,1.0
PJI,618,36900086,2023,1,1.0
PJI,619,36897193,2023,1,1.0
PJI,620,36895567,2023,1,1.0
PJI,621,36889580,2023,1,1.0
PJI,622,36888646,2022,1,1.0
PJI,623,36878435,2023,1,1.0
PJI,624,36878112,2023,1,1.0
PJI,625,36864538,2023,1,1.0
PJI,626,36863575,2023,1,1.0
PJI,627,36863573,2023,1,1.0
PJI,628,36862067,2023,1,1.0
PJI,629,36855945,2023,1,1.0
PJI,630,36854321,2023,1,1.0
PJI,631,36853879,2023,1,1.0
PJI,632,36851713,2023,1,2.5
PJI,633,36836201,2023,1,1.0
PJI,634,36835798,2023,1,1.0
PJI,635,36826159,2023,1,1.0
PJI,636,36806820,2023,1,1.0
PJI,637,36805117,2023,1,1.0
PJI,638,36805114,2023,1,1.0
PJI,639,36778987,2023,1,1.0
PJI,640,36777623,2023,1,1.0
PJI,641,36776518,2023,1,1.0
PJI,642,36764406,2023,1,1.0
PJI,643,36758110,2023,1,1.0
PJI,644,36753817,2023,1,1.0
PJI,645,36752846,2023,1,1.0
PJI,646,36750492,2023,1,1.0
PJI,647,36749706,2023,1,1.0
PJI,648,36740865,2022,1,1.0
PJI,649,36738866,2023,1,1.0
PJI,650,36735051,2023,1,1.0
PJI,651,36731584,2023,1,2.0
PJI,652,36731501,2024,1,1.0
PJI,653,36729968,2023,1,2.0
PJI,654,36722065,2023,1,1.0
PJI,655,36722061,2023,1,1.0
PJI,656,36721632,2023,1,1.0
PJI,657,36720418,2023,1,1.0
PJI,658,36718647,2023,1,1.0
PJI,659,36716900,2023,1,1.0
PJI,660,36713650,2022,1,1.0
PJI,661,36703261,2023,1,2.0
PJI,662,36702438,2023,1,1.0
PJI,663,36701120,2023,1,2.0
PJI,664,36698987,2023,1,1.0
PJI,665,36693515,2023,1,1.0
PJI,666,36693514,2023,1,1.0
PJI,667,36691464,2023,1,1.0
PJI,668,36689002,2023,1,1.0
PJI,669,36685110,2023,1,1.0
PJI,670,36683646,2022,1,1.0
PJI,671,36677407,2023,1,1.0
PJI,672,36675798,2023,1,1.0
PJI,673,36675529,2023,1,1.0
PJI,674,36671215,2022,1,1.0
PJI,675,36656746,2023,1,1.0
PJI,676,36656361,2023,1,1.0
PJI,677,36656350,2023,1,1.0
PJI,678,36649933,2023,1,1.0
PJI,679,36630741,2023,1,3.0
PJI,680,36623413,2023,1,1.0
PJI,681,36606419,2023,1,1.5
PJI,682,36604321,2023,1,1.0
PJI,683,36601610,2022,1,1.0
PJI,684,36601236,2022,1,1.0
PJI,685,36601230,2022,1,1.0
PJI,686,36595053,2023,1,1.0
PJI,687,36595032,2023,1,1.0
PJI,688,36586702,2023,1,1.0
PJI,689,36584578,2023,1,1.0
PJI,690,36576575,2023,1,1.0
PJI,691,36576518,2023,1,1.0
PJI,692,36576374,2022,1,1.0
PJI,693,36574630,2023,1,2.0
PJI,694,36570804,2022,1,1.0
PJI,695,36569155,2022,1,1.0
PJI,696,36565739,2023,1,1.0
PJI,697,36561550,2022,1,1.0
PJI,698,36561206,2021,1,1.0
PJI,699,36561107,2022,1,1.0
PJI,700,36556038,2022,1,1.0
PJI,701,36551458,2022,1,1.0
PJI,702,36538941,2022,1,1.0
PJI,703,36538938,2022,1,1.0
PJI,704,36535440,2023,1,1.0
PJI,705,36529198,2023,1,1.0
PJI,706,36518927,2022,1,1.0
PJI,707,36509937,2023,1,1.0
PJI,708,36507285,2023,1,1.0
PJI,709,36506891,2022,1,1.0
PJI,710,36498756,2022,1,1.0
PJI,711,36496045,2023,1,1.0
PJI,712,36479014,2022,1,1.0
PJI,713,36479006,2022,1,1.0
PJI,714,36471324,2022,1,1.0
PJI,715,36471020,2023,1,1.0
PJI,716,36470365,2023,1,1.0
PJI,717,36465692,2023,1,1.0
PJI,718,36462996,2024,1,1.0
PJI,719,36457035,2022,1,1.0
PJI,720,36454723,2022,1,1.0
PJI,721,38529219,2023,1,1.0
PJI,722,36450936,2023,1,1.0
PJI,723,36448859,2022,1,1.0
PJI,724,36436385,2023,1,1.0
PJI,725,36436089,2023,1,1.0
PJI,726,36434689,2022,1,1.0
PJI,727,36425770,2023,1,1.0
PJI,728,36421246,2022,1,1.0
PJI,729,36410252,2023,1,1.0
PJI,730,36410009,2023,1,1.0
PJI,731,36404561,2023,1,1.0
PJI,732,36402933,2022,1,1.0
PJI,733,36397029,2022,1,1.0
PJI,734,36396130,2022,1,1.0
PJI,735,36375749,2023,1,1.0
PJI,736,36375748,2023,1,1.0
PJI,737,36374325,2023,1,1.0
PJI,738,36367126,2022,1,1.0
PJI,739,36362748,2022,1,1.0
PJI,740,36353415,2022,1,1.0
PJI,741,36353190,2022,1,1.0
PJI,742,36353189,2022,1,1.0
PJI,743,36349351,2022,1,1.0
PJI,744,36316456,2022,1,1.0
PJI,745,36316046,2022,1,3.0
PJI,746,36314875,2023,1,1.0
PJI,747,36314873,2023,1,1.0
PJI,748,36312888,2022,1,1.0
PJI,749,36309657,2022,1,1.0
PJI,750,36307051,2023,1,1.0
PJI,751,36304695,2022,1,1.0
PJI,752,36301569,2022,1,1.0
PJI,753,36299473,2022,1,1.0
PJI,754,36297116,2022,1,1.0
PJI,755,36290065,2022,1,1.0
PJI,756,36290003,2022,1,1.0
PJI,757,36289980,2022,1,1.0
PJI,758,36289943,2022,1,1.0
PJI,759,36285398,2022,1,1.0
PJI,760,36278949,2023,1,1.0
PJI,761,36273636,2022,1,2.0
PJI,762,36263893,2023,1,1.0
PJI,763,36255157,2023,1,1.0
PJI,764,36254212,2022,1,1.0
PJI,765,36254209,2022,1,1.0
PJI,766,36246023,2022,1,1.0
PJI,767,36243299,2023,1,1.0
PJI,768,36229852,2022,1,1.0
PJI,769,36225743,2022,1,1.0
PJI,770,36222474,2023,1,1.0
PJI,771,36220943,2022,1,1.0
PJI,772,36199826,2022,1,1.0
PJI,773,36193876,2022,1,1.0
PJI,774,36179146,2022,1,1.0
PJI,775,36177638,2022,1,1.0
PJI,776,36177603,2022,1,1.0
PJI,777,36175674,2023,1,1.0
PJI,778,36154866,2023,1,1.0
PJI,779,38529229,2023,1,1.0
PJI,780,36140498,2022,1,1.0
PJI,781,36139954,2022,1,1.0
PJI,782,36132204,2022,1,1.0
PJI,783,36130698,2023,1,1.0
PJI,784,36124343,2023,1,1.0
PJI,785,36115614,2023,1,1.0
PJI,786,36112398,2023,1,2.0
PJI,787,36112243,2022,1,1.0
PJI,788,36111881,2023,1,1.0
PJI,789,36109038,2022,1,1.0
PJI,790,36108168,2022,1,1.0
PJI,791,36106695,2022,1,1.0
PJI,792,36098575,2022,1,1.0
PJI,793,36087275,2022,1,1.0
PJI,794,36082283,2022,1,1.0
PJI,795,36072695,2022,1,1.0
PJI,796,36070795,2023,1,1.0
PJI,797,36067886,2023,1,1.0
PJI,798,36065176,2022,1,1.0
PJI,799,36064964,2022,1,1.0
PJI,800,36064093,2023,1,1.0
PJI,801,36061837,2022,1,1.0
PJI,802,36047027,2022,1,1.0
PJI,803,36047015,2022,1,1.0
PJI,804,36047011,2022,1,1.0
PJI,805,36039123,2022,1,1.0
PJI,806,36032799,2022,1,1.0
PJI,807,36032643,2022,1,1.0
PJI,808,36031085,2023,1,1.0
PJI,809,36028942,2022,1,1.0
PJI,810,36010192,2022,1,1.0
PJI,811,36009968,2022,1,1.0
PJI,812,35995326,2023,1,1.0
PJI,813,35993989,2022,1,1.0
PJI,814,35992985,2022,1,1.0
PJI,815,35988826,2023,1,1.0
PJI,816,35987493,2023,1,2.0
PJI,817,35987468,2022,1,1.0
PJI,818,35980459,2023,1,1.0
PJI,819,35973516,2023,1,1.0
PJI,820,35971608,2022,1,1.0
PJI,821,35971607,2022,1,1.0
PJI,822,35961500,2023,1,1.0
PJI,823,35952854,2023,1,2.0
PJI,824,35949711,2022,1,1.0
PJI,825,35944567,2023,1,1.0
PJI,826,35944072,2023,1,1.0
PJI,827,35943586,2023,1,1.0
PJI,828,35935264,2022,1,1.0
PJI,829,35930052,2023,1,1.0
PJI,830,35928667,2022,1,1.0
PJI,831,35915283,2022,1,1.0
PJI,832,35907808,2022,1,1.0
PJI,833,35906493,2023,1,1.0
PJI,834,35906279,2022,1,1.0
PJI,835,35900587,2023,1,1.0
PJI,836,35893309,2022,1,1.0
PJI,837,35880516,2022,1,1.0
PJI,838,35873283,2022,1,1.0
PJI,839,35872231,2023,1,1.0
PJI,840,35869901,2022,1,1.0
PJI,841,35860231,2022,1,1.0
PJI,842,35852188,2022,1,1.0
PJI,843,35850706,2022,1,1.0
PJI,844,35848729,2022,1,1.5
PJI,845,35843380,2022,1,1.0
PJI,846,35840076,2022,1,1.0
PJI,847,35819733,2022,1,1.0
PJI,848,35814186,2022,1,1.0
PJI,849,35803521,2022,1,1.0
PJI,850,35803170,2022,1,1.0
PJI,851,35799882,2022,1,1.0
PJI,852,35793797,2022,1,1.0
PJI,853,35790548,2022,1,1.0
PJI,854,35779102,2023,1,3.0
PJI,855,35775176,2022,1,1.0
PJI,856,35774881,2022,1,1.0
PJI,857,35761314,2022,1,1.0
PJI,858,35760346,2022,1,1.0
PJI,859,35759014,2023,1,1.0
PJI,860,35743498,2022,1,1.0
PJI,861,35726882,2022,1,2.0
PJI,862,35715754,2022,1,1.0
PJI,863,35708551,2022,1,1.0
PJI,864,35695030,2022,1,1.0
PJI,865,35692723,2022,1,1.0
PJI,866,35692106,2022,1,1.0
PJI,867,35678842,2022,1,1.0
PJI,868,35678452,2022,1,1.0
PJI,869,35678131,2022,1,1.0
PJI,870,35662991,2022,1,1.0
PJI,871,35660199,2022,1,1.0
PJI,872,35650619,2022,1,1.0
PJI,873,35641790,2022,1,1.0
PJI,874,35638215,2022,1,1.0
PJI,875,35638212,2022,1,1.0
PJI,876,35628857,2022,1,1.0
PJI,877,35626186,2022,1,1.0
PJI,878,35620591,2022,1,1.0
PJI,879,35620353,2022,1,1.0
PJI,880,35612616,2023,1,1.0
PJI,881,35610714,2021,1,1.0
PJI,882,35605966,2023,1,1.0
PJI,883,35604274,2022,1,1.0
PJI,884,35599709,2022,1,1.0
PJI,885,35598760,2022,1,1.0
PJI,886,35597544,2022,1,1.5
PJI,887,35589980,2022,1,1.0
PJI,888,35587935,2022,1,1.0
PJI,889,35578410,2023,1,1.0
PJI,890,35573772,2022,1,1.0
PJI,891,35573522,2022,1,1.0
PJI,892,35569707,2022,1,1.0
PJI,893,35562073,2024,1,2.0
PJI,894,35547099,2022,1,1.0
PJI,895,35537614,2022,1,1.0
PJI,896,35534712,2023,1,2.5
PJI,897,35533824,2022,1,1.0
PJI,898,35533823,2022,1,1.0
PJI,899,35528185,2022,1,1.0
PJI,900,35524793,2022,1,1.0
PJI,901,35510423,2022,1,1.0
PJI,902,35508548,2023,1,1.0
PJI,903,35491573,2022,1,1.0
PJI,904,35477037,2022,1,1.0
PJI,905,35473681,2022,1,1.0
PJI,906,35472436,2022,1,1.0
PJI,907,35471610,2022,1,1.0
PJI,908,35466578,2022,1,1.0
PJI,909,35460813,2022,1,1.0
PJI,910,35456331,2022,1,1.0
PJI,911,35453256,2022,1,1.0
PJI,912,35438009,2023,1,1.0
PJI,913,35420556,2022,1,1.0
PJI,914,35403987,2022,1,1.0
PJI,915,35402147,2022,1,1.0
PJI,916,35394382,2022,1,1.0
PJI,917,35388089,2022,1,1.0
PJI,918,35387676,2022,1,1.0
PJI,919,35382827,2022,1,1.0
PJI,920,35381317,2022,1,1.0
PJI,921,35377531,2022,1,1.0
PJI,922,35366949,2022,1,1.0
PJI,923,35360946,2022,1,1.0
PJI,924,35356501,2022,1,1.0
PJI,925,35355797,2022,1,1.0
PJI,926,35348871,2023,1,1.0
PJI,927,35346149,2022,1,1.0
PJI,928,35329983,2022,1,1.0
PJI,929,35326773,2022,1,1.0
PJI,930,35318097,2022,1,1.0
PJI,931,35314907,2022,1,1.0
PJI,932,35314288,2022,1,2.0
PJI,933,35307528,2022,1,1.0
PJI,934,35294408,2022,1,1.0
PJI,935,35291248,2022,1,1.0
PJI,936,35283230,2022,1,1.0
PJI,937,35276275,2022,1,1.0
PJI,938,35276273,2022,1,1.0
PJI,939,35272710,2022,1,1.0
PJI,940,35259464,2022,1,1.0
PJI,941,35257822,2022,1,1.0
PJI,942,35254794,2022,1,1.0
PJI,943,35252916,2022,1,1.0
PJI,944,35252512,2022,1,1.0
PJI,945,35251904,2022,1,1.0
PJI,946,35248753,2022,1,1.0
PJI,947,35241319,2022,1,1.0
PJI,948,35236484,2021,1,1.0
PJI,949,35236483,2021,1,1.0
PJI,950,35227090,2022,1,1.0
PJI,951,35227074,2022,1,1.0
PJI,952,35224669,2022,1,1.0
PJI,953,35224410,2022,1,1.0
PJI,954,35216567,2022,1,1.0
PJI,955,35210186,2022,1,1.0
PJI,956,35210155,2022,1,1.0
PJI,957,35210153,2022,1,3.0
PJI,958,35210152,2022,1,2.0
PJI,959,35203849,2022,1,1.0
PJI,960,35202755,2022,1,1.0
PJI,961,35202754,2022,1,1.0
PJI,962,35202042,2022,1,1.0
PJI,963,35196567,2022,1,1.0
PJI,964,35189293,2022,1,1.0
PJI,965,35189287,2022,1,1.0
PJI,966,35184932,2022,1,1.0
PJI,967,35182199,2023,1,1.0
PJI,968,35181449,2022,1,1.0
PJI,969,35180180,2022,1,1.0
PJI,970,35176494,2022,1,2.0
PJI,971,35176456,2022,1,1.0
PJI,972,35172424,2021,1,1.0
PJI,973,35167508,2022,1,1.0
PJI,974,35167506,2022,1,1.0
PJI,975,35158006,2022,1,1.0
PJI,976,35151882,2022,1,2.0
PJI,977,35148802,2022,1,1.0
PJI,978,35131392,2022,1,1.0
PJI,979,35129644,2022,1,1.0
PJI,980,35124851,2022,1,1.0
PJI,981,35122946,2022,1,1.0
PJI,982,35118184,2022,1,1.0
PJI,983,35114320,2022,1,1.0
PJI,984,35112961,2022,1,1.0
PJI,985,35109666,2022,1,1.0
PJI,986,35108191,2021,1,1.0
PJI,987,35108185,2021,1,3.0
PJI,988,35106352,2022,1,1.0
PJI,989,35106350,2022,1,1.0
PJI,990,35106333,2021,1,1.0
PJI,991,35098356,2023,1,1.0
PJI,992,35094571,2022,1,1.0
PJI,993,35093542,2022,1,1.0
PJI,994,35091034,2022,1,1.0
PJI,995,35089422,2023,1,1.0
PJI,996,35086474,2022,1,1.0
PJI,997,35077819,2022,1,1.0
PJI,998,35074448,2022,1,2.0
PJI,999,35074446,2022,1,1.0
PJI,1000,35067748,2022,1,1.0
PJI,1001,35066655,2023,1,1.0
PJI,1002,35065213,2022,1,1.0
PJI,1003,35064307,2022,1,1.0
PJI,1004,35054075,2022,1,1.0
PJI,1005,35054068,2022,1,1.0
PJI,1006,35049222,2021,1,1.5
PJI,1007,35047347,2022,1,1.0
PJI,1008,35045839,2022,1,1.0
PJI,1009,35041071,2023,1,1.0
PJI,1010,35033058,2022,1,1.0
PJI,1011,35032871,2022,1,1.0
PJI,1012,35031818,2022,1,1.0
PJI,1013,35028707,2023,1,1.0
PJI,1014,35026366,2022,1,1.0
PJI,1015,35017049,2022,1,1.0
PJI,1016,35011863,2021,1,1.0
PJI,1017,35011776,2021,1,1.0
PJI,1018,34991649,2022,1,1.0
PJI,1019,34984498,2022,1,1.0
PJI,1020,34982202,2023,1,1.0
PJI,1021,34978515,2022,1,1.0
PJI,1022,34977309,2022,1,1.0
PJI,1023,34974983,2022,1,1.0
PJI,1024,34974981,2022,1,1.0
PJI,1025,34972536,2021,1,1.0
PJI,1026,34969292,2022,1,2.0
PJI,1027,34969284,2022,1,1.0
PJI,1028,34969277,2022,1,1.0
PJI,1029,34969267,2022,1,1.0
PJI,1030,34968649,2022,1,1.0
PJI,1031,34967080,2022,1,1.0
PJI,1032,34954018,2022,1,1.0
PJI,1033,34943648,2021,1,1.0
PJI,1034,34942348,2022,1,1.0
PJI,1035,34942347,2022,1,1.0
PJI,1036,34939833,2022,1,1.0
PJI,1037,34939337,2022,1,1.0
PJI,1038,34932508,2022,1,1.0
PJI,1039,34921545,2022,1,1.0
PJI,1040,34908848,2021,1,1.0
PJI,1041,34894718,2021,1,1.0
PJI,1042,34887434,2021,1,1.0
PJI,1043,34883267,2022,1,1.0
PJI,1044,34876010,2021,1,1.0
PJI,1045,34856956,2021,1,1.0
PJI,1046,34853867,2022,1,1.0
PJI,1047,34851871,2022,1,1.0
PJI,1048,34841189,2021,1,1.0
PJI,1049,34840982,2021,1,1.0
PJI,1050,34824733,2021,1,1.0
PJI,1051,34822929,2022,1,1.0
PJI,1052,34819056,2021,1,1.0
PJI,1053,34812921,2022,1,1.0
PJI,1054,34812138,2021,1,3.0
PJI,1055,34808734,2021,1,1.5
PJI,1056,34804677,2021,1,1.0
PJI,1057,34793889,2022,1,1.0
PJI,1058,34783888,2022,1,1.0
PJI,1059,34781709,2021,1,1.0
PJI,1060,34772430,2021,1,1.0
PJI,1061,34768706,2021,1,1.0
PJI,1062,34768700,2021,1,1.0
PJI,1063,34768504,2021,1,1.0
PJI,1064,34767911,2022,1,1.0
PJI,1065,34767910,2022,1,1.0
PJI,1066,34766086,2021,1,1.0
PJI,1067,34763048,2022,1,1.0
PJI,1068,34761306,2022,1,1.0
PJI,1069,39649056,2024,1,1.0
PJI,1070,34753193,2023,1,1.0
PJI,1071,34746981,2022,1,1.0
PJI,1072,34745845,2021,1,1.0
PJI,1073,34745478,2021,1,1.0
PJI,1074,34742874,2022,1,1.0
PJI,1075,34740790,2022,1,1.0
PJI,1076,34738592,2021,1,1.0
PJI,1077,34723789,2021,1,1.0
PJI,1078,34719276,2021,1,1.0
PJI,1079,34719265,2021,1,1.0
PJI,1080,34716766,2022,1,1.0
PJI,1081,34714391,2023,1,1.0
PJI,1082,34699410,2022,1,1.0
PJI,1083,34693787,2023,1,1.0
PJI,1084,34683181,2021,1,1.0
PJI,1085,34680758,2021,1,1.0
PJI,1086,34680726,2021,1,1.0
PJI,1087,34678445,2022,1,1.0
PJI,1088,34677662,2022,1,1.5
PJI,1089,34666806,2021,1,1.0
PJI,1090,34660864,2021,1,1.0
PJI,1091,34659488,2021,1,1.0
PJI,1092,34657163,2022,1,1.0
PJI,1093,34648923,2022,1,1.0
PJI,1094,34648464,2022,1,1.0
PJI,1095,34646921,2021,1,1.0
PJI,1096,34624507,2022,1,1.0
PJI,1097,34622431,2021,1,1.0
PJI,1098,34619309,2022,1,1.0
PJI,1099,34619306,2022,1,1.0
PJI,1100,34616767,2021,1,1.0
PJI,1101,34595546,2023,1,1.0
PJI,1102,34593961,2021,1,1.0
PJI,1103,34592839,2021,1,1.0
PJI,1104,34572721,2021,1,1.0
PJI,1105,34572655,2021,1,1.0
PJI,1106,34570745,2021,1,1.0
PJI,1107,34563436,2022,1,1.0
PJI,1108,34563434,2022,1,1.0
PJI,1109,34555458,2022,1,1.0
PJI,1110,34547427,2022,1,1.0
PJI,1111,34543238,2022,1,2.0
PJI,1112,34536150,2021,1,1.0
PJI,1113,34535109,2021,1,1.0
PJI,1114,34529395,2021,1,1.0
PJI,1115,34525989,2021,1,1.0
PJI,1116,34524216,2021,1,1.0
PJI,1117,34520562,2023,1,1.0
PJI,1118,34518895,2022,1,1.0
PJI,1119,34518057,2021,1,1.0
PJI,1120,34518056,2021,1,1.0
PJI,1121,34513570,2021,1,1.0
PJI,1122,34509512,2021,1,2.0
PJI,1123,34504922,2021,1,1.0
PJI,1124,34500431,2021,1,1.0
PJI,1125,34487240,2023,1,1.0
PJI,1126,34479655,2021,1,1.0
PJI,1127,34454632,2021,1,1.0
PJI,1128,34453205,2022,1,1.0
PJI,1129,34436658,2021,1,1.0
PJI,1130,34432330,2022,1,1.0
PJI,1131,34432098,2023,1,2.5
PJI,1132,34419314,2021,1,1.0
PJI,1133,34409845,2021,1,1.0
PJI,1134,34406077,2021,1,1.0
PJI,1135,34395178,2021,1,1.0
PJI,1136,34389497,2022,1,1.0
PJI,1137,34388995,2021,1,1.0
PJI,1138,34384360,2021,1,1.5
PJI,1139,34381855,2021,1,1.0
PJI,1140,34377629,2021,1,1.0
PJI,1141,34375998,2023,1,1.0
PJI,1142,34372816,2021,1,1.0
PJI,1143,34366301,2022,1,1.0
PJI,1144,34362030,2021,1,1.0
PJI,1145,34340666,2021,1,1.0
PJI,1146,34338839,2021,1,1.0
PJI,1147,34337971,2021,1,1.0
PJI,1148,34334036,2021,1,2.0
PJI,1149,34326421,2021,1,1.0
PJI,1150,34325049,2022,1,1.5
PJI,1151,34314395,2021,1,1.0
PJI,1152,34305348,2021,1,1.0
PJI,1153,34292384,2021,1,1.0
PJI,1154,34281702,2021,1,1.0
PJI,1155,34259887,2021,1,1.0
PJI,1156,34254869,2021,1,1.0
PJI,1157,34250926,2022,1,1.0
PJI,1158,34247508,2021,1,1.0
PJI,1159,34244827,2022,1,2.0
PJI,1160,34242939,2021,1,1.0
PJI,1161,34238622,2021,1,1.0
PJI,1162,34238620,2021,1,1.0
PJI,1163,34229942,2021,1,1.0
PJI,1164,34224945,2021,1,1.0
PJI,1165,34215605,2021,1,1.0
PJI,1166,34207165,2021,1,1.0
PJI,1167,34196592,2021,1,1.0
PJI,1168,34195314,2021,1,1.0
PJI,1169,34194654,2021,1,1.0
PJI,1170,34192931,2021,1,1.0
PJI,1171,34192910,2021,1,1.0
PJI,1172,34192904,2021,1,1.0
PJI,1173,34192901,2021,1,1.0
PJI,1174,34191091,2021,1,1.0
PJI,1175,34187066,2023,1,1.0
PJI,1176,34182506,2021,1,1.0
PJI,1177,34181479,2021,1,1.0
PJI,1178,34172035,2021,1,1.0
PJI,1179,34159220,2021,1,1.0
PJI,1180,34159047,2021,1,1.0
PJI,1181,34159046,2021,1,1.0
PJI,1182,34153008,2021,1,1.5
PJI,1183,34142445,2021,1,2.0
PJI,1184,34129907,2022,1,1.0
PJI,1185,34123550,2021,1,1.0
PJI,1186,34118906,2021,1,1.0
PJI,1187,34116912,2021,1,1.0
PJI,1188,34099349,2021,1,1.0
PJI,1189,34097122,2023,1,1.0
PJI,1190,34089882,2021,1,1.0
PJI,1191,34088568,2021,1,1.0
PJI,1192,34087272,2021,1,1.0
PJI,1193,34084706,2021,1,1.0
PJI,1194,34084699,2021,1,1.0
PJI,1195,34084696,2021,1,1.0
PJI,1196,34084695,2021,1,1.0
PJI,1197,34078354,2021,1,1.5
PJI,1198,34064002,2021,1,1.0
PJI,1199,34063771,2021,1,1.0
PJI,1200,34061486,2021,1,1.0
PJI,1201,34060985,2021,1,1.0
PJI,1202,34058865,2021,1,1.0
PJI,1203,34056504,2021,1,1.0
PJI,1204,34055817,2021,1,1.0
PJI,1205,34055474,2020,1,1.0
PJI,1206,34053749,2021,1,1.0
PJI,1207,34053300,2021,1,1.0
PJI,1208,34053286,2021,1,1.0
PJI,1209,34053285,2021,1,1.0
PJI,1210,34053280,2021,1,1.0
PJI,1211,34053275,2021,1,1.0
PJI,1212,34053274,2021,1,1.0
PJI,1213,34053273,2021,1,1.0
PJI,1214,34041332,2021,1,1.0
PJI,1215,34041248,2021,1,1.0
PJI,1216,34040084,2021,1,1.0
PJI,1217,34039208,2021,1,1.0
PJI,1218,34039203,2021,1,1.0
PJI,1219,34039201,2021,1,1.0
PJI,1220,34038396,2021,1,1.0
PJI,1221,34014434,2021,1,2.0
PJI,1222,34006302,2021,1,1.0
PJI,1223,34003026,2021,1,1.0
PJI,1224,34000754,2021,1,1.0
PJI,1225,33992479,2021,1,1.0
PJI,1226,33991236,2022,1,1.0
PJI,1227,33991235,2022,1,1.0
PJI,1228,33985549,2021,1,1.0
PJI,1229,33974575,2021,1,1.0
PJI,1230,33966858,2021,1,1.0
PJI,1231,33962585,2021,1,1.0
PJI,1232,33956170,2021,1,1.0
PJI,1233,33947473,2021,1,1.0
PJI,1234,33946115,2023,1,1.0
PJI,1235,33944811,2021,1,1.0
PJI,1236,33934949,2021,1,1.0
PJI,1237,33934662,2021,1,1.0
PJI,1238,33934659,2021,1,1.0
PJI,1239,33933331,2021,1,1.0
PJI,1240,33929986,2021,1,1.5
PJI,1241,33920619,2021,1,1.0
PJI,1242,33895302,2021,1,1.0
PJI,1243,33895298,2021,1,1.0
PJI,1244,33895127,2021,1,1.0
PJI,1245,33893531,2021,1,1.0
PJI,1246,33863329,2021,1,1.0
PJI,1247,33859919,2021,1,1.0
PJI,1248,33849048,2021,1,2.0
PJI,1249,33840543,2021,1,1.0
PJI,1250,33830953,2021,1,1.5
PJI,1251,33829307,2021,1,1.0
PJI,1252,33819605,2021,1,2.0
PJI,1253,33814266,2021,1,1.0
PJI,1254,33812714,2021,1,1.0
PJI,1255,33812091,2021,1,1.0
PJI,1256,33809212,2021,1,1.0
PJI,1257,33807001,2021,1,1.0
PJI,1258,33806309,2021,1,1.0
PJI,1259,33804988,2021,1,1.0
PJI,1260,33800299,2021,1,1.0
PJI,1261,33795812,2021,1,1.0
PJI,1262,33789475,2021,1,1.0
PJI,1263,33789200,2021,1,1.0
PJI,1264,33789199,2021,1,1.0
PJI,1265,33787554,2021,1,1.0
PJI,1266,33783636,2021,1,1.0
PJI,1267,33781690,2021,1,1.0
PJI,1268,33780403,2021,1,1.0
PJI,1269,33775885,2021,1,1.0
PJI,1270,33774191,2021,1,1.0
PJI,1271,33768722,2021,1,2.0
PJI,1272,33768276,2022,1,1.0
PJI,1273,33750744,2021,1,1.0
PJI,1274,33750632,2021,1,1.0
PJI,1275,33750631,2021,1,1.0
PJI,1276,33748644,2021,1,1.0
PJI,1277,33748374,2021,1,1.0
PJI,1278,33748371,2021,1,1.0
PJI,1279,33747378,2021,1,1.0
PJI,1280,33745797,2021,1,1.0
PJI,1281,33739000,2020,1,1.0
PJI,1282,33718555,2021,1,1.0
PJI,1283,33717908,2021,1,1.0
PJI,1284,33717223,2021,1,1.0
PJI,1285,33714632,2021,1,1.0
PJI,1286,33711497,2021,1,1.0
PJI,1287,33692196,2021,1,1.0
PJI,1288,33680782,2021,1,1.0
PJI,1289,33676815,2021,1,1.0
PJI,1290,33676477,2021,1,1.0
PJI,1291,33668957,2021,1,1.0
PJI,1292,33666673,2021,1,1.0
PJI,1293,33666386,2021,1,1.0
PJI,1294,33665275,2021,1,1.0
PJI,1295,33664369,2021,1,1.0
PJI,1296,33660047,2021,1,1.0
PJI,1297,33648841,2021,1,1.0
PJI,1298,33632579,2021,1,1.0
PJI,1299,33628779,2021,1,1.5
PJI,1300,33622904,2021,1,1.0
PJI,1301,33620172,2021,1,1.0
PJI,1302,33619607,2021,1,1.0
PJI,1303,33610410,2021,1,1.0
PJI,1304,33609642,2021,1,1.0
PJI,1305,33603316,2021,1,1.0
PJI,1306,33602312,2021,1,1.0
PJI,1307,33601967,2022,1,1.0
PJI,1308,33594902,2022,1,1.0
PJI,1309,33581975,2021,1,3.0
PJI,1310,33579630,2021,1,1.0
PJI,1311,33579629,2021,1,1.5
PJI,1312,33571655,2021,1,1.0
PJI,1313,33564916,2022,1,1.5
PJI,1314,33562828,2021,1,1.0
PJI,1315,33559723,2021,1,1.0
PJI,1316,33558046,2021,1,1.0
PJI,1317,33553196,2020,1,1.0
PJI,1318,33551610,2021,1,1.0
PJI,1319,33548396,2021,1,1.0
PJI,1320,33546952,2021,1,1.0
PJI,1321,33543876,2021,1,2.0
PJI,1322,33540460,2022,1,1.0
PJI,1323,33537672,2021,1,1.0
PJI,1324,33526394,2021,1,1.0
PJI,1325,33522920,2021,1,1.0
PJI,1326,33521200,2021,1,1.0
PJI,1327,33517765,2021,1,1.0
PJI,1328,33515325,2022,1,1.0
PJI,1329,33515323,2021,1,1.0
PJI,1330,33511588,2022,1,1.0
PJI,1331,33509845,2021,1,3.0
PJI,1332,33509246,2021,1,2.0
PJI,1333,33504458,2021,1,1.0
PJI,1334,33493616,2021,1,1.0
PJI,1335,33492869,2021,1,2.5
PJI,1336,33456357,2021,1,1.0
PJI,1337,33455434,2021,1,1.0
PJI,1338,33447818,2020,1,1.0
PJI,1339,33436902,2021,1,2.5
PJI,1340,33435442,2021,1,1.0
PJI,1341,33433635,2021,1,1.0
PJI,1342,33428481,2021,1,1.0
PJI,1343,33422392,2021,1,1.0
PJI,1344,33403065,2020,1,1.0
PJI,1345,33390338,2021,1,1.0
PJI,1346,33389732,2022,1,1.0
PJI,1347,33388890,2021,1,1.0
PJI,1348,33388203,2021,1,1.0
PJI,1349,33385037,2020,1,1.0
PJI,1350,33385034,2020,1,1.0
PJI,1351,33380207,2021,1,2.0
PJI,1352,33380202,2021,1,1.0
PJI,1353,33380194,2021,1,1.0
PJI,1354,33376924,2020,1,1.0
PJI,1355,33374817,2020,1,1.0
PJI,1356,33367280,2020,1,1.0
PJI,1357,33362995,2020,1,1.0
PJI,1358,33359944,2021,1,2.0
PJI,1359,33352213,2021,1,1.0
PJI,1360,33349496,2021,1,1.0
PJI,1361,33343718,2020,1,1.0
PJI,1362,33317706,2021,1,1.0
PJI,1363,33306153,2022,1,1.0
PJI,1364,33305875,2021,1,2.0
PJI,1365,33300545,2021,1,2.0
PJI,1366,33296742,2021,1,1.0
PJI,1367,33291550,2020,1,1.0
PJI,1368,33281021,2021,1,1.0
PJI,1369,33280159,2021,1,1.0
PJI,1370,33277711,2021,1,1.0
PJI,1371,33274024,2020,1,1.0
PJI,1372,33263831,2020,1,1.0
PJI,1373,33256773,2020,1,1.0
PJI,1374,33252589,2021,1,1.0
PJI,1375,33252587,2021,1,1.0
PJI,1376,33249903,2020,1,1.0
PJI,1377,33248455,2020,1,1.0
PJI,1378,33247312,2021,1,1.0
PJI,1379,33241953,2022,1,1.0
PJI,1380,33241448,2021,1,1.0
PJI,1381,33240727,2020,1,1.0
PJI,1382,33231280,2022,1,1.0
PJI,1383,33203455,2020,1,2.0
PJI,1384,33202289,2020,1,1.0
PJI,1385,33198531,2021,1,1.0
PJI,1386,33190995,2021,1,1.0
PJI,1387,33179324,2021,1,1.0
PJI,1388,33178708,2020,1,1.0
PJI,1389,33178480,2020,1,1.0
PJI,1390,33174643,2021,1,1.0
PJI,1391,33170352,2020,1,1.0
PJI,1392,33163843,2020,1,1.0
PJI,1393,33162276,2021,1,1.0
PJI,1394,33160807,2021,1,1.0
PJI,1395,33127239,2021,1,1.0
PJI,1396,33121848,2021,1,1.0
PJI,1397,33098596,2021,1,2.0
PJI,1398,33096203,2021,1,2.0
PJI,1399,33092199,2020,1,1.0
PJI,1400,33083860,2021,1,1.0
PJI,1401,33079900,2021,1,2.0
PJI,1402,33076900,2020,1,1.0
PJI,1403,33067093,2021,1,1.0
PJI,1404,33066104,2020,1,1.0
PJI,1405,33059964,2021,1,2.0
PJI,1406,33054816,2020,1,1.0
PJI,1407,33050640,2020,1,1.0
PJI,1408,33036842,2021,1,2.0
PJI,1409,33028348,2020,1,1.0
PJI,1410,33017799,2021,1,1.0
PJI,1411,33012599,2021,1,1.0
PJI,1412,33011012,2021,1,1.0
PJI,1413,33005398,2020,1,1.0
PJI,1414,33002183,2020,1,2.0
PJI,1415,33002175,2020,1,1.0
PJI,1416,33002069,2020,1,1.0
PJI,1417,32999554,2020,1,1.0
PJI,1418,32999550,2020,1,1.0
PJI,1419,32998728,2020,1,1.0
PJI,1420,32995412,2020,1,1.0
PJI,1421,32994109,2020,1,1.0
PJI,1422,32993826,2021,1,1.0
PJI,1423,32993705,2020,1,2.0
PJI,1424,32984749,2020,1,1.0
PJI,1425,32981773,2021,1,1.0
PJI,1426,32981379,2022,1,1.0
PJI,1427,32951925,2021,1,1.0
PJI,1428,32950374,2020,1,1.0
PJI,1429,32943318,2021,1,1.0
PJI,1430,32942335,2022,1,1.0
PJI,1431,32937252,2020,1,1.0
PJI,1432,32933797,2021,1,1.0
PJI,1433,32927683,2020,1,1.0
PJI,1434,32922756,2020,1,1.0
PJI,1435,32922701,2020,1,1.0
PJI,1436,32921073,2020,1,1.0
PJI,1437,32917464,2021,1,1.0
PJI,1438,32907429,2020,1,1.0
PJI,1439,32907427,2020,1,1.0
PJI,1440,32907426,2020,1,1.0
PJI,1441,32907419,2020,1,1.0
PJI,1442,32906158,2022,1,1.0
PJI,1443,32898907,2022,1,1.0
PJI,1444,32893061,2021,1,1.0
PJI,1445,32891487,2020,1,1.0
PJI,1446,32890681,2021,1,1.0
PJI,1447,32890041,2020,1,1.0
PJI,1448,32888752,2021,1,1.0
PJI,1449,32887615,2020,1,1.0
PJI,1450,32887457,2020,1,1.0
PJI,1451,32867801,2020,1,1.0
PJI,1452,32864114,2020,1,1.0
PJI,1453,32863076,2021,1,1.0
PJI,1454,32856092,2021,1,1.0
PJI,1455,32854365,2020,1,1.0
PJI,1456,32853788,2021,1,1.0
PJI,1457,32852333,2021,1,1.0
PJI,1458,32843254,2021,1,1.0
PJI,1459,32843208,2020,1,1.0
PJI,1460,32840382,2022,1,1.0
PJI,1461,32826664,2021,1,1.0
PJI,1462,32803918,2020,1,1.0
PJI,1463,32799924,2020,1,2.5
PJI,1464,32798125,2021,1,1.0
PJI,1465,32792204,2021,1,1.0
PJI,1466,32778418,2021,1,1.0
PJI,1467,32777947,2022,1,1.0
PJI,1468,32773272,2021,1,1.0
PJI,1469,32769601,2020,1,1.0
PJI,1470,32761433,2020,1,1.0
PJI,1471,32758379,2020,1,1.0
PJI,1472,32745086,2020,1,1.0
PJI,1473,32739083,2020,1,1.0
PJI,1474,32731820,2020,1,2.0
PJI,1475,32727656,2020,1,1.0
PJI,1476,32721535,2020,1,1.0
PJI,1477,32713726,2020,1,1.0
PJI,1478,32712786,2020,1,1.0
PJI,1479,32712505,2020,1,1.0
PJI,1480,32712119,2020,1,1.0
PJI,1481,32711872,2020,1,1.0
PJI,1482,32709562,2020,1,1.0
PJI,1483,32708756,2020,1,1.0
PJI,1484,32698642,2020,1,1.5
PJI,1485,32694027,2020,1,1.0
PJI,1486,32691485,2020,1,1.0
PJI,1487,32682594,2020,1,1.0
PJI,1488,32671435,2021,1,1.0
PJI,1489,32667753,2020,1,2.0
PJI,1490,32665159,2020,1,1.0
PJI,1491,32662957,2020,1,1.0
PJI,1492,32662956,2020,1,1.0
PJI,1493,32660599,2020,1,1.0
PJI,1494,32660587,2020,1,1.0
PJI,1495,32659814,2022,1,1.0
PJI,1496,32654942,2020,1,1.0
PJI,1497,32644213,2020,1,1.0
PJI,1498,32641879,2020,1,1.0
PJI,1499,32639225,2020,1,1.0
PJI,1500,32637519,2020,1,1.0
PJI,1501,32631730,2020,1,1.0
PJI,1502,32624380,2020,1,1.0
PJI,1503,32618813,2021,1,1.0
PJI,1504,32617307,2020,1,1.0
PJI,1505,32600194,2020,1,2.0
PJI,1506,32600143,2020,1,1.0
PJI,1507,32600135,2020,1,1.0
PJI,1508,32585959,2020,1,1.0
PJI,1509,32577486,2020,1,1.0
PJI,1510,32573261,2022,1,1.0
PJI,1511,32566717,2020,1,1.0
PJI,1512,32566455,2020,1,1.0
PJI,1513,32566453,2020,1,1.0
PJI,1514,32566451,2020,1,1.0
PJI,1515,32566448,2020,1,1.0
PJI,1516,32566143,2020,1,1.0
PJI,1517,32566141,2020,1,1.0
PJI,1518,32564969,2020,1,1.0
PJI,1519,32561262,2020,1,1.0
PJI,1520,32556384,2020,1,1.0
PJI,1521,32555089,2020,1,2.0
PJI,1522,32546394,2020,1,1.0
PJI,1523,32542450,2020,1,1.0
PJI,1524,32540305,2020,1,1.0
PJI,1525,32538176,2022,1,1.0
PJI,1526,32538159,2022,1,1.0
PJI,1527,32507450,2020,1,1.0
PJI,1528,32493292,2020,1,1.5
PJI,1529,32490767,2020,1,1.0
PJI,1530,32484406,2022,1,1.0
PJI,1531,32482477,2020,1,2.0
PJI,1532,32475287,2020,1,1.0
PJI,1533,32475286,2020,1,1.0
PJI,1534,32475283,2020,1,1.0
PJI,1535,32475280,2020,1,1.0
PJI,1536,32475278,2020,1,3.0
PJI,1537,32475264,2020,1,1.0
PJI,1538,32467789,2020,1,1.0
PJI,1539,32461024,2020,1,1.0
PJI,1540,32460850,2020,1,1.0
PJI,1541,32455099,2020,1,1.0
PJI,1542,32455098,2020,1,1.0
PJI,1543,32454521,2020,1,1.0
PJI,1544,32451282,2020,1,1.0
PJI,1545,32449081,2020,1,1.0
PJI,1546,32449080,2020,1,1.0
PJI,1547,32448756,2020,1,1.0
PJI,1548,32446625,2020,1,1.0
PJI,1549,32444587,2020,1,1.0
PJI,1550,32424439,2021,1,1.0
PJI,1551,32418318,2020,1,1.0
PJI,1552,32417046,2020,1,1.0
PJI,1553,32402579,2020,1,1.0
PJI,1554,32392595,2021,1,1.0
PJI,1555,32381446,2020,1,1.0
PJI,1556,32379118,2020,1,3.0
PJI,1557,32376167,2020,1,1.0
PJI,1558,32359166,2020,1,1.0
PJI,1559,32358410,2020,1,1.0
PJI,1560,32349594,2020,1,1.5
PJI,1561,32334898,2020,1,1.0
PJI,1562,32334610,2020,1,1.0
PJI,1563,32330974,2021,1,1.0
PJI,1564,32328932,2020,1,1.0
PJI,1565,32326577,2020,1,1.0
PJI,1566,32322941,2021,1,1.0
PJI,1567,32317140,2020,1,1.0
PJI,1568,32296968,2021,1,1.0
PJI,1569,32296908,2020,1,1.0
PJI,1570,32296477,2020,1,1.0
PJI,1571,32289383,2020,1,1.0
PJI,1572,32284220,2020,1,1.5
PJI,1573,32284208,2020,1,1.0
PJI,1574,32282286,2020,1,1.0
PJI,1575,32281770,2020,1,1.0
PJI,1576,32279946,2020,1,1.0
PJI,1577,32269008,2020,1,1.0
PJI,1578,32269007,2020,1,1.0
PJI,1579,32247677,2020,1,1.0
PJI,1580,32247676,2020,1,1.0
PJI,1581,32247671,2020,1,1.0
PJI,1582,32229149,2020,1,1.0
PJI,1583,32228597,2020,1,1.0
PJI,1584,32228083,2020,1,1.5
PJI,1585,32228079,2020,1,1.0
PJI,1586,32220483,2020,1,1.0
PJI,1587,32209286,2020,1,2.0
PJI,1588,32192834,2020,1,1.0
PJI,1589,32192832,2020,1,1.0
PJI,1590,32189947,2020,1,1.0
PJI,1591,32173618,2020,1,1.0
PJI,1592,32172315,2020,1,1.0
PJI,1593,32160487,2020,1,1.5
PJI,1594,32147342,2020,1,1.0
PJI,1595,32133538,2020,1,1.0
PJI,1596,32131100,2021,1,1.0
PJI,1597,32131097,2021,1,1.0
PJI,1598,32131096,2021,1,1.0
PJI,1599,32126841,2021,1,1.0
PJI,1600,32122626,2021,1,1.0
PJI,1601,32117689,2020,1,1.0
PJI,1602,32117688,2020,1,1.0
PJI,1603,32117683,2020,1,1.0
PJI,1604,32114816,2020,1,2.0
PJI,1605,32114807,2020,1,1.0
PJI,1606,32100898,2020,1,1.5
PJI,1607,32095896,2020,1,1.0
PJI,1608,32089975,2020,1,1.0
PJI,1609,32079872,2020,1,1.0
PJI,1610,32075029,2020,1,1.0
PJI,1611,32074655,2021,1,1.0
PJI,1612,32061477,2020,1,1.0
PJI,1613,32053936,2020,1,1.0
PJI,1614,32051782,2019,1,1.0
PJI,1615,32046834,2020,1,1.0
PJI,1616,32046833,2020,1,1.0
PJI,1617,32046832,2020,1,1.0
PJI,1618,32046831,2020,1,1.0
PJI,1619,32046829,2020,1,1.0
PJI,1620,32025115,2020,1,1.0
PJI,1621,32017721,2020,1,1.0
PJI,1622,32001983,2020,1,1.0
PJI,1623,31995337,2020,1,1.0
PJI,1624,31983566,2020,1,1.0
PJI,1625,31982919,2020,1,1.0
PJI,1626,31977899,2020,1,2.0
PJI,1627,31969360,2020,1,3.0
PJI,1628,31966962,2019,1,1.0
PJI,1629,31966956,2019,1,1.0
PJI,1630,31960169,2020,1,1.0
PJI,1631,31958890,2020,1,1.0
PJI,1632,31948812,2020,1,1.0
PJI,1633,31934926,2020,1,2.0
PJI,1634,31932102,2020,1,1.0
PJI,1635,31929911,2019,1,1.0
PJI,1636,31924518,2020,1,1.0
PJI,1637,31911095,2020,1,1.0
PJI,1638,31902617,2020,1,1.0
PJI,1639,31900576,2020,1,1.0
PJI,1640,31900512,2020,1,1.0
PJI,1641,31899740,2020,1,1.0
PJI,1642,31899088,2020,1,1.0
PJI,1643,31888226,2019,1,1.0
PJI,1644,31886393,2019,1,1.0
PJI,1645,31881851,2019,1,1.0
PJI,1646,31879158,2020,1,1.0
PJI,1647,31878949,2019,1,2.0
PJI,1648,31877337,2020,1,1.0
PJI,1649,31870581,2020,1,1.0
PJI,1650,31868953,2020,1,1.0
PJI,1651,31865446,2020,1,1.0
PJI,1652,31855870,2020,1,1.0
PJI,1653,31855128,2020,1,1.0
PJI,1654,31848104,2020,1,1.0
PJI,1655,31848077,2020,1,1.0
PJI,1656,31832172,2019,1,1.0
PJI,1657,31830947,2019,1,1.0
PJI,1658,31821283,2019,1,1.5
PJI,1659,31820093,2020,1,1.0
PJI,1660,31815653,2019,1,3.0
PJI,1661,31813812,2020,1,1.0
PJI,1662,31806507,2020,1,1.0
PJI,1663,31805018,2019,1,1.0
PJI,1664,31801510,2019,1,3.0
PJI,1665,35240761,2019,1,1.0
PJI,1666,31797030,2020,1,1.0
PJI,1667,31785964,2020,1,1.0
PJI,1668,31783874,2019,1,2.0
PJI,1669,31766882,2021,1,1.0
PJI,1670,31759801,2020,1,1.0
PJI,1671,31750083,2019,1,1.0
PJI,1672,31746228,2021,1,1.0
PJI,1673,31737739,2019,1,1.0
PJI,1674,31737738,2019,1,1.0
PJI,1675,31735489,2020,1,1.0
PJI,1676,31722855,2020,1,1.0
PJI,1677,31711522,2019,1,1.0
PJI,1678,31708294,2020,1,1.0
PJI,1679,31700771,2019,1,1.0
PJI,1680,31679975,2020,1,1.0
PJI,1681,31679665,2019,1,1.0
PJI,1682,31658475,2019,1,2.5
PJI,1683,31658206,2020,1,2.0
PJI,1684,31640899,2020,1,1.0
PJI,1685,31611161,2020,1,1.0
PJI,1686,31609889,2020,1,1.0
PJI,1687,31596808,2020,1,1.0
PJI,1688,31587184,2019,1,1.0
PJI,1689,31578679,2020,1,1.0
PJI,1690,31575448,2020,1,3.0
PJI,1691,31567542,2020,1,1.0
PJI,1692,31555507,2019,1,1.0
PJI,1693,31555503,2019,1,1.0
PJI,1694,31548115,2020,1,1.0
PJI,1695,35240758,2019,1,1.0
PJI,1696,31537996,2019,1,1.0
PJI,1697,31537994,2019,1,1.0
PJI,1698,31533935,2019,1,1.0
PJI,1699,31530462,2020,1,1.0
PJI,1700,31526698,2020,1,1.0
PJI,1701,31516983,2019,1,1.0
PJI,1702,31516979,2019,1,1.0
PJI,1703,31516972,2019,1,1.0
PJI,1704,31488935,2019,1,1.0
PJI,1705,31474144,2019,1,2.0
PJI,1706,31471183,2020,1,1.0
PJI,1707,31451184,2019,1,1.0
PJI,1708,31447253,2019,1,1.0
PJI,1709,31432205,2019,1,1.0
PJI,1710,31424017,2019,1,1.0
PJI,1711,31424013,2019,1,1.0
PJI,1712,31417928,2019,1,1.0
PJI,1713,31412841,2019,1,1.0
PJI,1714,31389725,2019,1,1.0
PJI,1715,31378510,2019,1,2.0
PJI,1716,35240762,2019,1,1.0
PJI,1717,31363471,2019,1,1.0
PJI,1718,31362542,2019,1,2.5
PJI,1719,31358018,2019,1,2.0
PJI,1720,31351856,2019,1,1.0
PJI,1721,31335719,2019,1,1.5
PJI,1722,31323104,2019,1,1.0
PJI,1723,31321457,2020,1,1.0
PJI,1724,31319141,2019,1,2.0
PJI,1725,31316589,2019,1,1.0
PJI,1726,31300367,2019,1,1.0
PJI,1727,31300186,2019,1,1.0
PJI,1728,31297577,2020,1,1.0
PJI,1729,31292698,2019,1,1.5
PJI,1730,31285090,2019,1,1.0
PJI,1731,31279603,2019,1,2.0
PJI,1732,31268424,2019,1,2.0
PJI,1733,31266692,2019,1,1.0
PJI,1734,31266691,2019,1,1.0
PJI,1735,31255409,2019,1,1.0
PJI,1736,31240360,2020,1,1.0
PJI,1737,31221181,2019,1,1.0
PJI,1738,31220022,2019,1,1.0
PJI,1739,31210788,2019,1,1.0
PJI,1740,31210644,2019,1,1.0
PJI,1741,31192024,2019,1,1.0
PJI,1742,31187256,2019,1,1.0
PJI,1743,31186968,2019,1,1.0
PJI,1744,31185124,2019,1,2.0
PJI,1745,31182410,2019,1,1.0
PJI,1746,31182408,2019,1,1.0
PJI,1747,31178386,2019,1,1.0
PJI,1748,31177970,2019,1,1.0
PJI,1749,31155460,2019,1,1.0
PJI,1750,31154838,2019,1,2.0
PJI,1751,31146570,2019,1,1.5
PJI,1752,31146553,2019,1,1.5
PJI,1753,31136438,2019,1,1.5
PJI,1754,31136437,2019,1,1.0
PJI,1755,31135547,2019,1,1.0
PJI,1756,31122850,2019,1,1.0
PJI,1757,31113411,2019,1,1.0
PJI,1758,31108503,2019,1,1.0
PJI,1759,31106353,2019,1,3.0
PJI,1760,31088508,2019,1,1.0
PJI,1761,31070495,2019,1,1.0
PJI,1762,31069072,2019,1,1.0
PJI,1763,31064725,2019,1,1.0
PJI,1764,31060919,2019,1,1.0
PJI,1765,31060079,2020,1,1.0
PJI,1766,31047841,2019,1,1.5
PJI,1767,31039037,2019,1,1.0
PJI,1768,31038999,2019,1,1.0
PJI,1769,31038988,2019,1,1.0
PJI,1770,31020031,2019,1,1.0
PJI,1771,31017566,2019,1,1.0
PJI,1772,31011514,2019,1,1.0
PJI,1773,31011513,2019,1,1.0
PJI,1774,31011511,2019,1,1.0
PJI,1775,31011508,2019,1,1.0
PJI,1776,31005559,2019,1,1.5
PJI,1777,31000405,2019,1,1.0
PJI,1778,30998585,2019,1,1.0
PJI,1779,30994592,2019,1,1.0
PJI,1780,30994587,2019,1,1.0
PJI,1781,30977885,2019,1,1.5
PJI,1782,30977879,2019,1,1.5
PJI,1783,30977872,2019,1,1.5
PJI,1784,30975479,2019,1,1.0
PJI,1785,30968239,2019,1,1.0
PJI,1786,30963071,2019,1,1.0
PJI,1787,30959544,2020,1,2.0
PJI,1788,30952552,2019,1,1.0
PJI,1789,30946196,2019,1,1.0
PJI,1790,30946195,2019,1,1.0
PJI,1791,30946192,2019,1,2.0
PJI,1792,30938200,2019,1,2.0
PJI,1793,30936951,2019,1,1.0
PJI,1794,30930157,2019,1,1.0
PJI,1795,30930152,2019,1,1.0
PJI,1796,30929495,2019,1,1.0
PJI,1797,30922806,2019,1,1.0
PJI,1798,30906119,2019,1,1.0
PJI,1799,30905640,2019,1,1.0
PJI,1800,30905639,2019,1,1.0
PJI,1801,30893266,2019,1,1.0
PJI,1802,30887067,2019,1,2.0
PJI,1803,30879874,2019,1,1.0
PJI,1804,30872035,2019,1,1.0
PJI,1805,30866970,2019,1,1.5
PJI,1806,30857953,2019,1,1.0
PJI,1807,30837099,2019,1,2.5
PJI,1808,30832636,2019,1,2.0
PJI,1809,30826164,2019,1,2.0
PJI,1810,30824295,2019,1,1.0
PJI,1811,30811358,2019,1,2.0
PJI,1812,30794242,2018,1,1.0
PJI,1813,30794239,2018,1,1.0
PJI,1814,30794230,2019,1,1.0
PJI,1815,30794227,2019,1,1.0
PJI,1816,30794225,2019,1,1.0
PJI,1817,30778724,2019,1,2.0
PJI,1818,30769135,2019,1,1.0
PJI,1819,30740938,2019,1,1.0
PJI,1820,30736777,2019,1,1.0
PJI,1821,30735807,2019,1,2.0
PJI,1822,30730484,2019,1,1.0
PJI,1823,30730483,2019,1,1.0
PJI,1824,30713059,2019,1,1.5
PJI,1825,30712069,2019,1,1.0
PJI,1826,30704448,2019,1,1.0
PJI,1827,30702418,2019,1,1.0
PJI,1828,30700114,2019,1,1.0
PJI,1829,30691920,2019,1,1.0
PJI,1830,30669912,2019,1,2.0
PJI,1831,30665833,2019,1,1.5
PJI,1832,30662818,2018,1,1.0
PJI,1833,30659319,2019,1,1.0
PJI,1834,30656472,2019,1,1.0
PJI,1835,30652221,2019,1,1.0
PJI,1836,30637303,2018,1,1.0
PJI,1837,30601418,2019,1,1.0
PJI,1838,30601412,2019,1,1.0
PJI,1839,30600122,2019,1,1.5
PJI,1840,30594575,2019,1,1.0
PJI,1841,30566107,2019,1,2.0
PJI,1842,30560174,2018,1,1.0
PJI,1843,30552970,2019,1,1.0
PJI,1844,30551780,2019,1,2.0
PJI,1845,30545653,2019,1,3.0
PJI,1846,30541933,2019,1,1.5
PJI,1847,30533595,2018,1,1.0
PJI,1848,30533346,2018,1,1.0
PJI,1849,30527896,2019,1,1.0
PJI,1850,30505410,2018,1,1.0
PJI,1851,30471785,2019,1,2.0
PJI,1852,30443674,2019,1,1.0
PJI,1853,30430376,2019,1,1.5
PJI,1854,30416943,2018,1,1.0
PJI,1855,30415463,2019,1,1.0
PJI,1856,30414610,2018,1,1.5
PJI,1857,30406131,2018,1,1.0
PJI,1858,30401558,2019,1,1.0
PJI,1859,30396205,2019,1,1.0
PJI,1860,30383527,2018,1,1.0
PJI,1861,30374639,2019,1,2.0
PJI,1862,30364023,2018,1,2.0
PJI,1863,30350019,2019,1,1.0
PJI,1864,30348572,2019,1,1.0
PJI,1865,30348566,2019,1,1.0
PJI,1866,30348563,2019,1,1.0
PJI,1867,30348557,2019,1,1.0
PJI,1868,30348553,2019,1,1.0
PJI,1869,30348550,2019,1,1.0
PJI,1870,30343965,2019,1,1.0
PJI,1871,30312529,2019,1,1.0
PJI,1872,30293858,2019,1,1.0
PJI,1873,30281077,2019,1,2.0
PJI,1874,30276449,2019,1,1.0
PJI,1875,30268355,2019,1,2.0
PJI,1876,30266444,2019,1,1.0
PJI,1877,30266398,2019,1,1.0
PJI,1878,30258571,2018,1,1.0
PJI,1879,30258325,2018,1,1.0
PJI,1880,30237670,2018,1,1.0
PJI,1881,30236495,2018,1,1.0
PJI,1882,30233819,2018,1,1.0
PJI,1883,30232525,2019,1,1.0
PJI,1884,30229341,2018,1,1.0
PJI,1885,30224100,2018,1,1.0
PJI,1886,30192830,2018,1,1.0
PJI,1887,30187096,2019,1,2.0
PJI,1888,30182141,2018,1,1.5
PJI,1889,30181007,2019,1,1.0
PJI,1890,30180056,2018,1,1.5
PJI,1891,30179927,2018,1,2.0
PJI,1892,30168769,2018,1,1.0
PJI,1893,30165763,2018,1,1.0
PJI,1894,30159324,2018,1,1.0
PJI,1895,30157882,2018,1,1.0
PJI,1896,30152610,2018,1,1.0
PJI,1897,30150154,2018,1,1.0
PJI,1898,30112681,2019,1,1.0
PJI,1899,30104101,2018,1,1.0
PJI,1900,30100137,2018,1,1.0
PJI,1901,30100135,2018,1,1.0
PJI,1902,30100134,2018,1,1.0
PJI,1903,30093606,2018,1,1.0
PJI,1904,30072185,2018,1,1.0
PJI,1905,30056097,2018,1,1.5
PJI,1906,30054812,2018,1,2.0
PJI,1907,30045830,2018,1,1.0
PJI,1908,30035117,2018,1,1.0
PJI,1909,30022230,2019,1,1.0
PJI,1910,30020150,2018,1,1.0
PJI,1911,30013896,2018,1,1.0
PJI,1912,30013892,2018,1,1.0
PJI,1913,30010488,2018,1,1.0
PJI,1914,30009171,2018,1,1.0
PJI,1915,30006109,2018,1,1.0
PJI,1916,29991149,2018,1,1.0
PJI,1917,29972076,2018,1,1.0
PJI,1918,29969950,2018,1,1.0
PJI,1919,29942159,2018,1,1.0
PJI,1920,29927991,2018,1,1.0
PJI,1921,29922852,2018,1,1.0
PJI,1922,29916927,2018,1,1.0
PJI,1923,29916191,2019,1,1.0
PJI,1924,29907913,2019,1,1.0
PJI,1925,29891399,2018,1,1.0
PJI,1926,29887359,2018,1,1.0
PJI,1927,29885971,2018,1,1.0
PJI,1928,29881219,2018,1,1.0
PJI,1929,29881161,2018,1,1.0
PJI,1930,29870449,2018,1,1.0
PJI,1931,29868943,2018,1,1.0
PJI,1932,29866503,2018,1,1.0
PJI,1933,29855250,2018,1,1.0
PJI,1934,29855245,2018,1,1.0
PJI,1935,29853307,2018,1,2.0
PJI,1936,29807787,2018,1,1.0
PJI,1937,29803842,2019,1,1.0
PJI,1938,29778657,2018,1,1.0
PJI,1939,29746950,2018,1,2.0
PJI,1940,29715553,2019,1,2.0
PJI,1941,29715226,2018,1,1.0
PJI,1942,29715222,2018,1,1.0
PJI,1943,29706257,2018,1,1.0
PJI,1944,29695923,2018,1,1.0
PJI,1945,29691181,2018,1,1.0
PJI,1946,29643202,2018,1,2.0
PJI,1947,29637295,2018,1,1.0
PJI,1948,29636249,2018,1,1.0
PJI,1949,29636248,2018,1,1.0
PJI,1950,29631860,2018,1,1.0
PJI,1951,29628696,2018,1,1.0
PJI,1952,29627258,2018,1,1.0
PJI,1953,29619553,2018,1,1.0
PJI,1954,29610010,2018,1,1.0
PJI,1955,29610009,2018,1,1.0
PJI,1956,29605153,2018,1,1.0
PJI,1957,29573912,2018,1,1.0
PJI,1958,29572037,2018,1,1.0
PJI,1959,29572036,2018,1,1.0
PJI,1960,29560398,2018,1,1.0
PJI,1961,29560397,2018,1,1.0
PJI,1962,29555498,2018,1,1.0
PJI,1963,29551303,2018,1,2.0
PJI,1964,29549387,2018,1,2.0
PJI,1965,29545994,2018,1,1.0
PJI,1966,29544969,2018,1,2.0
PJI,1967,29540099,2018,1,1.0
PJI,1968,29532449,2018,1,1.0
PJI,1969,29530521,2018,1,1.0
PJI,1970,29529700,2018,1,1.0
PJI,1971,29529667,2018,1,1.0
PJI,1972,29526331,2018,1,1.0
PJI,1973,29508664,2018,1,1.0
PJI,1974,29503100,2018,1,1.0
PJI,1975,29503078,2018,1,1.0
PJI,1976,29502963,2018,1,2.0
PJI,1977,29472140,2018,1,1.0
PJI,1978,29470235,2018,1,1.0
PJI,1979,29455937,2018,1,1.0
PJI,1980,29452973,2018,1,2.0
PJI,1981,29451943,2018,1,1.0
PJI,1982,29444666,2018,1,1.0
PJI,1983,29435622,2018,1,1.0
PJI,1984,29432263,2018,1,1.5
PJI,1985,29430604,2018,1,2.0
PJI,1986,29397413,2018,1,2.0
PJI,1987,29395719,2018,1,1.0
PJI,1988,29389759,2018,1,1.0
PJI,1989,29389758,2018,1,3.0
PJI,1990,29383856,2018,1,1.5
PJI,1991,29382603,2018,1,1.0
PJI,1992,29368238,2018,1,1.0
PJI,1993,29366392,2018,1,1.0
PJI,1994,29363518,2018,1,1.0
PJI,1995,29352690,2018,1,1.0
PJI,1996,29352435,2018,1,1.0
PJI,1997,29344701,2018,1,1.0
PJI,1998,29342496,2018,1,1.0
PJI,1999,29342065,2018,1,1.0
PJI,2000,29340736,2019,1,1.0
PJI,2001,29310922,2018,1,1.0
PJI,2002,29310919,2018,1,1.0
PJI,2003,29305426,2018,1,1.0
PJI,2004,29305046,2018,1,1.0
PJI,2005,29298259,2018,1,1.0
PJI,2006,29292333,2018,1,2.5
PJI,2007,29288184,2017,1,3.0
PJI,2008,29286460,2017,1,1.0
PJI,2009,29277515,2018,1,1.5
PJI,2010,29275114,2018,1,1.0
PJI,2011,29273290,2018,1,1.0
PJI,2012,29249326,2018,1,1.0
PJI,2013,29243060,2018,1,1.0
PJI,2014,29224989,2018,1,1.0
PJI,2015,29218685,2018,1,1.0
PJI,2016,29201302,2017,1,2.0
PJI,2017,29191466,2018,1,1.0
PJI,2018,29188677,2017,1,1.0
PJI,2019,29188172,2017,1,1.0
PJI,2020,29178982,2018,1,1.0
PJI,2021,29174408,2018,1,1.0
PJI,2022,29147744,2018,1,1.0
PJI,2023,29137901,2018,1,1.0
PJI,2024,29132347,2017,1,2.0
PJI,2025,29129618,2018,1,1.0
PJI,2026,29119076,2017,1,1.0
PJI,2027,29107499,2018,1,1.0
PJI,2028,29103776,2018,1,1.0
PJI,2029,29103074,2018,1,1.0
PJI,2030,29097373,2018,1,1.0
PJI,2031,29092988,2017,1,1.5
PJI,2032,29092987,2017,1,1.0
PJI,2033,29083362,2017,1,1.0
PJI,2034,29075808,2018,1,1.0
PJI,2035,29067626,2017,1,1.0
PJI,2036,29048688,2018,1,1.0
PJI,2037,29037535,2018,1,1.0
PJI,2038,29033158,2018,1,2.0
PJI,2039,29032478,2018,1,1.0
PJI,2040,29020266,2018,1,1.0
PJI,2041,28988303,2018,1,2.0
PJI,2042,28983214,2017,1,1.0
PJI,2043,28958659,2018,1,1.0
PJI,2044,28932957,2018,1,2.0
PJI,2045,28915961,2017,1,1.0
PJI,2046,28913404,2017,1,1.0
PJI,2047,28876459,2018,1,1.0
PJI,2048,28874245,2017,1,1.0
PJI,2049,28872523,2017,1,1.0
PJI,2050,28865425,2017,1,1.0
PJI,2051,28860397,2017,1,2.0
PJI,2052,28844629,2018,1,1.0
PJI,2053,28823593,2017,1,2.5
PJI,2054,28811108,2017,1,1.0
PJI,2055,28797875,2017,1,2.0
PJI,2056,28791884,2018,1,2.0
PJI,2057,28790468,2017,1,1.0
PJI,2058,28773989,2016,1,1.0
PJI,2059,32793759,2017,1,1.0
PJI,2060,28731488,2017,1,1.0
PJI,2061,28714050,2018,1,2.0
PJI,2062,28712799,2017,1,2.0
PJI,2063,28698316,2017,1,1.5
PJI,2064,28690039,2017,1,1.0
PJI,2065,28668678,2018,1,1.0
PJI,2066,28652437,2017,1,1.0
PJI,2067,28646360,2017,1,2.0
PJI,2068,28642256,2017,1,1.0
PJI,2069,28623686,2017,1,1.0
PJI,2070,28622842,2017,1,1.0
PJI,2071,28606121,2017,1,1.0
PJI,2072,28585995,2017,1,1.0
PJI,2073,28578840,2017,1,2.0
PJI,2074,28573549,2017,1,2.0
PJI,2075,28566786,2017,1,1.0
PJI,2076,28550428,2017,1,1.0
PJI,2077,28543707,2018,1,2.0
PJI,2078,28543702,2018,1,1.0
PJI,2079,28540146,2017,1,1.0
PJI,2080,28532409,2017,1,2.0
PJI,2081,28529867,2017,1,1.0
PJI,2082,28529855,2016,1,1.0
PJI,2083,28529849,2016,1,1.0
PJI,2084,28529848,2016,1,1.0
PJI,2085,28529343,2017,1,1.0
PJI,2086,28526202,2017,1,1.0
PJI,2087,28526023,2017,1,2.5
PJI,2088,28516223,2017,1,2.0
PJI,2089,28506674,2017,1,2.0
PJI,2090,28503214,2016,1,1.0
PJI,2091,28488017,2017,1,1.0
PJI,2092,28484579,2016,1,1.0
PJI,2093,28483211,2017,1,1.0
PJI,2094,28479056,2017,1,1.0
PJI,2095,28478188,2017,1,1.0
PJI,2096,28473963,2017,1,1.0
PJI,2097,28464821,2017,1,1.5
PJI,2098,28463919,2017,1,2.0
PJI,2099,28456562,2017,1,1.0
PJI,2100,28456558,2017,1,1.0
PJI,2101,28455476,2017,1,1.5
PJI,2102,28455475,2017,1,1.0
PJI,2103,28455474,2017,1,1.0
PJI,2104,28455470,2017,1,1.0
PJI,2105,28436397,2017,1,1.0
PJI,2106,28436379,2017,1,1.0
PJI,2107,28434697,2017,1,1.0
PJI,2108,28434696,2017,1,1.0
PJI,2109,28418574,2017,1,1.5
PJI,2110,28403859,2017,1,1.0
PJI,2111,28389865,2017,1,1.0
PJI,2112,28385345,2017,1,1.0
PJI,2113,28384558,2017,1,1.0
PJI,2114,28372917,2017,1,1.0
PJI,2115,28372916,2017,1,1.0
PJI,2116,28343870,2017,1,1.5
PJI,2117,28339315,2017,1,1.0
PJI,2118,28332761,2017,1,1.0
PJI,2119,28318862,2017,1,1.0
PJI,2120,28295126,2017,1,1.0
PJI,2121,28287012,2017,1,2.0
PJI,2122,28285036,2017,1,1.0
PJI,2123,28259167,2017,1,1.0
PJI,2124,28249975,2017,1,1.0
PJI,2125,28236552,2017,1,1.0
PJI,2126,28236084,2017,1,2.0
PJI,2127,28236080,2017,1,1.0
PJI,2128,28215967,2017,1,1.0
PJI,2129,30229209,2017,1,1.0
PJI,2130,28182821,2017,1,1.0
PJI,2131,28162880,2017,1,1.0
PJI,2132,28129484,2017,1,1.0
PJI,2133,28115247,2017,1,1.0
PJI,2134,28091802,2017,1,1.0
PJI,2135,28087166,2017,1,1.0
PJI,2136,28083755,2017,1,2.0
PJI,2137,28074774,2017,1,1.0
PJI,2138,28065627,2017,1,1.0
PJI,2139,28065625,2017,1,2.0
PJI,2140,28054327,2017,1,1.0
PJI,2141,28053260,2017,1,2.0
PJI,2142,28053259,2017,1,2.0
PJI,2143,28050296,2016,1,1.0
PJI,2144,28032700,2016,1,1.0
PJI,2145,28027814,2017,1,1.0
PJI,2146,28018092,2016,1,1.0
PJI,2147,27993444,2017,1,2.0
PJI,2148,27986623,2017,1,1.0
PJI,2149,27925502,2017,1,1.0
PJI,2150,27911455,2017,1,2.0
PJI,2151,27876465,2017,1,1.0
PJI,2152,27838014,2017,1,1.0
PJI,2153,27833769,2016,1,1.0
PJI,2154,27816369,2017,1,1.0
PJI,2155,27807152,2017,1,1.5
PJI,2156,27803221,2016,1,1.0
PJI,2157,27789094,2017,1,2.0
PJI,2158,27546866,2016,1,1.0
PJI,2159,27769073,2016,1,1.0
PJI,2160,27387172,2016,1,1.0
PJI,2161,27215191,2016,1,1.0
PJI,2162,26332762,2016,1,1.0
PJI,2163,27734146,2016,1,1.0
PJI,2164,27720413,2017,1,1.0
PJI,2165,27689557,2017,1,1.0
PJI,2166,27682068,2016,1,3.0
PJI,2167,27680718,2017,1,1.0
PJI,2168,27672013,2017,1,1.0
PJI,2169,27658856,2016,1,1.0
PJI,2170,27650276,2017,1,1.0
PJI,2171,27646832,2017,1,1.0
PJI,2172,27605689,2016,1,1.0
PJI,2173,27583925,2016,1,1.5
PJI,2174,27567914,2016,1,1.0
PJI,2175,27562787,2016,1,2.0
PJI,2176,27562546,2016,1,1.0
PJI,2177,27549423,2016,1,1.0
PJI,2178,27528869,2016,1,1.0
PJI,2179,27514634,2017,1,1.0
PJI,2180,27503696,2017,1,1.0
PJI,2181,27497462,2016,1,1.0
PJI,2182,27489323,2016,1,1.0
PJI,2183,27482018,2016,1,1.0
PJI,2184,27449715,2017,1,1.0
PJI,2185,27446310,2016,1,1.0
PJI,2186,27444849,2016,1,1.0
PJI,2187,27436498,2017,1,2.0
PJI,2188,27402604,2016,1,1.0
PJI,2189,27387759,2017,1,3.0
PJI,2190,27366173,2016,1,1.0
PJI,2191,27359283,2016,1,1.0
PJI,2192,27343056,2017,1,1.5
PJI,2193,27334323,2016,1,1.0
PJI,2194,27329580,2016,1,1.0
PJI,2195,27249955,2016,1,2.0
PJI,2196,27226691,2016,1,1.0
PJI,2197,27174065,2016,1,1.0
PJI,2198,27172366,2016,1,1.0
PJI,2199,27132531,2016,1,2.0
PJI,2200,27132530,2016,1,1.0
PJI,2201,27123818,2016,1,1.0
PJI,2202,27113946,2016,1,1.0
PJI,2203,27105139,2016,1,1.0
PJI,2204,27101774,2016,1,2.0
PJI,2205,27094243,2016,1,2.5
PJI,2206,27094240,2016,1,1.0
PJI,2207,27093862,2017,1,1.0
PJI,2208,27062354,2016,1,1.0
PJI,2209,27053803,2016,1,1.0
PJI,2210,27036925,2016,1,1.0
PJI,2211,27019271,2015,1,1.0
PJI,2212,27017334,2016,1,1.0
PJI,2213,27017206,2016,1,1.0
PJI,2214,27015812,2016,1,2.0
PJI,2215,26994651,2016,1,1.0
PJI,2216,26963072,2017,1,1.0
PJI,2217,26951549,2016,1,1.0
PJI,2218,26948131,2016,1,2.0
PJI,2219,26920958,2016,1,1.0
PJI,2220,26920956,2016,1,1.5
PJI,2221,26904527,2015,1,1.0
PJI,2222,26883420,2016,1,3.0
PJI,2223,26874447,2016,1,1.0
PJI,2224,26869061,2016,1,1.0
PJI,2225,26868114,2016,1,2.5
PJI,2226,26865683,2016,1,2.0
PJI,2227,26830838,2016,1,1.0
PJI,2228,26821692,2016,1,1.0
PJI,2229,26796778,2016,1,1.0
PJI,2230,28529844,2016,1,1.0
PJI,2231,26777546,2016,1,1.0
PJI,2232,26757939,2016,1,1.0
PJI,2233,26733637,2016,1,1.0
PJI,2234,26733067,2016,1,2.0
PJI,2235,26718779,2016,1,1.0
PJI,2236,26703194,2016,1,1.0
PJI,2237,26692244,2016,1,1.0
PJI,2238,26689583,2016,1,2.0
PJI,2239,26686498,2016,1,1.0
PJI,2240,26665252,2015,1,1.0
PJI,2241,26644124,2015,1,2.0
PJI,2242,26631285,2016,1,1.0
PJI,2243,26587060,2015,1,1.0
PJI,2244,26545577,2016,1,1.0
PJI,2245,26521130,2016,1,1.5
PJI,2246,26495248,2015,1,1.0
PJI,2247,26432673,2016,1,1.0
PJI,2248,26421600,2016,1,2.0
PJI,2249,26414972,2016,1,2.0
PJI,2250,26414110,2016,1,2.0
PJI,2251,26408993,2016,1,1.0
PJI,2252,26395472,2015,1,1.0
PJI,2253,26387125,2016,1,1.0
PJI,2254,26378265,2015,1,2.0
PJI,2255,26350385,2015,1,1.0
PJI,2256,26330591,2015,1,1.0
PJI,2257,26330590,2015,1,1.5
PJI,2258,26304510,2016,1,1.0
PJI,2259,26280978,2015,1,1.0
PJI,2260,26280681,2016,1,1.0
PJI,2261,26279625,2015,1,1.0
PJI,2262,26279499,2015,1,1.0
PJI,2263,26253269,2016,1,1.0
PJI,2264,26246256,2015,1,2.0
PJI,2265,26241469,2015,1,1.0
PJI,2266,26224611,2016,1,1.5
PJI,2267,26183140,2016,1,1.0
PJI,2268,26178890,2015,1,1.0
PJI,2269,26154882,2015,1,1.5
PJI,2270,26130349,2015,1,1.0
PJI,2271,26100256,2016,1,1.0
PJI,2272,26096072,2015,1,1.0
PJI,2273,26091228,2015,1,1.0
PJI,2274,26084830,2015,1,1.0
PJI,2275,26064901,2015,1,1.0
PJI,2276,26060606,2015,1,1.0
PJI,2277,26040966,2016,1,1.5
PJI,2278,26021312,2015,1,1.5
PJI,2279,26013149,2015,1,2.0
PJI,2280,25959106,2015,1,1.5
PJI,2281,25949746,2015,1,1.0
PJI,2282,25935234,2015,1,1.0
PJI,2283,25922125,2015,1,1.0
PJI,2284,25865815,2015,1,1.0
PJI,2285,25845948,2015,1,1.0
PJI,2286,25829328,2016,1,1.0
PJI,2287,25820839,2015,1,1.0
PJI,2288,25817184,2015,1,1.0
PJI,2289,25800641,2015,1,1.0
PJI,2290,25775739,2015,1,1.0
PJI,2291,25769740,2015,1,1.0
PJI,2292,25762781,2015,1,1.0
PJI,2293,25753311,2015,1,1.0
PJI,2294,25750905,2014,1,1.0
PJI,2295,25729519,2015,1,1.0
PJI,2296,25728568,2015,1,2.0
PJI,2297,25723705,2015,1,1.0
PJI,2298,25695985,2015,1,2.0
PJI,2299,25690169,2015,1,1.5
PJI,2300,25676891,2015,1,1.0
PJI,2301,25672257,2015,1,1.0
PJI,2302,25670655,2015,1,1.0
PJI,2303,25658716,2015,1,1.5
PJI,2304,25648058,2015,1,1.0
PJI,2305,25631172,2015,1,1.5
PJI,2306,25628278,2015,1,1.0
PJI,2307,25595360,2015,1,1.0
PJI,2308,25568416,2015,1,1.5
PJI,2309,25568412,2015,1,2.0
PJI,2310,25568396,2015,1,1.0
PJI,2311,25560958,2015,1,1.0
PJI,2312,25499119,2015,1,1.0
PJI,2313,25467934,2015,1,1.0
PJI,2314,25467789,2015,1,2.0
PJI,2315,27536586,2014,1,1.0
PJI,2316,25428415,2014,1,1.0
PJI,2317,25416208,2015,1,1.0
PJI,2318,25410511,2014,1,2.5
PJI,2319,25381411,2014,1,1.0
PJI,2320,25328467,2014,1,1.0
PJI,2321,25320195,2014,1,1.0
PJI,2322,25317311,2014,1,1.0
PJI,2323,25277762,2015,1,1.0
PJI,2324,25271290,2014,1,1.0
PJI,2325,25261284,2014,1,2.5
PJI,2326,25232084,2014,1,2.0
PJI,2327,25205371,2014,1,1.0
PJI,2328,25180846,2014,1,1.5
PJI,2329,25171935,2015,1,1.0
PJI,2330,25155137,2014,1,1.0
PJI,2331,25124809,2014,1,1.0
PJI,2332,25117573,2014,1,1.0
PJI,2333,25081508,2014,1,2.0
PJI,2334,25077990,2015,1,1.0
PJI,2335,25070920,2014,1,2.0
PJI,2336,25068844,2015,1,1.0
PJI,2337,25044048,2014,1,1.0
PJI,2338,25025886,2014,1,1.0
PJI,2339,25024028,2015,1,2.0
PJI,2340,24992055,2014,1,1.0
PJI,2341,24963476,2014,1,1.0
PJI,2342,24963358,2014,1,1.0
PJI,2343,24943469,2014,1,2.0
PJI,2344,24923669,2015,1,2.0
PJI,2345,24891575,2014,1,1.5
PJI,2346,24885168,2014,1,2.5
PJI,2347,24867449,2015,1,1.0
PJI,2348,24861245,2014,1,1.0
PJI,2349,24851790,2014,1,1.0
PJI,2350,24851788,2014,1,1.0
PJI,2351,24827968,2014,1,1.0
PJI,2352,24811854,2015,1,1.0
PJI,2353,24798194,2014,1,1.0
PJI,2354,24741380,2014,1,1.0
PJI,2355,24737149,2014,1,1.0
PJI,2356,24695918,2014,1,1.5
PJI,2357,24692616,2014,1,1.5
PJI,2358,24692611,2014,1,2.0
PJI,2359,24664829,2014,1,1.0
PJI,2360,24658903,2014,1,1.0
PJI,2361,24638215,2014,1,2.0
PJI,2362,24586496,2014,1,1.0
PJI,2363,24581900,2014,1,1.0
PJI,2364,24566888,2014,1,1.0
PJI,2365,24482620,2014,1,1.0
PJI,2366,24474624,2014,1,1.0
PJI,2367,24461248,2014,1,1.0
PJI,2368,24426866,2013,1,1.0
PJI,2369,24418770,2014,1,1.0
PJI,2370,24399349,2013,1,1.0
PJI,2371,24352771,2013,1,1.0
PJI,2372,24257683,2014,1,1.0
PJI,2373,24199997,2014,1,1.0
PJI,2374,24192225,2013,1,1.0
PJI,2375,24187360,2013,1,1.0
PJI,2376,24187359,2013,1,1.0
PJI,2377,24142302,2014,1,2.0
PJI,2378,24133317,2013,1,1.0
PJI,2379,24064293,2015,1,1.0
PJI,2380,24011668,2013,1,1.0
PJI,2381,24005202,2013,1,1.0
PJI,2382,23990969,2013,1,1.0
PJI,2383,23932758,2014,1,1.0
PJI,2384,23917317,2013,1,1.0
PJI,2385,23904245,2013,1,2.0
PJI,2386,23898353,2013,1,1.0
PJI,2387,23893822,2013,1,1.0
PJI,2388,23890832,2014,1,1.0
PJI,2389,23874252,2012,1,1.0
PJI,2390,23851647,2013,1,1.5
PJI,2391,23775450,2013,1,2.0
PJI,2392,23707344,2014,1,1.0
PJI,2393,23690154,2013,1,1.0
PJI,2394,23683515,2014,1,1.0
PJI,2395,23658273,2013,1,2.0
PJI,2396,23645338,2014,1,1.0
PJI,2397,23633187,2014,1,3.0
PJI,2398,23633184,2013,1,1.0
PJI,2399,23609811,2013,1,1.0
PJI,2400,23587491,2013,1,1.0
PJI,2401,23568679,2013,1,2.0
PJI,2402,23553300,2013,1,2.5
PJI,2403,23540539,2013,1,1.0
PJI,2404,23539710,2013,1,1.0
PJI,2405,23499404,2013,1,1.0
PJI,2406,23480104,2013,1,2.0
PJI,2407,23318615,2012,1,1.0
PJI,2408,24624484,2013,1,1.0
PJI,2409,23146367,2012,1,1.0
PJI,2410,23138701,2012,1,2.0
PJI,2411,26662756,2012,1,1.0
PJI,2412,23097026,2013,1,1.0
PJI,2413,23084482,2012,1,2.0
PJI,2414,23083433,2012,1,1.0
PJI,2415,23065873,2012,1,2.0
PJI,2416,22992877,2012,1,2.0
PJI,2417,22987265,2012,1,1.0
PJI,2418,22983683,2013,1,1.0
PJI,2419,22908174,2012,1,3.0
PJI,2420,22893669,2012,1,1.0
PJI,2421,22841381,2012,1,2.0
PJI,2422,22806261,2013,1,1.5
PJI,2423,22733184,2012,1,1.0
PJI,2424,22708114,2012,1,1.0
PJI,2425,22682043,2013,1,1.0
PJI,2426,22608689,2012,1,2.0
PJI,2427,22560655,2012,1,1.0
PJI,2428,22554729,2012,1,1.0
PJI,2429,22552769,2012,1,1.0
PJI,2430,22543180,2012,1,1.0
PJI,2431,22538959,2012,1,1.0
PJI,2432,22529086,2012,1,1.0
PJI,2433,22489892,2012,1,1.0
PJI,2434,22451336,2012,1,2.0
PJI,2435,22402229,2012,1,1.0
PJI,2436,22386605,2012,1,1.0
PJI,2437,22302655,2012,1,2.0
PJI,2438,22258769,2011,1,2.0
PJI,2439,22233936,2012,1,1.0
PJI,2440,22159856,2011,1,2.0
PJI,2441,22135023,2012,1,1.0
PJI,2442,22124526,2012,1,1.0
PJI,2443,21866421,2011,1,1.0
PJI,2444,21851478,2011,1,2.0
PJI,2445,21786056,2012,1,2.0
PJI,2446,21751038,2011,1,2.0
PJI,2447,21671078,2011,1,1.0
PJI,2448,21641762,2011,1,1.0
PJI,2449,21621955,2011,1,2.0
PJI,2450,21570803,2011,1,1.0
PJI,2451,21565806,2011,1,1.5
PJI,2452,21543562,2011,1,1.5
PJI,2453,21365337,2011,1,1.0
PJI,2454,21359591,2011,1,1.0
PJI,2455,21131917,2011,1,1.0
PJI,2456,20965101,2010,1,1.0
PJI,2457,20839679,2010,1,1.0
PJI,2458,20825439,2011,1,1.0
PJI,2459,20669762,2010,1,1.0
PJI,2460,20635512,2010,1,1.0
PJI,2461,20570479,2010,1,2.0
PJI,2462,20540962,2010,1,1.0
PJI,2463,20419507,2011,1,1.0
PJI,2464,20349859,2010,1,1.0
PJI,2465,20300903,2010,1,1.0
PJI,2466,20165935,2010,1,2.0
PJI,2467,20053693,2010,1,1.0
PJI,2468,19691430,2009,1,1.0
PJI,2469,19669386,2010,1,1.0
PJI,2470,19525087,2009,1,1.0
PJI,2471,19493644,2009,1,1.0
PJI,2472,19408061,2009,1,1.0
PJI,2473,19241115,2009,1,1.0
PJI,2474,19035425,2008,1,2.0
PJI,2475,18937579,2008,1,1.0
PJI,2476,18832459,2008,1,1.5
PJI,2477,18789633,2009,1,1.0
PJI,2478,18781372,2008,1,2.0
PJI,2479,18754743,2008,1,1.0
PJI,2480,18644107,2008,1,1.0
PJI,2481,18444859,2008,1,1.0
PJI,2482,18437847,2008,1,1.5
PJI,2483,18421538,2008,1,1.0
PJI,2484,17918072,2007,0,1.0
PJI,2485,17699815,2007,0,2.0
PJI,2486,17418419,2007,0,1.0
PJI,2487,16983605,2006,0,1.0
PJI,2488,16856967,2006,0,1.0
PJI,2489,16466894,2006,0,1.0
PJI,2490,16355332,2006,0,1.0
PJI,2491,16205135,2005,0,1.0
PJI,2492,16170403,2005,0,1.0
PJI,2493,15705640,2005,0,1.0
PJI,2494,15465503,2004,0,1.0
PJI,2495,15461890,2004,0,1.0
PJI,2496,12966277,2003,0,1.0
PJI,2497,12715311,2003,0,1.0
PJI,2498,10810483,2000,0,2.0
ACS,0,39989693,2025,0,1.0
ACS,1,39944730,2024,1,1.0
ACS,2,39808584,2024,1,1.0
ACS,3,39797154,2024,1,1.0
ACS,4,39719651,2024,1,1.0
ACS,5,39711887,2024,1,1.0
ACS,6,39708229,2024,1,1.5
ACS,7,39704858,2024,1,1.0
ACS,8,39703728,2025,0,1.0
ACS,9,39669045,2024,1,1.0
ACS,10,39669038,2024,1,1.0
ACS,11,39668421,2026,0,2.0
ACS,12,39663302,2025,0,1.0
ACS,13,39662373,2025,0,1.0
ACS,14,39653431,2025,0,1.5
ACS,15,39649062,2024,1,1.0
ACS,16,39649060,2024,1,1.0
ACS,17,39637603,2025,0,1.0
ACS,18,39618523,2024,1,1.0
ACS,19,39587634,2024,1,1.0
ACS,20,39578884,2024,1,1.0
ACS,21,39576135,2025,0,1.0
ACS,22,39559972,2024,1,1.0
ACS,23,39482931,2025,0,1.0
ACS,24,39471760,2024,1,1.0
ACS,25,39434455,2025,0,1.0
ACS,26,39432120,2025,0,2.0
ACS,27,39407848,2024,1,1.0
ACS,28,39381279,2024,1,1.0
ACS,29,39367457,2024,1,1.0
ACS,30,39341722,2025,0,1.0
ACS,31,39320667,2024,1,2.0
ACS,32,39317599,2024,1,3.0
ACS,33,39305834,2024,1,1.0
ACS,34,39251201,2024,1,1.0
ACS,35,39235618,2024,1,1.0
ACS,36,39214881,2024,1,1.0
ACS,37,39193403,2024,1,1.0
ACS,38,39166609,2024,1,1.0
ACS,39,39160890,2024,1,1.0
ACS,40,39143675,2024,1,1.0
ACS,41,39138669,2024,1,1.0
ACS,42,39077299,2024,1,1.0
ACS,43,39070876,2024,1,1.0
ACS,44,39028252,2024,1,1.0
ACS,45,39021084,2024,1,1.0
ACS,46,39017929,2024,1,1.0
ACS,47,39009971,2024,1,1.0
ACS,48,39006125,2024,1,1.0
ACS,49,38991785,2024,1,1.0
ACS,50,38981358,2024,1,1.0
ACS,51,38969914,2024,1,1.0
ACS,52,38960901,2024,1,2.0
ACS,53,38941266,2025,0,1.0
ACS,54,38930622,2024,1,1.0
ACS,55,38929737,2024,1,1.0
ACS,56,38924563,2024,1,1.0
ACS,57,38897069,2024,1,2.0
ACS,58,38881409,2024,1,1.0
ACS,59,38874669,2024,1,1.0
ACS,60,38869344,2024,1,1.0
ACS,61,38853742,2024,1,1.0
ACS,62,38841048,2024,1,1.0
ACS,63,38819489,2024,1,1.0
ACS,64,38804837,2024,1,1.0
ACS,65,38794858,2024,1,1.0
ACS,66,38793059,2024,1,1.0
ACS,67,38782365,2024,1,1.5
ACS,68,38739294,2024,1,1.0
ACS,69,38723910,2024,1,1.0
ACS,70,38716912,2024,1,2.0
ACS,71,38707942,2024,1,1.0
ACS,72,38694644,2024,1,1.0
ACS,73,38690978,2024,1,1.0
ACS,74,38666189,2024,1,1.0
ACS,75,38643123,2024,1,1.0
ACS,76,38640595,2024,1,2.0
ACS,77,38623265,2024,1,1.0
ACS,78,38593603,2024,1,1.0
ACS,79,38590003,2025,0,1.0
ACS,80,38561722,2024,1,1.0
ACS,81,38552955,2024,1,1.0
ACS,82,38533159,2024,1,1.0
ACS,83,38506391,2024,1,1.0
ACS,84,38501573,2024,1,1.0
ACS,85,38498026,2024,1,1.0
ACS,86,38494170,2024,1,1.0
ACS,87,38466820,2024,1,2.0
ACS,88,38448942,2024,1,1.0
ACS,89,38433801,2024,1,1.0
ACS,90,38372690,2024,1,1.0
ACS,91,38371210,2024,1,1.0
ACS,92,38368158,2024,1,2.0
ACS,93,38353196,2023,1,1.0
ACS,94,38348363,2024,1,1.0
ACS,95,38313878,2024,1,1.0
ACS,96,38307694,2024,1,1.0
ACS,97,38301807,2024,1,1.0
ACS,98,38291485,2024,1,1.0
ACS,99,38291453,2024,1,1.0
ACS,100,38286678,2023,1,1.0
ACS,101,38282098,2024,1,1.0
ACS,102,38281889,2024,1,1.0
ACS,103,38257617,2024,1,1.0
ACS,104,38249782,2024,1,1.0
ACS,105,38244251,2024,1,1.0
ACS,106,38236095,2023,1,3.0
ACS,107,38199074,2024,1,1.0
ACS,108,38193578,2024,1,1.0
ACS,109,38164839,2023,1,1.0
ACS,110,38124260,2024,1,1.0
ACS,111,38103807,2024,1,2.0
ACS,112,38084741,2025,0,1.0
ACS,113,38084004,2024,1,1.0
ACS,114,38059216,2024,1,1.0
ACS,115,38052507,2023,1,1.0
ACS,116,38050601,2023,1,1.0
ACS,117,38026770,2023,1,1.0
ACS,118,38023645,2023,1,1.0
ACS,119,37987864,2023,1,1.0
ACS,120,37977555,2024,1,1.0
ACS,121,37973030,2023,1,1.5
ACS,122,37964317,2023,1,1.0
ACS,123,37948268,2023,1,1.0
ACS,124,37907364,2023,1,1.0
ACS,125,37890523,2024,1,1.0
ACS,126,37861668,2023,1,1.0
ACS,127,37849453,2022,1,1.0
ACS,128,37841991,2023,1,1.0
ACS,129,37812286,2023,1,1.0
ACS,130,37794551,2023,1,3.0
ACS,131,37752435,2023,1,1.0
ACS,132,37750274,2023,1,1.0
ACS,133,37733064,2024,1,1.0
ACS,134,37695367,2024,1,1.0
ACS,135,37694238,2023,1,1.0
ACS,136,37678211,2024,1,1.0
ACS,137,37667241,2023,1,1.0
ACS,138,37667112,2024,1,1.0
ACS,139,37658328,2023,1,1.0
ACS,140,37636178,2023,1,1.0
ACS,141,37628383,2023,1,1.0
ACS,142,37626380,2023,1,1.0
ACS,143,37609025,2023,1,1.0
ACS,144,37585887,2023,1,2.5
ACS,145,37583522,2023,1,1.0
ACS,146,37576534,2023,1,1.0
ACS,147,37571958,2023,1,1.0
ACS,148,37540968,2023,1,1.0
ACS,149,37535098,2024,1,1.0
ACS,150,37517926,2023,1,1.5
ACS,151,37501149,2023,1,1.0
ACS,152,37493738,2023,1,1.0
ACS,153,37491711,2023,1,1.0
ACS,154,37465766,2022,1,1.0
ACS,155,37462662,2023,1,1.0
ACS,156,37462660,2023,1,1.0
ACS,157,37462658,2023,1,1.0
ACS,158,37453933,2023,1,1.0
ACS,159,37443436,2023,1,1.0
ACS,160,37405735,2023,1,1.0
ACS,161,37376744,2023,1,1.0
ACS,162,40309154,2023,1,1.0
ACS,163,37297916,2023,1,1.0
ACS,164,37296085,2023,1,1.0
ACS,165,37294195,2023,1,1.0
ACS,166,37284984,2023,1,1.0
ACS,167,37280480,2023,1,1.0
ACS,168,37254722,2023,1,1.0
ACS,169,37220117,2023,1,1.0
ACS,170,37208986,2023,1,1.0
ACS,171,37185028,2023,1,1.0
ACS,172,37171978,2023,1,1.0
ACS,173,37142500,2023,1,1.5
ACS,174,37142120,2023,1,1.0
ACS,175,37120064,2023,1,1.0
ACS,176,37115944,2023,1,1.0
ACS,177,37090725,2023,1,2.0
ACS,178,37078915,2023,1,1.5
ACS,179,37072917,2023,1,1.0
ACS,180,37056585,2022,1,1.0
ACS,181,37055015,2023,1,1.0
ACS,182,37052284,2023,1,1.0
ACS,183,37003357,2023,1,1.0
ACS,184,38680908,2023,1,1.0
ACS,185,36951383,2024,1,1.0
ACS,186,36945953,2023,1,1.0
ACS,187,36945006,2023,1,1.0
ACS,188,36899292,2023,1,2.5
ACS,189,36880514,2023,1,1.0
ACS,190,36872058,2023,1,1.0
ACS,191,36856510,2023,1,1.0
ACS,192,36846814,2023,1,1.0
ACS,193,36808120,2023,1,1.0
ACS,194,36800953,2023,1,2.0
ACS,195,36782284,2023,1,1.0
ACS,196,36752518,2023,1,1.0
ACS,197,36741037,2022,1,1.0
ACS,198,36696536,2024,1,1.0
ACS,199,36604280,2023,1,1.0
ACS,200,36595864,2022,1,1.0
ACS,201,38551231,2023,1,1.0
ACS,202,36579030,2022,1,1.0
ACS,203,36548435,2022,1,1.5
ACS,204,36545516,2022,1,1.0
ACS,205,36520811,2022,1,1.0
ACS,206,36518619,2022,1,1.0
ACS,207,36461685,2024,1,1.0
ACS,208,36452754,2022,1,1.0
ACS,209,36444371,2022,1,1.0
ACS,210,36378282,2023,1,1.0
ACS,211,36371514,2023,1,1.0
ACS,212,36355329,2023,1,1.0
ACS,213,36344794,2023,1,1.0
ACS,214,36321057,2022,1,1.0
ACS,215,36278253,2022,1,1.0
ACS,216,36259105,2022,1,1.0
ACS,217,36258835,2022,1,1.0
ACS,218,36253481,2023,1,1.0
ACS,219,36248401,2022,1,1.0
ACS,220,36224517,2022,1,1.0
ACS,221,36219778,2023,1,1.0
ACS,222,36201376,2023,1,1.0
ACS,223,36168743,2024,1,1.0
ACS,224,36166161,2022,1,1.0
ACS,225,36075569,2023,1,1.0
ACS,226,36064758,2022,1,2.0
ACS,227,36058463,2023,1,1.0
ACS,228,36036860,2023,1,1.0
ACS,229,36031494,2023,1,1.0
ACS,230,35971439,2022,1,1.0
ACS,231,35968996,2022,1,1.0
ACS,232,35966879,2022,1,1.0
ACS,233,35906118,2022,1,1.0
ACS,234,35904751,2022,1,1.0
ACS,235,35900468,2023,1,1.0
ACS,236,35858717,2022,1,1.0
ACS,237,35855127,2022,1,1.0
ACS,238,35841081,2022,1,1.0
ACS,239,35798348,2023,1,1.0
ACS,240,35793788,2022,1,1.0
ACS,241,35731449,2022,1,1.0
ACS,242,35722180,2022,1,1.0
ACS,243,35688920,2022,1,3.0
ACS,244,35651380,2022,1,1.0
ACS,245,35639334,2022,1,1.0
ACS,246,35620192,2022,1,1.0
ACS,247,35599790,2022,1,1.0
ACS,248,35580490,2022,1,1.0
ACS,249,35561467,2022,1,1.0
ACS,250,35525991,2022,1,1.0
ACS,251,35505909,2022,1,1.0
ACS,252,35501102,2022,1,1.0
ACS,253,35473922,2023,1,1.0
ACS,254,35452408,2022,1,1.0
ACS,255,35451270,2022,1,1.0
ACS,256,35432648,2022,1,1.0
ACS,257,35429781,2022,1,1.0
ACS,258,35420573,2022,1,2.0
ACS,259,35399368,2022,1,1.0
ACS,260,35384025,2023,1,1.0
ACS,261,35373956,2022,1,1.0
ACS,262,35348473,2022,1,1.0
ACS,263,35307661,2022,1,1.0
ACS,264,35282753,2022,1,1.0
ACS,265,35278319,2022,1,1.0
ACS,266,35249740,2022,1,1.0
ACS,267,35235014,2022,1,1.0
ACS,268,35226838,2022,1,1.0
ACS,269,35200212,2022,1,1.0
ACS,270,35188898,2022,1,1.0
ACS,271,39238815,2022,1,1.0
ACS,272,35131888,2023,1,1.0
ACS,273,35129053,2023,1,1.0
ACS,274,35127433,2022,1,1.0
ACS,275,35110016,2021,1,1.0
ACS,276,35108554,2022,1,1.0
ACS,277,35107365,2022,1,1.0
ACS,278,35105940,2022,1,1.0
ACS,279,35102016,2022,1,1.0
ACS,280,35074537,2022,1,1.0
ACS,281,35044059,2022,1,1.0
ACS,282,35041625,2022,1,1.0
ACS,283,35041341,2021,1,1.0
ACS,284,35035327,2021,1,1.0
ACS,285,34987660,2021,1,1.0
ACS,286,34962234,2022,1,1.0
ACS,287,34954038,2022,1,1.0
ACS,288,34952744,2022,1,1.0
ACS,289,34931008,2021,1,1.0
ACS,290,34924516,2022,1,1.5
ACS,291,34911499,2021,1,1.0
ACS,292,34889543,2021,1,1.0
ACS,293,34888390,2021,1,1.0
ACS,294,34876815,2021,1,1.0
ACS,295,34841190,2021,1,1.0
ACS,296,34792424,2024,1,1.5
ACS,297,34785372,2022,1,1.0
ACS,298,34775509,2022,1,1.0
ACS,299,34752854,2022,1,1.0
ACS,300,34749424,2021,1,1.0
ACS,301,34742572,2022,1,1.0
ACS,302,34733429,2021,1,1.0
ACS,303,34712977,2021,1,1.0
ACS,304,34696919,2022,1,1.0
ACS,305,34673470,2021,1,1.0
ACS,306,34646972,2021,1,1.0
ACS,307,34644634,2022,1,1.0
ACS,308,34644632,2022,1,2.0
ACS,309,34610508,2022,1,1.0
ACS,310,34591007,2021,1,1.0
ACS,311,34526235,2021,1,1.0
ACS,312,34464841,2021,1,1.0
ACS,313,34427227,2021,1,1.0
ACS,314,34422473,2021,1,1.0
ACS,315,34422438,2021,1,1.0
ACS,316,34411674,2021,1,2.0
ACS,317,34399816,2021,1,1.0
ACS,318,34395916,2021,1,1.0
ACS,319,34392630,2021,1,1.0
ACS,320,34386516,2021,1,1.0
ACS,321,34376234,2021,1,1.0
ACS,322,34319210,2022,1,1.0
ACS,323,34314974,2021,1,1.0
ACS,324,34281783,2021,1,1.5
ACS,325,34277133,2021,1,1.0
ACS,326,34258338,2021,1,1.0
ACS,327,34246477,2021,1,2.0
ACS,328,34239679,2021,1,1.0
ACS,329,34233855,2021,1,1.0
ACS,330,34224876,2021,1,1.0
ACS,331,34187911,2021,1,1.0
ACS,332,34172373,2021,1,1.0
ACS,333,34139419,2021,1,1.0
ACS,334,34132238,2021,1,1.0
ACS,335,34130853,2021,1,1.0
ACS,336,34107953,2021,1,2.0
ACS,337,34106091,2021,1,1.0
ACS,338,34096035,2021,1,1.0
ACS,339,34078192,2021,1,1.0
ACS,340,34059492,2021,1,1.0
ACS,341,34057069,2021,1,1.0
ACS,342,34055589,2021,1,1.0
ACS,343,34055469,2020,1,1.0
ACS,344,34037487,2022,1,1.0
ACS,345,34016932,2021,1,1.0
ACS,346,33940239,2021,1,1.0
ACS,347,33937713,2020,1,1.0
ACS,348,33902865,2021,1,1.0
ACS,349,33899823,2021,1,1.0
ACS,350,33888073,2021,1,1.0
ACS,351,33857839,2021,1,1.0
ACS,352,33857794,2021,1,1.0
ACS,353,33855045,2021,1,1.0
ACS,354,33852463,2021,1,1.0
ACS,355,33844240,2021,1,1.0
ACS,356,33840680,2021,1,1.0
ACS,357,33818623,2021,1,1.0
ACS,358,33813544,2021,1,1.0
ACS,359,33771962,2021,1,1.0
ACS,360,33741835,2022,1,1.0
ACS,361,33733246,2021,1,1.0
ACS,362,33731658,2021,1,1.0
ACS,363,33709505,2021,1,1.0
ACS,364,33675406,2022,1,1.0
ACS,365,33667652,2021,1,1.0
ACS,366,33644661,2021,1,1.0
ACS,367,33640161,2021,1,1.0
ACS,368,33634162,2020,1,1.0
ACS,369,33633507,2020,1,1.0
ACS,370,33632658,2022,1,1.0
ACS,371,33605805,2021,1,1.0
ACS,372,33591932,2024,1,1.0
ACS,373,33563099,2021,1,1.0
ACS,374,33560707,2021,1,1.0
ACS,375,33549774,2021,1,1.0
ACS,376,33548675,2021,1,1.0
ACS,377,33532890,2021,1,2.0
ACS,378,33521045,2020,1,1.0
ACS,379,33507516,2021,1,1.0
ACS,380,33507441,2021,1,1.0
ACS,381,33487405,2021,1,1.0
ACS,382,33481080,2021,1,1.0
ACS,383,33428552,2021,1,1.0
ACS,384,33392595,2020,1,1.0
ACS,385,33364643,2020,1,1.0
ACS,386,33348002,2021,1,2.0
ACS,387,33325684,2021,1,1.0
ACS,388,33320312,2020,1,1.0
ACS,389,33305007,2020,1,1.0
ACS,390,33288404,2021,1,3.0
ACS,391,33280211,2021,1,1.0
ACS,392,33276982,2021,1,1.0
ACS,393,33261856,2021,1,1.0
ACS,394,33252445,2021,1,1.0
ACS,395,33231948,2020,1,1.0
ACS,396,33219419,2022,1,1.0
ACS,397,33177429,2021,1,2.0
ACS,398,33177421,2021,1,1.0
ACS,399,33176383,2021,1,2.0
ACS,400,33165207,2021,1,1.0
ACS,401,33161435,2021,1,1.0
ACS,402,33144240,2021,1,1.0
ACS,403,33128551,2021,1,1.0
ACS,404,33122495,2020,1,1.0
ACS,405,36475268,2020,1,1.0
ACS,406,33107958,2020,1,1.0
ACS,407,33102513,2020,1,1.0
ACS,408,33098005,2021,1,1.0
ACS,409,33093617,2020,1,1.0
ACS,410,33092452,2021,1,1.0
ACS,411,33064717,2020,1,1.0
ACS,412,33062761,2020,1,1.0
ACS,413,33009232,2021,1,1.5
ACS,414,32997952,2020,1,1.0
ACS,415,32987168,2021,1,1.0
ACS,416,32980233,2021,1,1.5
ACS,417,32953354,2020,1,1.0
ACS,418,32941371,2022,1,1.0
ACS,419,32934928,2020,1,1.0
ACS,420,32891707,2021,1,1.0
ACS,421,32876476,2021,1,1.0
ACS,422,32851105,2020,1,1.0
ACS,423,32844578,2021,1,1.0
ACS,424,32821761,2020,1,1.0
ACS,425,32814536,2021,1,1.0
ACS,426,32801726,2020,1,1.0
ACS,427,32745226,2020,1,1.0
ACS,428,32715326,2021,1,1.0
ACS,429,35198105,2022,1,1.0
ACS,430,32694426,2021,1,1.0
ACS,431,32694300,2020,1,1.0
ACS,432,32680577,2020,1,1.0
ACS,433,32675711,2020,1,1.0
ACS,434,32596093,2020,1,1.0
ACS,435,32593168,2021,1,1.0
ACS,436,32564962,2020,1,1.0
ACS,437,32549738,2020,1,1.0
ACS,438,32546417,2020,1,1.0
ACS,439,32537342,2020,1,1.0
ACS,440,32474698,2021,1,1.5
ACS,441,32444137,2020,1,1.0
ACS,442,32350597,2020,1,1.0
ACS,443,32332336,2020,1,2.0
ACS,444,32312197,2020,1,1.0
ACS,445,32304930,2020,1,1.0
ACS,446,37465407,2020,1,1.0
ACS,447,32282621,2020,1,1.0
ACS,448,32271928,2020,1,1.0
ACS,449,32232328,2020,1,1.0
ACS,450,32215546,2021,1,1.0
ACS,451,32190586,2020,1,1.0
ACS,452,32163722,2020,1,1.0
ACS,453,32140808,2020,1,1.0
ACS,454,32128201,2020,1,1.0
ACS,455,32126290,2020,1,1.0
ACS,456,32111122,2022,1,1.0
ACS,457,32097234,2020,1,1.0
ACS,458,32088740,2020,1,2.0
ACS,459,32070410,2020,1,1.0
ACS,460,32051069,2019,1,1.5
ACS,461,32032050,2019,1,1.0
ACS,462,32028351,2020,1,1.0
ACS,463,32025947,2019,1,1.0
ACS,464,32021771,2020,1,1.0
ACS,465,32019808,2021,1,1.0
ACS,466,32016544,2020,1,1.0
ACS,467,32006038,2020,1,1.0
ACS,468,31989257,2020,1,1.0
ACS,469,31964211,2020,1,1.0
ACS,470,31955259,2020,1,1.5
ACS,471,31931775,2020,1,1.0
ACS,472,31924437,2020,1,1.0
ACS,473,31876698,2020,1,1.0
ACS,474,31876241,2020,1,1.0
ACS,475,31843477,2020,1,2.0
ACS,476,31832692,2020,1,1.0
ACS,477,31809416,2020,1,2.0
ACS,478,31794292,2020,1,1.5
ACS,479,31785392,2020,1,2.0
ACS,480,31785134,2019,1,1.0
ACS,481,31767373,2020,1,1.0
ACS,482,31753610,2020,1,1.5
ACS,483,31688437,2020,1,1.0
ACS,484,31688178,2019,1,1.0
ACS,485,31676082,2020,1,1.0
ACS,486,31636741,2019,1,1.0
ACS,487,31634270,2020,1,1.0
ACS,488,31564352,2019,1,1.0
ACS,489,31560102,2020,1,1.0
ACS,490,35521502,2019,1,1.0
ACS,491,31523074,2019,1,1.0
ACS,492,31515201,2019,1,2.0
ACS,493,31483400,2019,1,1.0
ACS,494,31440777,2019,1,1.0
ACS,495,31438792,2019,1,1.0
ACS,496,31428851,2019,1,1.0
ACS,497,31405726,2019,1,1.0
ACS,498,31304580,2019,1,1.0
ACS,499,31302318,2019,1,1.0
ACS,500,31298588,2020,1,1.0
ACS,501,31279477,2019,1,1.0
ACS,502,31219925,2019,1,2.0
ACS,503,31215748,2019,1,1.0
ACS,504,31205299,2019,1,1.0
ACS,505,31191976,2019,1,1.0
ACS,506,31110570,2019,1,1.0
ACS,507,31110399,2019,1,1.0
ACS,508,31034949,2019,1,1.0
ACS,509,31007504,2019,1,1.0
ACS,510,30992340,2020,1,1.0
ACS,511,30982538,2019,1,1.0
ACS,512,30978566,2019,1,1.0
ACS,513,30966780,2019,1,1.0
ACS,514,30929469,2019,1,2.0
ACS,515,30922749,2019,1,1.0
ACS,516,30919816,2018,1,1.0
ACS,517,30910499,2019,1,1.0
ACS,518,30909799,2019,1,2.0
ACS,519,30901413,2019,1,1.0
ACS,520,30865061,2019,1,1.0
ACS,521,30864909,2019,1,2.0
ACS,522,30838186,2019,1,1.0
ACS,523,30832634,2019,1,1.0
ACS,524,30799923,2019,1,1.0
ACS,525,30777685,2019,1,1.0
ACS,526,30747643,2018,1,1.0
ACS,527,30747274,2020,1,1.0
ACS,528,30745127,2019,1,1.0
ACS,529,30716704,2019,1,1.0
ACS,530,30715553,2019,1,1.0
ACS,531,30714691,2019,1,1.5
ACS,532,30685944,2019,1,1.0
ACS,533,30678870,2019,1,1.0
ACS,534,30662761,2018,1,1.0
ACS,535,30646744,2018,1,1.0
ACS,536,30645165,2019,1,1.0
ACS,537,30638346,2018,1,1.0
ACS,538,30611244,2019,1,2.0
ACS,539,30603970,2019,1,1.0
ACS,540,30570711,2019,1,1.0
ACS,541,30568736,2018,1,1.0
ACS,542,33937648,2018,1,1.0
ACS,543,30503247,2018,1,1.0
ACS,544,30471925,2019,1,2.0
ACS,545,30466306,2019,1,1.0
ACS,546,30444775,2019,1,1.0
ACS,547,30439724,2020,1,1.0
ACS,548,30422928,2019,1,1.0
ACS,549,30419575,2018,1,1.0
ACS,550,30382315,2020,1,1.0
ACS,551,30294372,2018,1,1.0
ACS,552,30292713,2019,1,1.0
ACS,553,30282543,2018,1,1.0
ACS,554,30266126,2018,1,1.0
ACS,555,30255435,2019,1,1.0
ACS,556,30250341,2018,1,1.0
ACS,557,30243791,2018,1,1.5
ACS,558,30237602,2018,1,1.0
ACS,559,30189079,2018,1,1.0
ACS,560,30189076,2018,1,1.0
ACS,561,30174569,2018,1,1.0
ACS,562,30149329,2018,1,1.0
ACS,563,30145669,2019,1,1.0
ACS,564,30116411,2018,1,1.0
ACS,565,30104937,2018,1,1.0
ACS,566,30084825,2018,1,1.0
ACS,567,30080770,2019,1,2.0
ACS,568,30064725,2018,1,3.0
ACS,569,30054669,2019,1,1.0
ACS,570,30037517,2018,1,1.0
ACS,571,30027445,2018,1,2.0
ACS,572,30014272,2019,1,2.0
ACS,573,29981633,2018,1,1.0
ACS,574,29969720,2018,1,1.0
ACS,575,29968115,2019,1,2.0
ACS,576,29937642,2018,1,1.0
ACS,577,29931999,2018,1,2.0
ACS,578,29923999,2018,1,1.5
ACS,579,29849522,2017,1,1.0
ACS,580,29804842,2018,1,1.0
ACS,581,29796110,2018,1,1.0
ACS,582,29787959,2018,1,1.0
ACS,583,29766087,2017,1,1.0
ACS,584,29762292,2018,1,1.0
ACS,585,29744626,2018,1,1.0
ACS,586,29731908,2018,1,1.0
ACS,587,29716475,2018,1,1.0
ACS,588,29691307,2018,1,1.0
ACS,589,29664881,2018,1,1.0
ACS,590,29628208,2018,1,1.0
ACS,591,29578878,2018,1,1.5
ACS,592,29577778,2018,1,1.0
ACS,593,29515699,2017,1,1.0
ACS,594,29477687,2018,1,1.0
ACS,595,29474527,2018,1,1.0
ACS,596,29456748,2018,1,1.0
ACS,597,29454628,2018,1,1.0
ACS,598,29449772,2017,1,1.0
ACS,599,29429775,2018,1,1.0
ACS,600,29408285,2018,1,1.0
ACS,601,29394265,2018,1,1.5
ACS,602,29388442,2018,1,1.5
ACS,603,29384781,2018,1,1.0
ACS,604,29377050,2018,1,1.0
ACS,605,29369152,2018,1,2.0
ACS,606,29362562,2017,1,1.0
ACS,607,29349018,2017,1,1.0
ACS,608,29273369,2018,1,1.0
ACS,609,29262961,2017,1,1.0
ACS,610,29192344,2018,1,1.0
ACS,611,29182210,2017,1,1.0
ACS,612,29181564,2018,1,1.0
ACS,613,29164162,2017,1,1.0
ACS,614,29153450,2018,1,1.0
ACS,615,29147744,2018,1,1.0
ACS,616,29137904,2018,1,1.0
ACS,617,29117825,2017,1,1.0
ACS,618,29087874,2017,1,1.0
ACS,619,29073601,2017,1,2.5
ACS,620,29056994,2017,1,1.0
ACS,621,29053544,2017,1,1.0
ACS,622,29039127,2018,1,1.0
ACS,623,29037359,2017,1,1.0
ACS,624,29034016,2017,1,1.0
ACS,625,29018173,2018,1,1.0
ACS,626,29016587,2017,1,1.0
ACS,627,28958275,2017,1,1.0
ACS,628,28850498,2016,1,1.0
ACS,629,28832207,2017,1,1.0
ACS,630,28830248,2018,1,1.0
ACS,631,28818324,2017,1,3.0
ACS,632,28785833,2018,1,1.0
ACS,633,28776629,2017,1,3.0
ACS,634,28735846,2017,1,1.0
ACS,635,28733042,2017,1,1.0
ACS,636,28730321,2017,1,1.0
ACS,637,28720096,2017,1,1.0
ACS,638,28719546,2017,1,1.0
ACS,639,28706822,2017,1,1.0
ACS,640,28706812,2017,1,1.0
ACS,641,28694568,2017,1,1.0
ACS,642,28664769,2017,1,1.0
ACS,643,28634595,2017,1,1.0
ACS,644,28617517,2017,1,1.0
ACS,645,28594520,2017,1,1.0
ACS,646,28567342,2017,1,1.0
ACS,647,28562573,2017,1,1.5
ACS,648,28561900,2018,1,1.0
ACS,649,28489715,2017,1,1.0
ACS,650,28488072,2017,1,1.0
ACS,651,28467588,2017,1,1.0
ACS,652,28435539,2016,1,1.0
ACS,653,28431416,2017,1,1.0
ACS,654,28421958,2017,1,1.0
ACS,655,28360503,2017,1,1.0
ACS,656,28341786,2017,1,1.0
ACS,657,28330440,2017,1,1.0
ACS,658,28327419,2017,1,1.0
ACS,659,28323801,2017,1,2.0
ACS,660,28320508,2017,1,1.0
ACS,661,28289358,2016,1,1.0
ACS,662,28282605,2017,1,1.0
ACS,663,28234844,2017,1,1.0
ACS,664,28214485,2017,1,1.5
ACS,665,28195896,2017,1,1.0
ACS,666,28151898,2017,1,1.0
ACS,667,28127967,2016,1,2.0
ACS,668,28125467,2017,1,1.0
ACS,669,28121282,2017,1,1.5
ACS,670,28103732,2017,1,1.0
ACS,671,28099239,2017,1,1.0
ACS,672,28072649,2017,1,1.5
ACS,673,28040088,2016,1,1.0
ACS,674,28027611,2016,1,1.0
ACS,675,28005689,2017,1,1.0
ACS,676,28003918,2016,1,1.0
ACS,677,27999729,2016,1,1.0
ACS,678,27938394,2016,1,1.0
ACS,679,27914662,2017,1,1.0
ACS,680,27890348,2017,1,1.0
ACS,681,27890336,2017,1,1.0
ACS,682,27857494,2016,1,1.0
ACS,683,27854071,2016,1,1.0
ACS,684,27834057,2016,1,1.0
ACS,685,27815953,2016,1,1.0
ACS,686,27810154,2016,1,1.5
ACS,687,27810147,2017,1,1.0
ACS,688,27245978,2016,1,1.0
ACS,689,27792675,2016,1,1.0
ACS,690,27771036,2017,1,3.0
ACS,691,27692841,2016,1,1.0
ACS,692,27767980,2016,1,1.0
ACS,693,27392158,2016,1,1.0
ACS,694,27756790,2017,1,1.0
ACS,695,27639651,2017,1,1.0
ACS,696,27722115,2016,1,1.0
ACS,697,27687142,2016,1,1.0
ACS,698,27684080,2017,1,1.0
ACS,699,27670876,2017,1,1.0
ACS,700,27636909,2018,1,2.0
ACS,701,27603197,2018,1,1.0
ACS,702,27590466,2017,1,1.0
ACS,703,27579205,2016,1,1.0
ACS,704,27558463,2016,1,2.0
ACS,705,27551733,2017,1,1.0
ACS,706,27538943,2016,1,1.0
ACS,707,27505079,2016,1,1.0
ACS,708,27499719,2016,1,1.0
ACS,709,27454495,2016,1,1.0
ACS,710,27447677,2016,1,1.0
ACS,711,27444364,2017,1,2.0
ACS,712,27435989,2016,1,2.5
ACS,713,27426712,2016,1,1.0
ACS,714,27408482,2016,1,1.0
ACS,715,27374476,2016,1,1.0
ACS,716,27372030,2016,1,1.0
ACS,717,27365374,2016,1,1.0
ACS,718,27342963,2016,1,2.0
ACS,719,27340575,2016,1,1.0
ACS,720,27333459,2016,1,1.0
ACS,721,27330517,2016,1,1.0
ACS,722,27284517,2015,1,1.0
ACS,723,27259677,2016,1,1.0
ACS,724,27233244,2016,1,1.0
ACS,725,27221671,2016,1,1.0
ACS,726,27203822,2018,1,1.0
ACS,727,27180322,2016,1,1.0
ACS,728,27136654,2016,1,1.0
ACS,729,27085103,2016,1,1.0
ACS,730,27073707,2016,1,1.0
ACS,731,27032610,2016,1,1.0
ACS,732,29252662,2016,1,1.0
ACS,733,28718559,2016,1,1.0
ACS,734,26978131,2016,1,2.0
ACS,735,26955278,2016,1,1.0
ACS,736,26948239,2016,1,2.5
ACS,737,26943679,2016,1,1.0
ACS,738,26927437,2016,1,1.0
ACS,739,26925767,2016,1,1.0
ACS,740,26900549,2015,1,1.0
ACS,741,26891380,2016,1,1.0
ACS,742,26888880,2016,1,1.0
ACS,743,26885995,2016,1,2.0
ACS,744,26881149,2016,1,1.0
ACS,745,26872734,2016,1,1.0
ACS,746,26870155,2016,1,1.0
ACS,747,26862269,2015,1,1.0
ACS,748,26861802,2016,1,1.0
ACS,749,26854047,2016,1,1.0
ACS,750,26838748,2016,1,2.0
ACS,751,26837078,2016,1,1.5
ACS,752,26830909,2016,1,1.0
ACS,753,26814783,2014,1,1.0
ACS,754,26802624,2016,1,1.0
ACS,755,26793594,2016,1,1.0
ACS,756,26779547,2015,1,1.0
ACS,757,30237911,2016,1,1.0
ACS,758,26730688,2016,1,1.0
ACS,759,26722210,2015,1,1.0
ACS,760,26710668,2016,1,1.0
ACS,761,26709816,2016,1,1.0
ACS,762,26692883,2015,1,1.0
ACS,763,26687885,2016,1,1.0
ACS,764,26668555,2015,1,1.0
ACS,765,26648417,2016,1,1.0
ACS,766,26636726,2016,1,1.0
ACS,767,26588479,2016,1,1.5
ACS,768,26567457,2015,1,1.5
ACS,769,26566335,2015,1,1.0
ACS,770,26566325,2015,1,1.0
ACS,771,26561300,2015,1,1.0
ACS,772,30405959,2015,1,1.0
ACS,773,26538766,2015,1,1.0
ACS,774,26538755,2015,1,1.0
ACS,775,26528070,2015,1,1.0
ACS,776,26520871,2015,1,1.0
ACS,777,26447416,2015,1,1.0
ACS,778,26445471,2016,1,1.0
ACS,779,26422394,2017,1,3.0
ACS,780,26405639,2015,1,1.0
ACS,781,26322649,2015,1,1.0
ACS,782,26301168,2015,1,1.0
ACS,783,26279673,2015,1,1.0
ACS,784,26271005,2015,1,1.0
ACS,785,26256993,2015,1,1.0
ACS,786,26229700,2015,1,1.0
ACS,787,26219908,2015,1,1.5
ACS,788,26196496,2016,1,2.0
ACS,789,26167299,2015,1,1.0
ACS,790,26105130,2015,1,2.0
ACS,791,26047781,2015,1,1.0
ACS,792,26047755,2015,1,1.0
ACS,793,26038042,2016,1,1.0
ACS,794,26037985,2015,1,1.5
ACS,795,26033648,2015,1,3.0
ACS,796,25989895,2015,1,1.0
ACS,797,25980395,2015,1,1.0
ACS,798,25972489,2016,1,1.0
ACS,799,25935457,2015,1,1.0
ACS,800,25931302,2015,1,1.0
ACS,801,25907578,2016,1,1.0
ACS,802,25883624,2015,1,1.0
ACS,803,25881886,2015,1,1.0
ACS,804,25851687,2016,1,1.0
ACS,805,25844506,2016,1,1.0
ACS,806,25830259,2015,1,1.0
ACS,807,30473914,2015,1,1.0
ACS,808,25803065,2015,1,2.0
ACS,809,25802562,2015,1,1.0
ACS,810,25783342,2016,1,1.5
ACS,811,25755900,2015,1,1.0
ACS,812,25713916,2014,1,3.0
ACS,813,25709867,2015,1,1.0
ACS,814,25633608,2016,1,2.0
ACS,815,25618841,2015,1,1.0
ACS,816,25616531,2015,1,1.0
ACS,817,25594666,2015,1,1.5
ACS,818,25591785,2015,1,2.0
ACS,819,25587476,2014,1,1.0
ACS,820,25569070,2015,1,1.5
ACS,821,25543245,2015,1,1.0
ACS,822,25543232,2015,1,1.0
ACS,823,35761742,2014,1,1.0
ACS,824,25536212,2015,1,1.0
ACS,825,25526605,2015,1,1.5
ACS,826,25489945,2015,1,1.0
ACS,827,25469650,2016,1,2.0
ACS,828,25463427,2015,1,1.0
ACS,829,25460492,2014,1,1.0
ACS,830,25457313,2014,1,1.0
ACS,831,25441288,2015,1,1.0
ACS,832,25433283,2015,1,1.0
ACS,833,25429488,2014,1,1.0
ACS,834,25378506,2014,1,2.0
ACS,835,25371838,2014,1,1.0
ACS,836,25361856,2015,1,1.0
ACS,837,25356260,2014,1,1.0
ACS,838,25344942,2015,1,1.0
ACS,839,25325011,2014,1,1.0
ACS,840,25316974,2014,1,1.0
ACS,841,25307712,2014,1,1.5
ACS,842,25287555,2015,1,1.0
ACS,843,26814507,2014,1,1.0
ACS,844,26814506,2014,1,1.0
ACS,845,25251947,2015,1,1.0
ACS,846,25242763,2014,1,1.0
ACS,847,25233159,2015,1,1.0
ACS,848,25229048,2014,1,1.0
ACS,849,25229039,2014,1,1.0
ACS,850,25172983,2015,1,1.5
ACS,851,25156099,2014,1,1.0
ACS,852,25154564,2015,1,2.0
ACS,853,25143498,2014,1,1.0
ACS,854,25124897,2015,1,1.0
ACS,855,25120938,2014,1,1.0
ACS,856,25115315,2015,1,1.0
ACS,857,25073437,2014,1,1.0
ACS,858,25067973,2014,1,1.0
ACS,859,25050747,2015,1,1.0
ACS,860,25049368,2014,1,1.0
ACS,861,25015600,2014,1,1.0
ACS,862,24977494,2014,1,1.0
ACS,863,24963970,2014,1,1.0
ACS,864,24951947,2014,1,1.0
ACS,865,24936841,2014,1,1.0
ACS,866,24916420,2015,1,1.0
ACS,867,24890160,2014,1,1.0
ACS,868,24890051,2016,1,1.0
ACS,869,24889660,2016,1,1.0
ACS,870,24817163,2015,1,1.0
ACS,871,24810151,2014,1,1.0
ACS,872,24756740,2013,1,1.0
ACS,873,24730002,2014,1,1.0
ACS,874,24693519,2013,1,1.0
ACS,875,24675751,2014,1,1.0
ACS,876,24664450,2014,1,1.0
ACS,877,24610770,2014,1,2.5
ACS,878,24567863,2014,1,1.0
ACS,879,24563799,2013,1,1.0
ACS,880,24516765,2014,1,1.0
ACS,881,24512891,2014,1,1.0
ACS,882,24474581,2015,1,1.0
ACS,883,24462514,2014,1,2.0
ACS,884,24459539,2014,1,1.0
ACS,885,24432081,2013,1,1.0
ACS,886,24431270,2013,1,1.0
ACS,887,24428586,2014,1,1.0
ACS,888,24426965,2013,1,1.0
ACS,889,24421654,2013,1,1.0
ACS,890,24398772,2014,1,2.0
ACS,891,24392235,2013,1,1.0
ACS,892,24388256,2013,1,1.5
ACS,893,24378432,2014,1,1.0
ACS,894,24351360,2013,1,1.0
ACS,895,24345099,2013,1,3.0
ACS,896,24332260,2014,1,1.0
ACS,897,24306104,2014,1,1.0
ACS,898,24295566,2014,1,1.0
ACS,899,26848501,2013,1,1.0
ACS,900,26815541,2013,1,1.0
ACS,901,26815540,2013,1,1.0
ACS,902,24286045,2013,1,1.0
ACS,903,24271459,2014,1,1.0
ACS,904,24232039,2014,1,1.0
ACS,905,27927374,2013,1,1.0
ACS,906,24175149,2013,1,1.0
ACS,907,24069993,2013,1,2.0
ACS,908,24011810,2014,1,1.0
ACS,909,23971480,2013,1,1.0
ACS,910,23969633,2013,1,1.0
ACS,911,23965913,2013,1,1.0
ACS,912,23932352,2013,1,1.0
ACS,913,23879906,2013,1,2.0
ACS,914,23875149,2013,1,1.0
ACS,915,23841000,2013,1,1.0
ACS,916,23817874,2013,1,1.0
ACS,917,23812134,2013,1,1.0
ACS,918,23789049,2013,1,1.0
ACS,919,23786987,2014,1,1.0
ACS,920,23786231,2015,1,1.0
ACS,921,23754632,2014,1,1.0
ACS,922,23743679,2013,1,1.5
ACS,923,23726386,2013,1,1.0
ACS,924,23723281,2013,1,2.0
ACS,925,23720594,2013,1,1.0
ACS,926,23660964,2013,1,1.0
ACS,927,23623318,2013,1,1.0
ACS,928,23595064,2013,1,1.0
ACS,929,23573336,2013,1,1.0
ACS,930,23573335,2013,1,1.0
ACS,931,23573333,2013,1,1.0
ACS,932,23561303,2013,1,1.0
ACS,933,23553293,2013,1,1.0
ACS,934,23515126,2013,1,2.0
ACS,935,23511145,2013,1,2.0
ACS,936,23481923,2013,1,1.0
ACS,937,23456905,2014,1,1.0
ACS,938,23449054,2013,1,1.0
ACS,939,23448753,2012,1,1.0
ACS,940,23406789,2013,1,2.0
ACS,941,23395011,2013,1,1.0
ACS,942,23388393,2013,1,2.0
ACS,943,23371941,2013,1,1.0
ACS,944,23369940,2014,1,1.0
ACS,945,23343667,2013,1,1.0
ACS,946,23316242,2012,1,1.0
ACS,947,23311432,2013,1,2.0
ACS,948,23294843,2013,1,1.5
ACS,949,23287757,2013,1,1.0
ACS,950,23255636,2012,1,1.0
ACS,951,23248724,2012,1,1.0
ACS,952,23232655,2013,1,2.0
ACS,953,23217552,2012,1,1.0
ACS,954,23200336,2013,1,1.0
ACS,955,23162231,2012,1,1.0
ACS,956,23150851,2012,1,1.0
ACS,957,23147615,2012,1,1.0
ACS,958,23147175,2013,1,1.0
ACS,959,23142113,2013,1,1.0
ACS,960,23118759,2012,1,1.0
ACS,961,26662778,2012,1,1.0
ACS,962,23064021,2012,1,1.0
ACS,963,23016078,2012,1,1.0
ACS,964,23016060,2011,1,1.0
ACS,965,22999514,2013,1,2.0
ACS,966,22985734,2012,1,1.0
ACS,967,22927150,2012,1,1.0
ACS,968,22906919,2012,1,1.0
ACS,969,22906680,2012,1,2.0
ACS,970,22906429,2012,1,2.0
ACS,971,22894765,2012,1,1.0
ACS,972,22892617,2012,1,1.0
ACS,973,22873424,2012,1,1.0
ACS,974,22873422,2012,1,1.0
ACS,975,22873421,2012,1,1.0
ACS,976,22873414,2012,1,1.0
ACS,977,22795846,2012,1,1.0
ACS,978,22765483,2012,1,1.0
ACS,979,24350108,2012,1,1.0
ACS,980,22729503,2012,1,1.0
ACS,981,22710774,2012,1,2.5
ACS,982,22710766,2012,1,1.0
ACS,983,22663906,2012,1,1.0
ACS,984,22654706,2011,1,1.0
ACS,985,22644598,2012,1,1.0
ACS,986,22637209,2012,1,2.0
ACS,987,22626871,2012,1,1.0
ACS,988,22617929,2012,1,1.0
ACS,989,22609289,2012,1,1.0
ACS,990,22575481,2012,1,1.0
ACS,991,22545876,2012,1,1.0
ACS,992,22527150,2012,1,2.0
ACS,993,22482041,2012,1,1.0
ACS,994,22466112,2012,1,1.0
ACS,995,26815829,2012,1,1.0
ACS,996,22427621,2012,1,2.5
ACS,997,22421858,2012,1,1.0
ACS,998,22395993,2012,1,1.0
ACS,999,22390406,2012,1,1.0
ACS,1000,22360900,2012,1,1.0
ACS,1001,22353163,2012,1,1.0
ACS,1002,22309469,2012,1,1.0
ACS,1003,26815676,2012,1,1.0
ACS,1004,22277688,2012,1,1.0
ACS,1005,22267140,2011,1,1.0
ACS,1006,24977081,2012,1,1.0
ACS,1007,24749093,2012,1,1.0
ACS,1008,22173398,2012,1,1.0
ACS,1009,22171133,2011,1,1.0
ACS,1010,22163093,2011,1,1.0
ACS,1011,22145789,2012,1,2.0
ACS,1012,22133601,2012,1,1.0
ACS,1013,22131927,2010,1,1.0
ACS,1014,22131567,2011,1,1.0
ACS,1015,22117207,2011,1,1.0
ACS,1016,22096723,2011,1,1.0
ACS,1017,22071934,2011,1,1.0
ACS,1018,22033056,2012,1,1.0
ACS,1019,22031858,2012,1,1.0
ACS,1020,22022031,2011,1,1.0
ACS,1021,22013257,2011,1,1.0
ACS,1022,21997400,2012,1,1.0
ACS,1023,21944457,2011,1,1.0
ACS,1024,21944453,2011,1,1.0
ACS,1025,21944451,2011,1,1.0
ACS,1026,21944444,2011,1,1.0
ACS,1027,21976928,2011,1,1.0
ACS,1028,21976011,2012,1,1.0
ACS,1029,21948310,2011,1,1.0
ACS,1030,21944347,2011,1,1.0
ACS,1031,21912014,2011,1,1.0
ACS,1032,21903735,2011,1,2.0
ACS,1033,21902975,2011,1,1.0
ACS,1034,21886468,2010,1,1.0
ACS,1035,27027045,2011,1,1.0
ACS,1036,21877258,2011,1,1.0
ACS,1037,21854485,2011,1,1.0
ACS,1038,21847684,2012,1,1.0
ACS,1039,21843818,2011,1,1.0
ACS,1040,21772635,2011,1,1.0
ACS,1041,21745299,2011,1,1.0
ACS,1042,21719009,2012,1,1.0
ACS,1043,21713230,2011,1,1.0
ACS,1044,21710331,2011,1,1.0
ACS,1045,21667738,2011,1,1.0
ACS,1046,26815106,2011,1,1.0
ACS,1047,21610385,2011,1,2.0
ACS,1048,21601824,2011,1,1.0
ACS,1049,21593717,2011,1,1.0
ACS,1050,21593369,2011,1,1.0
ACS,1051,21584816,2011,1,2.5
ACS,1052,21577072,2011,1,2.5
ACS,1053,21577071,2011,1,1.0
ACS,1054,21553787,2011,1,1.0
ACS,1055,21543278,2011,1,2.0
ACS,1056,21525540,2011,1,1.0
ACS,1057,21513525,2011,1,1.0
ACS,1058,21455472,2010,1,1.0
ACS,1059,21443836,2011,1,1.0
ACS,1060,21421203,2011,1,1.0
ACS,1061,21411345,2011,1,1.0
ACS,1062,21410124,2011,1,1.0
ACS,1063,21398008,2011,1,1.0
ACS,1064,21396315,2011,1,1.0
ACS,1065,21361746,2011,1,1.0
ACS,1066,21357935,2011,1,2.0
ACS,1067,21339238,2011,1,1.0
ACS,1068,21307081,2011,1,1.0
ACS,1069,21286459,2010,1,1.0
ACS,1070,21275358,2010,1,1.0
ACS,1071,21268953,2010,1,1.0
ACS,1072,21265048,2011,1,1.0
ACS,1073,21233723,2011,1,1.0
ACS,1074,21205767,2011,1,1.0
ACS,1075,27820172,2011,1,1.0
ACS,1076,24971839,2011,1,1.0
ACS,1077,24950566,2011,1,1.0
ACS,1078,21191430,2010,1,1.0
ACS,1079,21166849,2011,1,2.0
ACS,1080,21155367,2010,1,1.0
ACS,1081,21146795,2010,1,1.0
ACS,1082,21143863,2010,1,1.0
ACS,1083,21132501,2011,1,1.0
ACS,1084,21102202,2010,1,1.0
ACS,1085,21063552,2010,1,1.0
ACS,1086,21063498,2010,1,1.0
ACS,1087,21034934,2010,1,2.0
ACS,1088,20969470,2010,1,1.0
ACS,1089,20934933,2010,1,1.0
ACS,1090,20932363,2010,1,1.0
ACS,1091,20861696,2010,1,1.0
ACS,1092,20812575,2010,1,1.0
ACS,1093,20812574,2010,1,1.0
ACS,1094,20724875,2010,1,1.0
ACS,1095,20736787,2010,1,1.0
ACS,1096,20724101,2010,1,1.0
ACS,1097,20713929,2010,1,1.0
ACS,1098,20678764,2011,1,1.0
ACS,1099,20674245,2010,1,1.0
ACS,1100,20673346,2010,1,1.0
ACS,1101,20652000,2010,1,1.0
ACS,1102,20638527,2010,1,1.0
ACS,1103,20631472,2010,1,1.0
ACS,1104,20624281,2010,1,3.0
ACS,1105,20610031,2010,1,1.0
ACS,1106,20575916,2010,1,1.0
ACS,1107,20541631,2010,1,2.0
ACS,1108,20540228,2010,1,1.0
ACS,1109,24683264,2010,1,1.0
ACS,1110,20502228,2010,1,2.0
ACS,1111,20495494,2010,1,1.0
ACS,1112,20462891,2010,1,2.0
ACS,1113,20459600,2010,1,3.0
ACS,1114,20417482,2010,1,2.0
ACS,1115,20415397,2010,1,1.0
ACS,1116,20400754,2010,1,1.0
ACS,1117,20397606,2009,1,1.0
ACS,1118,20383289,2010,1,1.0
ACS,1119,20374624,2010,1,1.0
ACS,1120,20349663,2010,1,1.0
ACS,1121,20309660,2010,1,1.0
ACS,1122,20234769,2010,1,1.0
ACS,1123,20220423,2010,1,1.0
ACS,1124,20194221,2010,1,1.0
ACS,1125,27022532,2010,1,1.0
ACS,1126,20149369,2011,1,1.0
ACS,1127,20124063,2010,1,1.0
ACS,1128,20095067,2010,1,1.0
ACS,1129,20080260,2011,1,1.0
ACS,1130,20074694,2010,1,1.0
ACS,1131,20065877,2010,1,1.0
ACS,1132,20061917,2010,1,1.0
ACS,1133,20044694,2010,1,1.0
ACS,1134,25214968,2010,1,1.0
ACS,1135,20013289,2010,1,2.0
ACS,1136,20009687,2009,1,1.0
ACS,1137,19961614,2009,1,1.0
ACS,1138,19912116,2009,1,1.0
ACS,1139,26815379,2009,1,1.0
ACS,1140,26815376,2009,1,1.0
ACS,1141,19946500,2009,1,1.0
ACS,1142,19940813,2010,1,1.0
ACS,1143,19886153,2009,1,1.0
ACS,1144,19866241,2010,1,1.0
ACS,1145,19838368,2009,1,1.0
ACS,1146,19838350,2009,1,1.0
ACS,1147,19820579,2009,1,1.0
ACS,1148,19819533,2009,1,1.0
ACS,1149,19809296,2009,1,2.0
ACS,1150,19804582,2010,1,1.0
ACS,1151,19781906,2010,1,1.0
ACS,1152,19755068,2009,1,1.0
ACS,1153,19741393,2009,1,1.0
ACS,1154,19730042,2009,1,1.0
ACS,1155,19688102,2009,1,1.0
ACS,1156,19633461,2009,1,1.0
ACS,1157,19617230,2009,1,2.0
ACS,1158,19592037,2010,1,1.0
ACS,1159,19563948,2009,1,1.0
ACS,1160,19562441,2009,1,1.0
ACS,1161,19560565,2009,1,1.0
ACS,1162,19558765,2009,1,1.0
ACS,1163,19539282,2009,1,1.5
ACS,1164,19527510,2009,1,1.0
ACS,1165,19523624,2009,1,1.0
ACS,1166,19517954,2009,1,1.0
ACS,1167,19517196,2009,1,1.0
ACS,1168,19487946,2009,1,2.5
ACS,1169,19486872,2009,1,1.0
ACS,1170,27638225,2009,1,1.0
ACS,1171,26814911,2009,1,1.0
ACS,1172,19476867,2009,1,1.0
ACS,1173,19427629,2010,1,1.0
ACS,1174,25903319,2009,1,1.0
ACS,1175,19384624,2008,1,1.0
ACS,1176,19384607,2008,1,1.0
ACS,1177,19363690,2009,1,1.0
ACS,1178,19350318,2009,1,1.0
ACS,1179,19340666,2009,1,1.0
ACS,1180,20524495,2009,1,1.0
ACS,1181,19328024,2009,1,1.0
ACS,1182,19321400,2009,1,2.5
ACS,1183,19308544,2008,1,1.0
ACS,1184,19305277,2009,1,1.0
ACS,1185,19255225,2009,1,1.0
ACS,1186,19245917,2009,1,1.0
ACS,1187,19243602,2009,1,1.0
ACS,1188,19203372,2009,1,1.0
ACS,1189,19182620,2009,1,1.0
ACS,1190,26814537,2009,1,1.0
ACS,1191,19136736,2009,1,1.0
ACS,1192,22132025,2009,1,1.0
ACS,1193,22114624,2009,1,1.0
ACS,1194,21483527,2009,1,1.0
ACS,1195,20948692,2009,1,1.0
ACS,1196,19070847,2009,1,1.0
ACS,1197,19056007,2008,1,1.0
ACS,1198,26816283,2008,1,1.0
ACS,1199,18978542,2008,1,1.0
ACS,1200,18926462,2008,1,2.0
ACS,1201,18923762,2008,1,1.0
ACS,1202,18841232,2008,1,1.0
ACS,1203,26815993,2008,1,1.0
ACS,1204,18812897,2008,1,1.0
ACS,1205,18809277,2008,1,1.0
ACS,1206,18807666,2008,1,1.5
ACS,1207,18796020,2008,1,2.0
ACS,1208,18779771,2008,1,2.0
ACS,1209,18766488,2008,1,1.0
ACS,1210,18757965,2008,1,2.0
ACS,1211,18752784,2008,1,1.0
ACS,1212,18709776,2008,1,1.0
ACS,1213,18702223,2008,1,1.0
ACS,1214,18669973,2008,1,1.0
ACS,1215,26815814,2008,1,1.0
ACS,1216,18656869,2008,1,2.5
ACS,1217,18644919,2008,1,1.0
ACS,1218,18639692,2008,1,1.0
ACS,1219,18579185,2008,1,1.0
ACS,1220,18573205,2008,1,3.0
ACS,1221,18567089,2008,1,3.0
ACS,1222,18567084,2008,1,1.0
ACS,1223,18555146,2008,1,1.0
ACS,1224,18549745,2008,1,1.0
ACS,1225,18535480,2008,1,2.0
ACS,1226,18520642,2008,1,1.0
ACS,1227,18499817,2008,1,1.5
ACS,1228,18498844,2008,1,1.0
ACS,1229,18469669,2008,1,1.0
ACS,1230,18469635,2008,1,2.5
ACS,1231,18376159,2008,1,1.0
ACS,1232,18376685,2008,1,1.0
ACS,1233,27408109,2008,1,1.0
ACS,1234,18356713,2008,1,1.0
ACS,1235,18355147,2008,1,1.0
ACS,1236,18351128,2008,1,1.5
ACS,1237,18274178,2007,1,1.0
ACS,1238,18237393,2008,1,1.0
ACS,1239,26815486,2008,1,1.0
ACS,1240,26815485,2008,1,1.0
ACS,1241,18234076,2008,1,1.0
ACS,1242,18216762,2008,1,1.0
ACS,1243,18182901,2008,1,1.0
ACS,1244,18071623,2008,1,1.0
ACS,1245,18065235,2008,1,2.0
ACS,1246,18062049,2007,1,1.0
ACS,1247,26815086,2007,1,1.0
ACS,1248,26815085,2007,1,1.0
ACS,1249,18043906,2008,1,1.0
ACS,1250,18040700,2008,1,1.0
ACS,1251,18005775,2007,1,2.0
ACS,1252,17992173,2002,1,1.0
ACS,1253,17990215,2008,1,2.5
ACS,1254,17919365,2007,1,1.0
ACS,1255,17903734,2007,1,1.0
ACS,1256,26814939,2007,1,1.0
ACS,1257,17895487,2007,1,1.0
ACS,1258,17786971,2007,1,1.0
ACS,1259,21326474,2007,1,1.0
ACS,1260,17694400,2007,1,1.0
ACS,1261,17693823,2007,1,1.0
ACS,1262,17685947,2007,1,1.0
ACS,1263,26814739,2007,1,1.0
ACS,1264,17612437,2001,1,1.0
ACS,1265,17611461,2005,1,1.0
ACS,1266,17608982,2002,1,1.0
ACS,1267,17596897,2007,1,1.0
ACS,1268,17576536,2007,1,1.0
ACS,1269,17563650,2007,1,1.0
ACS,1270,17556037,2007,1,1.5
ACS,1271,27519891,2007,1,1.0
ACS,1272,17485999,2007,1,1.0
ACS,1273,17481484,2007,1,1.0
ACS,1274,17469712,2007,1,1.0
ACS,1275,17469710,2007,1,1.0
ACS,1276,17469708,2007,1,1.0
ACS,1277,17469707,2007,1,1.0
ACS,1278,17469706,2007,1,1.0
ACS,1279,17469702,2007,1,1.0
ACS,1280,17469701,2007,1,1.0
ACS,1281,17460007,2007,1,1.0
ACS,1282,17453405,2007,1,1.0
ACS,1283,17433166,2004,1,1.0
ACS,1284,17411454,2007,1,1.0
ACS,1285,17306263,2007,1,1.0
ACS,1286,17304064,2007,1,1.0
ACS,1287,17296423,2007,1,1.0
ACS,1288,17285385,2007,1,1.0
ACS,1289,17273045,2007,1,1.0
ACS,1290,17254610,2007,1,1.0
ACS,1291,17249448,2007,1,1.0
ACS,1292,17219118,2007,1,2.0
ACS,1293,17218184,2007,1,1.0
ACS,1294,17199699,2006,1,1.0
ACS,1295,24881724,2007,1,1.0
ACS,1296,24881723,2007,1,1.0
ACS,1297,24881721,2007,1,1.0
ACS,1298,24881714,2007,1,1.0
ACS,1299,24881711,2007,1,1.0
ACS,1300,24881709,2007,1,1.0
ACS,1301,24881708,2007,1,1.0
ACS,1302,24881707,2007,1,1.0
ACS,1303,24881706,2007,1,1.0
ACS,1304,24881705,2007,1,1.0
ACS,1305,24881701,2007,1,1.0
ACS,1306,24881700,2007,1,1.0
ACS,1307,21611613,2007,1,1.0
ACS,1308,17161433,2007,1,1.0
ACS,1309,17101353,2006,1,2.0
ACS,1310,17095940,2007,1,1.5
ACS,1311,17083309,2006,1,1.0
ACS,1312,17080005,2007,1,1.5
ACS,1313,17077957,2006,1,1.0
ACS,1314,17077927,2006,1,2.0
ACS,1315,20011320,2006,1,1.0
ACS,1316,17033558,2006,1,1.0
ACS,1317,16937229,2006,1,1.0
ACS,1318,16874216,2006,1,1.0
ACS,1319,16828417,2006,1,1.0
ACS,1320,16778540,2006,1,2.0
ACS,1321,16766979,2006,1,3.0
ACS,1322,16761889,2006,1,1.0
ACS,1323,16756735,2006,1,1.0
ACS,1324,16754495,2004,1,1.0
ACS,1325,16688067,2006,1,1.0
ACS,1326,16651197,2006,1,1.0
ACS,1327,16647348,2006,1,2.0
ACS,1328,16630234,2006,1,1.0
ACS,1329,16628115,2006,1,1.0
ACS,1330,16612581,2006,1,1.0
ACS,1331,16603108,2006,1,1.0
ACS,1332,16601965,2006,1,1.0
ACS,1333,16595462,2006,1,1.0
ACS,1334,16558661,2000,1,1.0
ACS,1335,16539585,2005,1,1.0
ACS,1336,16498006,2006,1,1.0
ACS,1337,16458547,2006,1,1.0
ACS,1338,16439919,2006,1,2.0
ACS,1339,16439910,2006,1,2.0
ACS,1340,16394934,2005,1,1.0
ACS,1341,16390630,2005,1,1.0
ACS,1342,16385280,2005,1,1.0
ACS,1343,16374979,2005,1,1.0
ACS,1344,16372620,2005,1,1.0
ACS,1345,16372619,2005,1,1.0
ACS,1346,16372618,2005,1,1.0
ACS,1347,20086344,2005,1,1.0
ACS,1348,16294077,2005,1,1.0
ACS,1349,16284982,2005,1,2.5
ACS,1350,16216177,2005,1,1.0
ACS,1351,16194704,2005,1,2.0
ACS,1352,16182057,2005,1,1.0
ACS,1353,16137360,2005,1,1.0
ACS,1354,16122749,2005,1,1.5
ACS,1355,16091951,2005,1,1.0
ACS,1356,16085748,2005,1,1.0
ACS,1357,16061959,2005,1,1.0
ACS,1358,16056074,2005,1,1.0
ACS,1359,16056073,2005,1,1.0
ACS,1360,16006840,2005,1,1.0
ACS,1361,15995479,2005,1,1.0
ACS,1362,15902415,2006,1,1.0
ACS,1363,15897812,2005,1,1.0
ACS,1364,15888718,2005,1,1.0
ACS,1365,15869136,2005,1,2.0
ACS,1366,15869134,2005,1,2.0
ACS,1367,15866852,2003,1,1.0
ACS,1368,15768006,2005,1,2.0
ACS,1369,15764629,2005,1,1.0
ACS,1370,15722275,2005,1,2.5
ACS,1371,15687158,2005,1,1.5
ACS,1372,15685453,2005,1,1.0
ACS,1373,15684778,2004,1,1.0
ACS,1374,15650676,2005,1,1.0
ACS,1375,15641218,2000,1,1.0
ACS,1376,15619483,2004,1,2.0
ACS,1377,15619479,2004,1,2.0
ACS,1378,15619476,2004,1,1.0
ACS,1379,15578136,2004,1,1.0
ACS,1380,15523552,2004,1,1.0
ACS,1381,15514520,2004,1,2.0
ACS,1382,15507817,2004,1,1.0
ACS,1383,15472598,2004,1,1.0
ACS,1384,15330035,2004,1,1.0
ACS,1385,15318048,2004,1,1.0
ACS,1386,15292812,2004,1,2.0
ACS,1387,15218466,2004,1,1.0
ACS,1388,15163866,2004,1,1.0
ACS,1389,15150813,2004,1,1.0
ACS,1390,15105716,2004,1,2.0
ACS,1391,15088248,2004,1,1.0
ACS,1392,15087965,2004,1,2.0
ACS,1393,15069156,2004,1,1.0
ACS,1394,15066240,2004,1,1.0
ACS,1395,14964504,2004,1,1.0
ACS,1396,14763599,2004,1,1.0
ACS,1397,14758472,2004,1,2.0
ACS,1398,20086400,2004,1,1.0
ACS,1399,14749578,2004,1,1.0
ACS,1400,14746843,2004,1,1.0
ACS,1401,14743141,2004,1,2.0
ACS,1402,14706553,2003,1,1.0
ACS,1403,14700286,2003,1,1.0
ACS,1404,14700285,2003,1,1.0
ACS,1405,14700119,2003,1,1.0
ACS,1406,14611975,2003,1,1.0
ACS,1407,14595519,2003,1,1.0
ACS,1408,14581660,2003,1,1.0
ACS,1409,14580986,2003,1,1.5
ACS,1410,12975199,2003,1,1.0
ACS,1411,12960857,2003,1,1.0
ACS,1412,12932199,2003,1,1.0
ACS,1413,12860760,2003,1,1.0
ACS,1414,12797889,2001,1,1.0
ACS,1415,12777898,2003,1,1.0
ACS,1416,12742948,2003,1,1.0
ACS,1417,12733167,2002,1,1.0
ACS,1418,12732999,2003,1,1.0
ACS,1419,12727574,2003,1,1.0
ACS,1420,12680546,2003,1,1.0
ACS,1421,12534383,2002,1,1.0
ACS,1422,12488160,2002,1,1.0
ACS,1423,12478039,2002,1,2.0
ACS,1424,12478038,2002,1,2.0
ACS,1425,12467311,2002,1,1.0
ACS,1426,12455802,2002,1,1.0
ACS,1427,12379385,2002,1,2.0
ACS,1428,12377915,2002,1,1.0
ACS,1429,12374481,2002,1,1.0
ACS,1430,12209297,2002,1,2.0
ACS,1431,12208920,2002,1,1.0
ACS,1432,12190756,2002,1,1.0
ACS,1433,12181755,2002,1,1.0
ACS,1434,12146988,2002,1,1.0
ACS,1435,12130414,2002,1,1.0
ACS,1436,12101860,2002,1,1.0
ACS,1437,12032369,2002,1,2.0
ACS,1438,11982473,2002,1,1.0
ACS,1439,11912100,2002,1,1.0
ACS,1440,11905940,2002,1,1.0
ACS,1441,11890912,2002,1,1.0
ACS,1442,11822945,2002,1,1.0
ACS,1443,11856944,2002,1,1.0
ACS,1444,11839331,2001,1,1.0
ACS,1445,11839314,2001,1,1.0
ACS,1446,11791049,2002,1,1.0
ACS,1447,24573895,2002,1,1.0
ACS,1448,11577933,2001,1,1.0
ACS,1449,11521705,2001,1,1.0
ACS,1450,11514772,2001,1,1.0
ACS,1451,11468465,2001,1,1.0
ACS,1452,11465772,2001,1,1.0
ACS,1453,11421575,2001,1,1.0
ACS,1454,11382428,2001,1,1.0
ACS,1455,11379693,2001,1,1.0
ACS,1456,11371815,2001,1,1.0
ACS,1457,11336316,2001,1,1.0
ACS,1458,11301465,2001,1,2.0
ACS,1459,11287985,2000,1,1.0
ACS,1460,11270882,2001,1,1.0
ACS,1461,11240301,2001,1,1.0
ACS,1462,11195868,2000,1,1.0
ACS,1463,11177264,2000,1,1.0
ACS,1464,11140805,2000,1,1.0
ACS,1465,11103167,2000,1,1.0
ACS,1466,11090326,2000,1,1.0
ACS,1467,11038078,2000,1,1.0
ACS,1468,11036142,2000,1,1.0
ACS,1469,11003313,2000,1,1.0
ACS,1470,10959927,2000,1,1.0
ACS,1471,10890613,2000,1,1.0
ACS,1472,10823530,2000,1,1.0
ACS,1473,10813330,2000,1,1.0
ACS,1474,10792317,2000,1,1.0
ACS,1475,10744275,2000,1,1.0
ACS,1476,10716046,2000,1,1.0
ACS,1477,10696053,2000,1,1.0
DRF,0,39720543,2024,1,1.0
DRF,1,39703601,2024,1,1.0
DRF,2,39703590,2024,1,1.0
DRF,3,39619453,2024,1,1.0
DRF,4,39603012,2025,0,1.0
DRF,5,39533288,2024,1,1.0
DRF,6,39525456,2024,1,1.0
DRF,7,39513719,2024,1,1.0
DRF,8,39501588,2026,0,1.0
DRF,9,39499691,2024,1,3.0
DRF,10,39498713,2024,1,2.0
DRF,11,39488766,2025,0,1.0
DRF,12,39487749,2025,0,1.0
DRF,13,39465797,2024,1,1.5
DRF,14,39434063,2024,1,1.0
DRF,15,39410975,2024,1,1.0
DRF,16,39381390,2024,1,1.0
DRF,17,39374204,2024,1,1.0
DRF,18,39354173,2024,1,3.0
DRF,19,39349296,2024,1,2.0
DRF,20,39318136,2025,0,1.0
DRF,21,39306789,2025,0,1.0
DRF,22,39301978,2024,1,1.0
DRF,23,41267957,2025,0,1.0
DRF,24,39140919,2024,1,1.0
DRF,25,39059547,2025,0,2.0
DRF,26,39050320,2024,1,1.0
DRF,27,39007798,2024,1,1.0
DRF,28,38977436,2024,1,1.0
DRF,29,38947262,2024,1,1.0
DRF,30,38934995,2024,1,1.0
DRF,31,38919743,2024,1,1.0
DRF,32,38900165,2024,1,1.0
DRF,33,38892751,2024,1,1.0
DRF,34,38875842,2024,1,3.0
DRF,35,38819680,2024,1,1.0
DRF,36,38765412,2024,1,1.0
DRF,37,38760061,2024,1,1.0
DRF,38,38745283,2024,1,1.0
DRF,39,38711473,2024,1,1.0
DRF,40,38711069,2024,1,1.0
DRF,41,38655414,2024,1,1.0
DRF,42,38642122,2024,1,3.0
DRF,43,38640326,2024,1,1.0
DRF,44,38618994,2024,1,1.0
DRF,45,38611610,2024,1,1.0
DRF,46,38606964,2025,0,1.0
DRF,47,38602605,2024,1,1.0
DRF,48,38584030,2025,0,1.0
DRF,49,38516390,2024,1,1.0
DRF,50,38505209,2024,1,1.0
DRF,51,38494850,2025,0,1.0
DRF,52,38490894,2024,1,1.0
DRF,53,38459975,2024,1,2.0
DRF,54,40395829,2025,0,1.0
DRF,55,38448781,2024,1,1.0
DRF,56,38433790,2024,1,1.0
DRF,57,38418699,2024,1,1.0
DRF,58,38411105,2025,0,1.0
DRF,59,38360673,2024,1,1.0
DRF,60,38349719,2024,1,1.0
DRF,61,38346449,2024,1,1.0
DRF,62,38305894,2024,1,2.5
DRF,63,40395825,2025,0,1.0
DRF,64,38153736,2023,1,1.0
DRF,65,38152426,2024,1,1.0
DRF,66,38097861,2023,1,1.0
DRF,67,38073267,2023,1,1.0
DRF,68,38069952,2024,1,1.0
DRF,69,38060024,2024,1,1.0
DRF,70,38036802,2023,1,1.0
DRF,71,38006235,2025,0,1.0
DRF,72,37952557,2024,1,1.0
DRF,73,37924650,2023,1,1.0
DRF,74,37885613,2023,1,1.0
DRF,75,37880683,2023,1,1.0
DRF,76,37819401,2024,1,1.5
DRF,77,37790836,2023,1,1.0
DRF,78,37790832,2023,1,1.0
DRF,79,37780632,2023,1,1.0
DRF,80,37748865,2023,1,3.0
DRF,81,37737801,2023,1,2.0
DRF,82,37737570,2025,0,2.0
DRF,83,37723447,2023,1,1.5
DRF,84,37719316,2023,1,1.0
DRF,85,37702817,2023,1,1.0
DRF,86,37689739,2023,1,1.0
DRF,87,37670304,2023,1,1.0
DRF,88,37642151,2023,1,1.0
DRF,89,37578402,2023,1,1.0
DRF,90,37559884,2023,1,1.0
DRF,91,37552142,2024,1,1.0
DRF,92,37548697,2024,1,1.0
DRF,93,37532978,2023,1,1.5
DRF,94,37528953,2023,1,1.0
DRF,95,37519534,2023,1,1.0
DRF,96,37480916,2023,1,1.0
DRF,97,37438487,2023,1,1.5
DRF,98,37430230,2023,1,1.0
DRF,99,37356571,2023,1,1.0
DRF,100,37344710,2023,1,1.0
DRF,101,37326988,2023,1,1.0
DRF,102,37250567,2023,1,1.0
DRF,103,37223388,2023,1,1.0
DRF,104,37211473,2023,1,1.0
DRF,105,37201794,2023,1,1.0
DRF,106,37178164,2023,1,1.0
DRF,107,37173148,2023,1,1.0
DRF,108,37095046,2023,1,1.0
DRF,109,37091269,2023,1,1.0
DRF,110,37061389,2023,1,3.0
DRF,111,37029035,2023,1,1.0
DRF,112,37029034,2023,1,1.0
DRF,113,37023069,2023,1,3.0
DRF,114,36974297,2023,1,1.0
DRF,115,36973374,2023,1,1.0
DRF,116,36968678,2023,1,1.0
DRF,117,36967433,2023,1,1.0
DRF,118,36961845,2023,1,1.0
DRF,119,36914490,2023,1,1.0
DRF,120,36902861,2023,1,1.0
DRF,121,36894929,2023,1,1.0
DRF,122,36788744,2024,1,1.0
DRF,123,36780156,2023,1,3.0
DRF,124,36769848,2023,1,1.0
DRF,125,36764845,2024,1,1.0
DRF,126,36708181,2023,1,2.0
DRF,127,36704387,2023,1,1.0
DRF,128,36676082,2023,1,1.0
DRF,129,36660494,2023,1,1.0
DRF,130,36564988,2024,1,2.0
DRF,131,36526519,2024,1,2.0
DRF,132,36507200,2022,1,1.0
DRF,133,36443579,2022,1,3.0
DRF,134,36420089,2022,1,1.0
DRF,135,36345175,2022,1,1.0
DRF,136,36299238,2023,1,2.0
DRF,137,36277562,2022,1,1.0
DRF,138,36233449,2022,1,1.0
DRF,139,36178421,2022,1,1.0
DRF,140,36143316,2022,1,1.0
DRF,141,36134071,2022,1,1.0
DRF,142,36075246,2022,1,3.0
DRF,143,36037663,2022,1,1.0
DRF,144,36033984,2022,1,1.0
DRF,145,35972706,2022,1,1.0
DRF,146,35954509,2022,1,3.0
DRF,147,35941252,2022,1,1.0
DRF,148,35931630,2024,1,1.0
DRF,149,35915673,2022,1,1.0
DRF,150,35887594,2022,1,1.0
DRF,151,35882660,2022,1,1.0
DRF,152,35881150,2023,1,1.0
DRF,153,35853284,2022,1,1.0
DRF,154,35831055,2022,1,3.0
DRF,155,35787484,2022,1,1.5
DRF,156,38152674,2023,1,1.0
DRF,157,35718925,2022,1,1.0
DRF,158,35652298,2022,1,3.0
DRF,159,37701309,2023,1,1.0
DRF,160,35628978,2022,1,1.0
DRF,161,35601523,2022,1,1.0
DRF,162,35562282,2023,1,1.0
DRF,163,35549696,2022,1,3.0
DRF,164,35547001,2022,1,1.0
DRF,165,35544584,2023,1,1.0
DRF,166,35498785,2022,1,1.0
DRF,167,35478941,2022,1,1.0
DRF,168,35441194,2022,1,1.0
DRF,169,35436224,2022,1,1.0
DRF,170,35428544,2023,1,1.0
DRF,171,35426346,2023,1,1.0
DRF,172,35365511,2022,1,1.0
DRF,173,35351334,2022,1,1.0
DRF,174,35331272,2022,1,1.0
DRF,175,35330490,2022,1,1.0
DRF,176,35327797,2022,1,1.0
DRF,177,35311581,2022,1,1.0
DRF,178,35256000,2022,1,1.0
DRF,179,35251820,2022,1,1.0
DRF,180,35245987,2022,1,1.0
DRF,181,35207652,2022,1,1.0
DRF,182,35205249,2022,1,1.0
DRF,183,35183121,2022,1,1.5
DRF,184,35152940,2022,1,3.0
DRF,185,35135427,2022,1,1.0
DRF,186,35064293,2023,1,1.0
DRF,187,35045969,2022,1,3.0
DRF,188,35037579,2022,1,1.0
DRF,189,35005249,2021,1,1.0
DRF,190,35000493,2022,1,1.0
DRF,191,34966495,2021,1,1.0
DRF,192,34963345,2022,1,1.5
DRF,193,34963344,2022,1,1.0
DRF,194,34945070,2021,1,1.0
DRF,195,34929107,2021,1,1.0
DRF,196,34924017,2021,1,1.0
DRF,197,34868748,2021,1,1.0
DRF,198,34856811,2021,1,1.0
DRF,199,34794848,2023,1,2.0
DRF,200,34776165,2021,1,1.0
DRF,201,34762044,2021,1,1.0
DRF,202,34756488,2023,1,1.0
DRF,203,34607738,2022,1,3.0
DRF,204,37020605,2023,1,1.0
DRF,205,34516503,2021,1,1.0
DRF,206,34498356,2021,1,1.0
DRF,207,34434592,2021,1,1.0
DRF,208,34388959,2022,1,1.0
DRF,209,34366180,2022,1,3.0
DRF,210,34332854,2022,1,1.0
DRF,211,34330854,2021,1,1.0
DRF,212,34299842,2021,1,1.0
DRF,213,34239201,2021,1,1.0
DRF,214,34194659,2021,1,1.0
DRF,215,34185766,2021,1,1.0
DRF,216,34174925,2021,1,2.0
DRF,217,34137830,2021,1,3.0
DRF,218,34130364,2021,1,1.0
DRF,219,34124629,2021,1,1.0
DRF,220,34085088,2021,1,1.0
DRF,221,34024642,2022,1,1.0
DRF,222,33994084,2021,1,3.0
DRF,223,33934725,2021,1,1.0
DRF,224,33922371,2021,1,1.0
DRF,225,33869997,2021,1,1.0
DRF,226,33825998,2021,1,1.0
DRF,227,33747373,2021,1,3.0
DRF,228,33563259,2021,1,1.0
DRF,229,35415538,2021,1,1.0
DRF,230,33548565,2021,1,1.0
DRF,231,33512859,2021,1,1.0
DRF,232,33394757,2021,1,1.0
DRF,233,33376643,2020,1,1.0
DRF,234,33334205,2021,1,1.0
DRF,235,33316821,2021,1,1.0
DRF,236,33308929,2022,1,3.0
DRF,237,33287782,2020,1,1.0
DRF,238,33282446,2020,1,1.0
DRF,239,33276758,2020,1,1.5
DRF,240,33273406,2021,1,1.5
DRF,241,33215091,2020,1,1.0
DRF,242,33189661,2020,1,1.0
DRF,243,33042641,2020,1,1.0
DRF,244,33031472,2020,1,1.0
DRF,245,32893099,2021,1,1.0
DRF,246,32876712,2021,1,1.0
DRF,247,32862263,2021,1,1.0
DRF,248,32843043,2020,1,1.0
DRF,249,32820451,2020,1,1.0
DRF,250,32807393,2020,1,1.0
DRF,251,32787973,2020,1,1.0
DRF,252,32760608,2020,1,1.0
DRF,253,32752977,2021,1,1.0
DRF,254,32698981,2020,1,1.0
DRF,255,32632509,2020,1,1.0
DRF,256,35415499,2020,1,1.0
DRF,257,32517675,2020,1,2.0
DRF,258,32469881,2020,1,3.0
DRF,259,32458129,2020,1,1.0
DRF,260,32440381,2020,1,1.0
DRF,261,32433648,2020,1,3.0
DRF,262,32377805,2020,1,1.0
DRF,263,32356451,2021,1,1.0
DRF,264,32340760,2020,1,1.0
DRF,265,32300839,2020,1,1.0
DRF,266,32271318,2020,1,1.0
DRF,267,32264913,2020,1,1.0
DRF,268,32233845,2020,1,1.0
DRF,269,32197641,2020,1,1.0
DRF,270,32193695,2020,1,1.0
DRF,271,32162767,2020,1,1.0
DRF,272,32110472,2020,1,1.0
DRF,273,32102556,2022,1,1.0
DRF,274,32089282,2020,1,1.0
DRF,275,32052265,2020,1,1.0
DRF,276,32044260,2020,1,1.0
DRF,277,32041567,2020,1,2.0
DRF,278,32035488,2020,1,1.5
DRF,279,32000605,2020,1,1.0
DRF,280,32000600,2020,1,1.0
DRF,281,31950234,2021,1,1.0
DRF,282,31948477,2020,1,1.0
DRF,283,31930451,2020,1,1.0
DRF,284,31902545,2021,1,1.0
DRF,285,31890105,2019,1,1.0
DRF,286,31876762,2019,1,1.0
DRF,287,31844826,2019,1,1.0
DRF,288,31832392,2019,1,1.0
DRF,289,31832390,2019,1,1.0
DRF,290,31792609,2020,1,1.0
DRF,291,31754756,2020,1,1.0
DRF,292,31720710,2020,1,1.0
DRF,293,31680591,2020,1,1.0
DRF,294,31641971,2020,1,1.0
DRF,295,31584341,2020,1,3.0
DRF,296,31579551,2019,1,1.0
DRF,297,31558993,2019,1,1.0
DRF,298,31543316,2019,1,1.0
DRF,299,31535152,2020,1,1.0
DRF,300,31497579,2019,1,1.0
DRF,301,31495523,2019,1,1.0
DRF,302,31447399,2019,1,1.5
DRF,303,31413497,2019,1,1.0
DRF,304,31404224,2019,1,1.0
DRF,305,31404192,2019,1,1.0
DRF,306,31353941,2019,1,3.0
DRF,307,31348349,2019,1,3.0
DRF,308,31345563,2019,1,3.0
DRF,309,31232797,2019,1,1.0
DRF,310,31092075,2020,1,1.0
DRF,311,31076143,2019,1,1.0
DRF,312,31037018,2019,1,1.0
DRF,313,30977554,2019,1,1.0
DRF,314,30855170,2019,1,1.5
DRF,315,30845365,2019,1,3.0
DRF,316,30809543,2019,1,1.0
DRF,317,30787500,2019,1,1.0
DRF,318,30733100,2019,1,1.0
DRF,319,30715000,2018,1,2.5
DRF,320,30706096,2019,1,1.0
DRF,321,30669949,2019,1,2.0
DRF,322,30657531,2019,1,3.0
DRF,323,30635200,2019,1,1.0
DRF,324,30596285,2020,1,1.0
DRF,325,30589789,2019,1,2.0
DRF,326,30547221,2019,1,1.0
DRF,327,30502018,2019,1,1.0
DRF,328,30377011,2019,1,2.0
DRF,329,30341694,2018,1,1.0
DRF,330,30317380,2018,1,1.0
DRF,331,30247773,2018,1,2.0
DRF,332,30243674,2018,1,1.0
DRF,333,30200798,2018,1,1.0
DRF,334,30104925,2018,1,1.0
DRF,335,30103788,2018,1,1.0
DRF,336,30042026,2018,1,1.0
DRF,337,30017179,2018,1,1.0
DRF,338,29980394,2018,1,1.0
DRF,339,29956020,2019,1,1.0
DRF,340,29952895,2018,1,1.0
DRF,341,29948399,2018,1,1.0
DRF,342,29946757,2018,1,1.0
DRF,343,29940926,2018,1,3.0
DRF,344,29929689,2018,1,1.0
DRF,345,29922501,2018,1,1.0
DRF,346,29908931,2018,1,1.0
DRF,347,29900159,2018,1,1.0
DRF,348,29807188,2018,1,1.0
DRF,349,29796826,2018,1,1.0
DRF,350,29780618,2018,1,1.0
DRF,351,29779839,2018,1,1.0
DRF,352,29734893,2018,1,1.0
DRF,353,29705078,2019,1,1.0
DRF,354,29661068,2019,1,1.5
DRF,355,29651313,2018,1,1.0
DRF,356,29626236,2018,1,1.0
DRF,357,29621979,2018,1,1.0
DRF,358,29559327,2018,1,1.0
DRF,359,29558002,2018,1,1.0
DRF,360,29520327,2017,1,1.0
DRF,361,29499673,2018,1,1.0
DRF,362,29463126,2019,1,2.0
DRF,363,29438391,2018,1,1.0
DRF,364,29429577,2018,1,2.0
DRF,365,29419627,2018,1,1.0
DRF,366,29406451,2018,1,3.0
DRF,367,29375815,2017,1,1.0
DRF,368,29344692,2018,1,2.0
DRF,369,29338893,2018,1,1.0
DRF,370,29299492,2017,1,1.0
DRF,371,29259963,2017,1,1.0
DRF,372,29150382,2019,1,2.0
DRF,373,29099886,2017,1,1.0
DRF,374,29081703,2017,1,1.0
DRF,375,29043745,2017,1,1.0
DRF,376,29024249,2018,1,1.0
DRF,377,28993002,2018,1,1.0
DRF,378,28975362,2018,1,1.5
DRF,379,28923035,2017,1,3.0
DRF,380,28920036,2017,1,1.0
DRF,381,28870625,2017,1,2.0
DRF,382,28870129,2018,1,3.0
DRF,383,28735363,2017,1,1.0
DRF,384,28720040,2018,1,1.0
DRF,385,28647621,2017,1,1.0
DRF,386,28587685,2017,1,1.0
DRF,387,28581277,2017,1,1.0
DRF,388,28578470,2017,1,3.0
DRF,389,28555811,2017,1,1.0
DRF,390,28511594,2018,1,1.0
DRF,391,28490225,2017,1,3.0
DRF,392,28411349,2017,1,1.0
DRF,393,28371079,2017,1,1.5
DRF,394,28342739,2017,1,1.0
DRF,395,28340130,2017,1,1.5
DRF,396,28290758,2017,1,1.0
DRF,397,28271083,2017,1,1.0
DRF,398,28208956,2016,1,1.0
DRF,399,28181651,2017,1,1.0
DRF,400,28069517,2017,1,1.0
DRF,401,28040075,2016,1,2.5
DRF,402,28004299,2017,1,1.0
DRF,403,27870256,2016,1,2.0
DRF,404,27847680,2016,1,1.0
DRF,405,27664946,2017,1,1.0
DRF,406,26590159,2016,1,1.0
DRF,407,27697401,2017,1,1.5
DRF,408,27670149,2016,1,1.0
DRF,409,27633174,2016,1,3.0
DRF,410,27595946,2016,1,1.0
DRF,411,27581955,2017,1,1.5
DRF,412,27537227,2016,1,1.0
DRF,413,27454504,2016,1,1.0
DRF,414,27454497,2016,1,1.0
DRF,415,27367261,2016,1,1.0
DRF,416,27341808,2016,1,1.0
DRF,417,27317345,2016,1,1.0
DRF,418,27299141,2016,1,1.0
DRF,419,27247508,2016,1,1.0
DRF,420,27242328,2016,1,1.0
DRF,421,27233355,2016,1,2.0
DRF,422,27206255,2016,1,1.0
DRF,423,27189150,2016,1,2.0
DRF,424,27142632,2016,1,3.0
DRF,425,27106578,2016,1,1.0
DRF,426,27101161,2016,1,1.0
DRF,427,27053837,2016,1,1.0
DRF,428,27051250,2016,1,1.0
DRF,429,26978132,2016,1,2.5
DRF,430,26911297,2016,1,1.5
DRF,431,26880462,2016,1,2.0
DRF,432,26860090,2016,1,3.0
DRF,433,26762327,2016,1,1.0
DRF,434,26709818,2016,1,3.0
DRF,435,26659065,2016,1,2.0
DRF,436,26598107,2017,1,1.0
DRF,437,26538760,2015,1,1.0
DRF,438,26527599,2015,1,1.0
DRF,439,26510846,2016,1,1.0
DRF,440,26491587,2015,1,1.0
DRF,441,26446962,2015,1,1.0
DRF,442,26416429,2015,1,1.5
DRF,443,26388007,2015,1,1.0
DRF,444,26373414,2015,1,1.0
DRF,445,26367200,2015,1,1.5
DRF,446,26330962,2015,1,1.0
DRF,447,26319206,2015,1,1.0
DRF,448,26309632,2015,1,1.0
DRF,449,26294293,2016,1,3.0
DRF,450,26261741,2015,1,1.0
DRF,451,26261739,2015,1,1.0
DRF,452,26261738,2015,1,1.0
DRF,453,26199986,2016,1,1.0
DRF,454,26178795,2016,1,2.5
DRF,455,26139690,2015,1,2.0
DRF,456,26064356,2015,1,1.0
DRF,457,26034442,2015,1,1.0
DRF,458,26032211,2015,1,3.0
DRF,459,25990562,2015,1,1.0
DRF,460,25989902,2015,1,1.0
DRF,461,25957065,2015,1,2.0
DRF,462,25936737,2015,1,1.0
DRF,463,25909341,2015,1,1.0
DRF,464,25888296,2015,1,1.0
DRF,465,25872504,2015,1,3.0
DRF,466,25851177,2015,1,1.0
DRF,467,25792491,2015,1,2.0
DRF,468,25708827,2015,1,1.0
DRF,469,25687428,2016,1,1.0
DRF,470,25662993,2015,1,1.0
DRF,471,25585546,2015,1,1.0
DRF,472,25567776,2015,1,1.5
DRF,473,25491556,2014,1,3.0
DRF,474,25380128,2014,1,1.0
DRF,475,25360346,2014,1,1.0
DRF,476,25349960,2015,1,2.5
DRF,477,25240809,2015,1,1.0
DRF,478,25233158,2015,1,1.0
DRF,479,25175985,2014,1,3.0
DRF,480,25135248,2014,1,1.0
DRF,481,25131230,2014,1,1.0
DRF,482,25129996,2014,1,2.0
DRF,483,25120328,2014,1,2.0
DRF,484,25097811,2014,1,1.0
DRF,485,25086601,2014,1,1.0
DRF,486,25080094,2014,1,2.0
DRF,487,25059252,2014,1,1.0
DRF,488,25048257,2014,1,1.5
DRF,489,25030810,2014,1,1.0
DRF,490,24986954,2014,1,2.0
DRF,491,24881899,2014,1,2.0
DRF,492,26816072,2014,1,1.0
DRF,493,24833176,2014,1,2.0
DRF,494,24785702,2014,1,1.0
DRF,495,24759377,2014,1,1.0
DRF,496,24704263,2014,1,1.0
DRF,497,24691649,2014,1,2.0
DRF,498,24674611,2014,1,1.0
DRF,499,24669855,2014,1,1.0
DRF,500,24666925,2014,1,1.0
DRF,501,24644096,2014,1,2.5
DRF,502,24533248,2014,1,1.0
DRF,503,24469166,2014,1,1.0
DRF,504,24395317,2014,1,2.0
DRF,505,25986354,2014,1,1.0
DRF,506,24338051,2014,1,1.0
DRF,507,24038537,2014,1,1.0
DRF,508,24035653,2013,1,1.0
DRF,509,24011861,2013,1,1.0
DRF,510,23959907,2013,1,1.0
DRF,511,23912935,2014,1,2.0
DRF,512,23844197,2013,1,1.0
DRF,513,23730081,2012,1,1.0
DRF,514,23628557,2013,1,2.0
DRF,515,23529145,2013,1,3.0
DRF,516,23505668,2013,1,1.0
DRF,517,23497724,2013,1,1.0
DRF,518,23417247,2013,1,1.0
DRF,519,23364401,2013,1,1.0
DRF,520,23329371,2013,1,1.0
DRF,521,23289024,2012,1,1.0
DRF,522,23216334,2013,1,1.0
DRF,523,23110491,2012,1,1.5
DRF,524,23097259,2013,1,1.0
DRF,525,23086081,2013,1,1.0
DRF,526,22954329,2012,1,3.0
DRF,527,22942849,2011,1,1.0
DRF,528,22937040,2012,1,1.0
DRF,529,22921875,2012,1,1.0
DRF,530,22748352,2012,1,1.0
DRF,531,22745101,2012,1,1.0
DRF,532,22733622,2012,1,1.0
DRF,533,22554668,2012,1,1.0
DRF,534,22547252,2012,1,1.0
DRF,535,22525983,2013,1,1.0
DRF,536,22491432,2012,1,1.0
DRF,537,22465517,2012,1,1.0
DRF,538,22303889,2012,1,1.0
DRF,539,22281409,2012,1,1.0
DRF,540,22265342,2012,1,1.0
DRF,541,22095911,2012,1,1.0
DRF,542,22017783,2011,1,1.0
DRF,543,21970521,2011,1,2.0
DRF,544,21962048,2011,1,1.0
DRF,545,21927921,2012,1,1.0
DRF,546,21904951,2012,1,1.0
DRF,547,21898594,2011,1,1.0
DRF,548,21886923,2011,1,1.0
DRF,549,23569689,2011,1,1.0
DRF,550,21811901,2010,1,1.0
DRF,551,23569685,2011,1,1.0
DRF,552,21715104,2011,1,1.0
DRF,553,21705154,2011,1,1.0
DRF,554,21702989,2011,1,1.0
DRF,555,21463723,2011,1,2.0
DRF,556,21457576,2011,1,3.0
DRF,557,21455735,2011,1,2.0
DRF,558,21071031,2011,1,1.0
DRF,559,21029976,2010,1,1.0
DRF,560,20972668,2011,1,2.0
DRF,561,20936402,2011,1,1.0
DRF,562,20878389,2011,1,3.0
DRF,563,20721720,2010,1,2.0
DRF,564,20633062,2010,1,2.0
DRF,565,20616099,2010,1,2.0
DRF,566,20558481,2010,1,1.0
DRF,567,20489664,2011,1,1.0
DRF,568,20458083,2010,1,1.0
DRF,569,20237186,2010,1,3.0
DRF,570,20231246,2010,1,1.0
DRF,571,20200951,2010,1,1.0
DRF,572,20181332,2010,1,2.0
DRF,573,20065876,2010,1,1.0
DRF,574,19858462,2009,1,1.0
DRF,575,19857096,2009,1,1.0
DRF,576,19813045,2010,1,2.0
DRF,577,19808133,2009,1,3.0
DRF,578,19797572,2009,1,2.0
DRF,579,19774323,2010,1,1.0
DRF,580,19706174,2009,1,2.0
DRF,581,19687076,2010,1,1.0
DRF,582,19582539,2010,1,1.0
DRF,583,19573252,2009,1,1.0
DRF,584,19237618,2009,1,1.0
DRF,585,19193340,2008,1,1.0
DRF,586,19121727,2009,1,1.0
DRF,587,19043357,2008,1,1.0
DRF,588,19030948,2008,1,1.0
DRF,589,19001204,2008,1,1.0
DRF,590,18980668,2008,1,2.0
DRF,591,18836672,2009,1,2.0
DRF,592,18823546,2008,1,2.0
DRF,593,18629567,2008,1,3.0
DRF,594,18584260,2008,1,1.0
DRF,595,18393740,2008,1,2.0
DRF,596,18301363,2008,1,1.0
DRF,597,18299546,2008,1,3.0
DRF,598,18058055,2008,1,1.0
DRF,599,18053789,2008,1,1.0
DRF,600,17681113,2007,1,1.0
DRF,601,17645403,2007,1,3.0
DRF,602,17597682,2006,1,1.0
DRF,603,17540030,2007,1,1.0
DRF,604,17464618,2007,1,2.0
DRF,605,17289531,2007,1,1.0
DRF,606,17211302,2006,1,1.0
DRF,607,17145266,2007,1,1.0
DRF,608,17086470,2007,1,2.5
DRF,609,16868669,2006,1,2.5
DRF,610,16860270,2006,1,1.0
DRF,611,16829222,2006,1,1.0
DRF,612,16520603,2002,1,1.0
DRF,613,16508491,2006,1,2.0
DRF,614,16488469,2006,1,2.5
DRF,615,16421918,2006,1,1.0
DRF,616,16313208,2005,1,1.0
DRF,617,16283478,2005,1,1.0
DRF,618,16003199,2005,1,1.0
DRF,619,15765180,2005,1,1.0
DRF,620,15692728,2005,1,2.0
DRF,621,15619675,2005,1,1.0
DRF,622,15619671,2005,1,1.0
DRF,623,15355555,2004,1,1.0
DRF,624,15353428,2004,1,2.5
DRF,625,15317925,2004,1,3.0
DRF,626,15273672,2004,1,2.5
DRF,627,15221208,2005,1,1.0
DRF,628,15116824,2004,1,3.0
DRF,629,15014931,2004,1,1.0
DRF,630,14751115,2004,1,1.0
DRF,631,14668497,2003,1,2.0
DRF,632,14662628,2003,1,1.0
DRF,633,14655235,2003,1,1.0
DRF,634,14595528,2004,1,1.0
DRF,635,12733729,2003,1,2.0
DRF,636,12679687,2003,1,2.0
DRF,637,12665700,2003,1,2.0
DRF,638,12631662,2003,1,1.0
DRF,639,12627984,2003,1,1.0
DRF,640,12594989,2003,1,2.0
DRF,641,12582792,2003,1,1.0
DRF,642,12394867,2002,1,1.0
DRF,643,12132101,2002,1,1.0
DRF,644,12028253,2002,1,1.0
DRF,645,11934657,2002,1,1.0
DRF,646,11708425,2001,0,1.0
DRF,647,11508508,2001,0,1.0
DRF,648,11315997,2001,0,1.5
DRF,649,11199185,2000,1,1.0
DRF,650,11196034,2000,1,2.0
DRF,651,11153320,2000,1,1.0
DRF,652,11021862,2000,1,2.0
DRF,653,10842877,2000,1,1.0
DRF,654,10811548,2000,1,1.0
