case,vector_row,raw_row,pmid,year,analyzed,text_sha256
PJI,0,1,40479559,2025,0,6deda51eca8008ead20c0095d0048cac16fe8ea62ef4d48ef6e007863d8c87e3
PJI,1,3,39959369,2024,1,8fcafc110c982a80c15030091f1e82794fb35b5ea9e1e91f4f1be3a6e5578a14
PJI,2,4,39912069,2025,0,c41f762a9b5168b84aab87bcec70580d51c5b1e76d59df292941b55b5299bdfc
PJI,3,5,39903456,2025,0,37fc6f5122ac39c295a99a2eaf8d950ae36cd2da3201a09149242ac81fa1c099
PJI,4,8,39866539,2025,0,df8a8b7ae0939b73f5943add5166a98b5002d6db05a81553945dfc3ad297b028
PJI,5,9,39860971,2024,1,8b04255f213605a1ba57e7c63d3812bd369436061bb78045cbb5a24952f7a5d4
PJI,6,10,39822837,2024,1,bbf6a4f7a5c02f32416b10b1b519addd228f1457a9a893abf5f45a5fce9fa300
PJI,7,11,39822830,2024,1,8462307d4043c84113272ff7a80997837013ddc6fd2a58761c1bb198fab5d47a
PJI,8,13,39781142,2024,1,4ad8463a857a4c7c6801c51800e01581c398e30f9bbad97cc0ea5f54dac878d5
PJI,9,15,39766617,2024,1,f77e7087d900a32bd5b41195f7919a5408d72ed6ee330f7b4bad86073b0de4a4
PJI,10,16,39735449,2024,1,cf5cbdf42905d775551fdaa784be9282db244c66d637bc36d29b82356ff5d854
PJI,11,17,39725019,2025,0,9a15c4647cb761ade342ea2f93fa70a5464bbe25bb5fb4c61e7df2f18ddff5df
PJI,12,18,39719895,2025,0,e68bbb5d9f4b3672ac107efb88df80aa1fe6c0d64e4d9d66f708a03e2c07cffb
PJI,13,19,39719003,2025,0,2548dbb591472bdb4ee1cb73efdec43593779f2c18286d675cec63a9da6cc722
PJI,14,20,39718577,2024,1,4be49ad452dea90fd5dbc90913b53112999f2d457ca610988d4a72a516b573d2
PJI,15,22,39715296,2025,0,665e3d7d7c0d72fde4313649ada56e7a9adccda8b95cef9fd49051bf7f92007c
PJI,16,24,39710215,2025,0,1b2580bf7b62e9ceb40ed588477f605fc85d048ae0e456208897ca5e6009f326
PJI,17,25,39708185,2024,1,54540ad72bea8a5664a2f019bfb7f79740fac510fa3646b666e8bb9340b93718
PJI,18,27,39706353,2025,0,c3116cbb662c77109aab8807e18364aafa932053b75a8997099a7d509a3e26c3
PJI,19,28,39701443,2025,0,8f2858cd869972597336d92e8e3e17b0a365473f42fa807ddb231ccb43e9ac8f
PJI,20,29,39698321,2024,1,b271efeb9a6799535ad1ce21c21fcc859f774658caa29171427ce2c5d57de45c
PJI,21,30,39694929,2024,1,2e67d9899fe470f446f111c83f74c96987f59c1cbc0431a1f10e8f7aa07227a6
PJI,22,32,39692104,2025,0,0a6aaf80b09cc05fb04ca7c4f16869803a732b9432127ab75a53796b1c8fd692
PJI,23,34,39685927,2024,1,1172db2c0031472cedbb69ffc3e551f591ccc17f4ec12ddbf45ec8cc3afb74ec
PJI,24,36,39668370,2024,1,060974112a4938b89ec182482e917b42974b87f00c3ed655f50027639fb3a0b8
PJI,25,37,39667591,2025,0,97c937f94de0060d621761aeb7f576d6f40615a264fbab25e95559bc672c8daa
PJI,26,38,39667407,2025,0,a08b025c54ba3e96fdecf6a83b85338b664a0d9793f08a5a1f7fad5294c44c5a
PJI,27,39,39666043,2024,1,ec2449feb8b964c75b56a7d23e11965bdabd9d0d5aaee9d8852b196a8e3fdb49
PJI,28,40,39665842,2024,1,afa96885b5557c08298c3459009fbe811940b95be8f5d7f704320425d7d3e6b8
PJI,29,41,39665838,2024,1,ce9e93b9e84bce1248dcf079a7ebd390227e37f08a046278e2a5c8e62e705eb8
PJI,30,44,39654596,2024,1,3e827696b18bb42b71276e97c715fa344b9f44fff0c5f4ebd72efeee56737d42
PJI,31,45,39653142,2025,0,6e2322cebb6b9d6ce176236ebe689aa17320c0072589f8343785acc6758b5b66
PJI,32,47,39649045,2024,1,39df23a089a6dbd8a49e0eb9653e142dbe0b6e75e21d9d092bacfcb01e9c6be2
PJI,33,48,39637374,2025,0,c0821a0faa758f415ea69e8fed54e495124469c84cf3496da7f4d28dcb4148d2
PJI,34,49,39633436,2024,1,8cc273034371a7d239a2fbf31978cd90875e3f54c5e0bfd746bf17dfac8d96de
PJI,35,50,39632336,2025,0,52e0450145b82eb2fba63a43db0489c4d04e9841485808c20284d52f9c54dd49
PJI,36,52,39622423,2025,0,855c14bddef39ed93655dee2cfa293d423b0c72c3e007ec191ff7c3ab74af99b
PJI,37,54,39615518,2024,1,225e4a4239b498d5e4a761dfcf1e692cb2732e9404b3644bc0c494612fa9c235
PJI,38,55,39612194,2025,0,f9ae281e650b1d80bb1032d0e9c63b5111e13f97b20bc5644f34ec6cdfe2af52
PJI,39,56,39611436,2024,1,7840fb034a012ad53aff9472df0bac286afc9643e636490acc04b000a492d624
PJI,40,58,39603366,2025,0,a3f6a2a3a2a430d24610c756e1189e89cd8600df4ffabcb34383360e08926145
PJI,41,59,39602249,2025,0,2e3a8fff3973713fc979e7d160c8dcd2b0f2d819aebf4c917a1c070d70fd6f45
PJI,42,62,39594167,2024,1,aa02f657040059f3c327c1e7d3085749bceb58fdd1ac5c774b6b99905c0dad92
PJI,43,63,39589098,2024,1,db88c391afaded8e612ff33fd1da7160682f539f3080ca0e27192342584074f2
PJI,44,64,39586410,2025,0,2b1165c25dbaf14d03ab420626e5e562f21806c927e0758cd15a90179952b223
PJI,45,67,39575176,2024,1,ad339f51ff7652a69a139a280d8dc91229533d89187cd16f35a9467465ff900e
PJI,46,68,39568496,2025,0,d9f3330106930539b459c9b77b6e630b71a44cd2fe86ff224181816d11fac624
PJI,47,69,39564407,2026,0,9b7a4a088d671becde8e315e25cc97d990482195ab0daeb09e7f55b78d9aa5af
PJI,48,70,39564405,2025,0,adb5f0e76edd02d42afc9d3a3bb7a3a2e2f2309fa14ff19cbc75b4258cc6551d
PJI,49,71,39564092,2025,0,7f6e32ccd80eb9ef685a0fbf51e1fe19cde753303976d6399d18dc6d86711995
PJI,50,72,39564086,2025,0,50934f15d248fd2465e7f0ecf734bb0b73cb14228cd1ce0d8927dcd9723a06f1
PJI,51,73,39562499,2025,0,16c3c3026dfd06c075f7dff200f85760169b30ce36defebb1de96bcc954dfa88
PJI,52,74,39552697,2025,0,8301c41b538e13f791ca9259d6eb3bd77fd40640416753c7deb44cb400b3e8a8
PJI,53,75,39551407,2025,0,d031276a3f9baffbd49a2967b26a221636fe7a52a9361ab49ca3b143fc4329a8
PJI,54,77,39542235,2025,0,b395b6253e1d10d0921389389a26f5cbfa1a42d88504d390ba425f0a9c0f8127
PJI,55,79,39535202,2024,1,a502dbeae1813ff6d8f3fdddfa1c222a96c1163bdd0581f03453d74e09dd9b43
PJI,56,80,39528166,2025,0,06d9ac95fde82e2ac2ddb0b4cff3bc7c558c38cb6c2e12fb4344f4b1e1280704
PJI,57,83,39504359,2025,0,e0f828213e452e543ca8b7ac19ff13483b8288d865ab52a768e03d86b97dbde2
PJI,58,84,39501229,2024,1,4d6c61512d4b8687a419e5da656da987cb9078005a4053ffc280766e1ca81782
PJI,59,86,39493408,2024,1,6f66a9eb5f6ef110ba79256947a8c36253c18ad64fdd23a9852bb090e3adc02b
PJI,60,89,39493033,2024,1,7b001cb24cbaabdf4894b80dc778185dcbafeb45c70649da420ca042ada7c2a2
PJI,61,90,39491774,2025,0,e92cea9469498f002d17afea9584c958ae5749f85d3f400e127c26c7892ef6bf
PJI,62,91,39490779,2025,0,4f1c14e1c33d0ce55af3645c2dbe2c4dd09474ff129f6b96fda89d6ff8dfa797
PJI,63,92,39489386,2025,0,35f30c11b226b91681761055a677b2c3e5aa123a611e71b5d2fdf923d4213855
PJI,64,93,39486470,2025,0,95ec1a6e9e26b1c1aea4a5f0e4b5fa154c4aa0356871c2315c97bded93302a78
PJI,65,94,39481617,2025,0,8446921f7ee88157582889889468759bb554b61937ec7dfb8bb222bc4f1453fa
PJI,66,96,39481442,2024,1,5fad4bd1318a1c225bc0edd9b9eeda480cb858024f81531ddda0ad4121236023
PJI,67,97,39478843,2024,1,1e6b98728ffcd3866e649452340064b5522997459eb3ee7e607d07a77cd260aa
PJI,68,98,39476402,2024,1,8148480ef05c14b07e52ce1a0031f3282f9ad31c993a7087663bd6458cbc5f32
PJI,69,101,39456072,2024,1,bffe49b9bbf2d29a381e360cd62151d7d134d0d73f2b70ea62f29c75eb5db0a2
PJI,70,102,39455990,2024,1,96da273a5c1917e7c032d61a100cf7092fcae46e667ed847fb518e9e0095f101
PJI,71,105,39440984,2024,1,886c83cd790e00adcd56206e6ea11b1b21a3edd7f1accb1099787c687d98ae09
PJI,72,106,39437860,2025,0,475398e5c728a35285677a714dc8ab4090650088372b27c3537ab1c352aefd7c
PJI,73,107,39437551,2025,0,158d6f60a3c369799ce1a1b956d1d41eda0aa3dc5da3d519c12a9d3622e1924e
PJI,74,108,39429325,2024,1,22ede28a96b6e692874c97380b707b20302ca40c5276065a5ee4a99c4bd9fb17
PJI,75,109,39429235,2024,1,d87c8d6b02bc29e84d34b54112781f932f5cf14fdb56bb6cd246a086582be59d
PJI,76,110,39428209,2025,0,7b2169f21f60846aae049bcb6580ab7642c2b698f5e0631b1af759fc5191d47f
PJI,77,112,39424239,2025,0,747f6bb33d8c7067855e65d3465fc17075e653b19d0ecb581c9856cf21695a3a
PJI,78,113,39423421,2024,1,bbd86cbac05462fb6602053331d7b9c9227f4665a5ec5f52f206e0e636566a41
PJI,79,114,39415257,2024,1,302cc8bfd443fda1ff46f88745e25435f3d24a78f97f1684219b3367cf0ba380
PJI,80,115,39413929,2024,1,d4ffd1043930a7e2a4f41e5e65f1ddf3af66d27c1385a7434cf7da63248027fd
PJI,81,116,39410846,2024,1,f03d12bba4a0ab1a63e22f96e6f9bfd077de2e1b490241bbc26df42181b7d018
PJI,82,117,39407776,2024,1,709329d53cb0e5c3cb73ae94c45f35d3ab7769b3dda3dda85315fe1d6aca5f21
PJI,83,118,39403644,2024,1,30a6138b45339773c4c9d1ef7fae71c061c0053b0f5fb722203096809c766aec
PJI,84,119,39402142,2024,1,0c5d93a3bd9196848f2e6e1068513dc8a694db8a18970e675b621d07e8e22c7d
PJI,85,121,39393489,2025,0,a475e7eb0c378f39ed4e5f03b397c771da988e925d384404a5761747d5ef19d7
PJI,86,122,39389453,2025,0,ba64e52461e1a4e4b198641efd74f046897d224d8885fdca59f1bf75d69e0eac
PJI,87,123,39389452,2025,0,f403c72a0e0e1f7a86a9da33c789458f6618079b154deb153b1f3052531ee8d3
PJI,88,124,39389236,2025,0,657630c648ad800c3654453297795ae9d1ecbb18df20cd68905753186caa69c9
PJI,89,125,39389235,2025,0,b744ff494daac5c9f8099a7cea7f9bdd8a780fd8f5d41248a5885fe12172985b
PJI,90,126,39384014,2025,0,8572b0be5cfc1c605e6a0044f2e7efd7b056d34cf29f18f7b27c74a91c7e7ca9
PJI,91,127,39377601,2024,1,9e14fc3e48c4347f8385def504f409e2bb13f179eeced49ed56dfbb980004ae5
PJI,92,128,39373192,2025,0,437d9dc10145361fa2f30c8d2a4b767ab7c98a01580db0ae4384bb2145b89c34
PJI,93,129,39370016,2025,0,4fba72d8f54b4d82d1e138aa0179c311fc62c9f84e7d2c6ea876bfdb6ea3348f
PJI,94,130,39368718,2025,0,5066733ccd0856684663b630bc375a3d13a82c835fc6d66e4b9ccd8c7f3c1808
PJI,95,131,39365480,2024,1,9b192f3e159afae2c7156ca016da9dc53909a57215431c56ca5f6c83a47e99ff
PJI,96,132,39362652,2024,1,983eba7517a3a5c3b9c2d54e60c843d23e51ff4949aa9683c3e3b49580c9b113
PJI,97,133,39353609,2024,1,d1449557d5c0d005a172fd3dcdc22d0e94a0b2c77dec64c4d0e2ad606da9d188
PJI,98,134,39354799,2024,1,8b6107d5eb880de18ed519c35ee21e00c6ff9a6142c54f0226721ed5c7c925c8
PJI,99,135,39354162,2024,1,d35675434b67e312075ce8b22d54c1eff6d0c37a4e60d0d42dcb5e96cdef6065
PJI,100,136,39351269,2025,0,472ca44e208511bc94e12d0f3bf26f92b7617cd57013e1ee6b704ce9403dc5a0
PJI,101,137,39348917,2024,1,b0ca94c1e580b2049b3e41b39bd90828140b907fd32502aeab5fa41161f1f029
PJI,102,138,39348903,2024,1,1730bc54aeaa31209d8d53057b199032400035854cc905a89205a2fbd29114a5
PJI,103,139,39348556,2025,0,9a788f3e903ac4236705dd2e07d40fcbe8289a64c178678490ba101302832582
PJI,104,140,39347338,2024,1,c3170af23ac2554a090c394f6d967bba37acfefc1a106137d2cccb1fe0ccae96
PJI,105,141,39339662,2024,1,44076671c308d79fa74bb8d3cad7b8c17de4e5f33b3f0efd89a852da5ab46c77
PJI,106,142,39335075,2024,1,8b351c3d82dc3fec3084fde94d6ebe77566f9d98c66234e9421e5649ee92415c
PJI,107,143,39334991,2024,1,d533dae4f55691be043e85f01f2e30cc54d284eedb1c184f9ca089a9672182a7
PJI,108,145,39325167,2024,1,ec1e3302114c481dc6f5fcef5dc9afee648a90a95fac433d49ed184da4df1600
PJI,109,147,39322005,2025,0,9920e77b1b0bdfcef4f51aaffbdbf3b7e4c3a28a87a6f76083eb1e4f46f591ea
PJI,110,148,39316660,2024,1,7b180680f6469de30715b7faa696107d7c8bf8217b1ced6530d8000cc707fbb2
PJI,111,149,39316104,2024,1,479b80dcbc9b5457bd59d3dd75a6fd40cac143ecab10a740909a938c02f20a69
PJI,112,152,39296861,2024,1,7c9379659c08f76c80d56c9a35a2b6445b0fc253b1188f6f12955365577e4150
PJI,113,153,39294528,2024,1,53ef8f2cfe4c42791476155133d4fa8a6a7824ed6c0009aeb198f753d69d41dc
PJI,114,154,39293695,2025,0,d7ce22f9282697b5d3500262ca061383be36fec9468b45d252b00f24b2a70e93
PJI,115,155,39293088,2025,0,c8411c5e5ee88534a0c9ab373aba489f6b6ff4230de7cb1d116a2f4bfe9ba256
PJI,116,156,39288290,2024,1,0be23727c48c16d1503f98032c65c431f6264ca9b3c03fb26fa6a0262739cc7e
PJI,117,157,39287785,2024,1,fe772a169c4f6b347715f3f03c013b45d3aa54872beef9d7e8d5cf35e4bfcb93
PJI,118,158,39284393,2025,0,49b08788a85c99dc68b0ba9b6c418b8efb368ff397113a5e85a119c87ff9a75b
PJI,119,159,39284387,2025,0,4a29818cb3a58cde3f89d128c173f51e202eef7abb7f47c35916982af3f77ea5
PJI,120,160,39281996,2024,1,caa18792ab3a1fa2392db4be3c3e309a34236998d5696b2118bcdeb038fed0bc
PJI,121,161,39280764,2024,1,29721573e4d7ba1dff4c56f9cbaff149ac0432e361efc620c0cfbe0b481cf276
PJI,122,162,39268859,2024,1,34005e76cabd2ed95f094f2c8f09c622d0832184878ef794a6a715f914f3d786
PJI,123,163,39265814,2025,0,52382ceda08fddf042edea1801963c4d973773016540236d8b3c8c2dca4f7f37
PJI,124,164,39263064,2024,1,38cc7b85e0cc0a2716e74b07e41c6bc5b469015f4041b2faa4b374e7438aeb9b
PJI,125,165,39260092,2024,1,68630fb6156fb1b2dc7fef779ec3dff095c8c6e4b039bfe9872ec6c909678abe
PJI,126,166,39259308,2024,1,dfc51cf1f6c42271bbe7072b4484d950e97da9d2cfcfd4b51b50c2b52cba6cdd
PJI,127,167,39256688,2024,1,a649cec3a77b0031d2b5e5ae149eacfe5ee0e30c5500bfa5d5e9516a4868ef5c
PJI,128,168,39254971,2025,0,a991c32a4ec38b39e1cc6292a36b9e3f549b02156e214e11cd62c90bf115bf0d
PJI,129,170,39252465,2024,1,e7f137bd83dc2718556c2ed930822bb1508f8a37656edc3e1c62139c77c2c7cb
PJI,130,171,39249136,2024,1,07415035aaeec2b0832be780846ea76f3b56da8477224ae1e6fd4adcf12c397d
PJI,131,172,39247790,2024,1,2369210b7ec11b6760a3e1cf43769eb2d58318651356e328670782f7dea86a90
PJI,132,173,39246104,2024,1,26ef46cf3919145b3efde7a3eb4bf76b6f55522d176aa4dc6f4e030e0047fb31
PJI,133,174,39244574,2024,1,6a7f4d6d2943c7616db9321c76709a76ac16d370c9a532e99fc71b0e3dbb61b6
PJI,134,175,39244475,2024,1,7e0b4f112e945db04cd8fafd33cc39df2dd86ea8072a96cf047069b46c5a839d
PJI,135,176,39244148,2025,0,06d5f4b8d0915a82504dc0ffd3aabbaf0e1ca5dfbe5b3769e9fc14a74118cb58
PJI,136,177,39237026,2025,0,6590524d8ea2f70004309e0893e006103b0ffb33c55c3d6be8d3764eb2fc6326
PJI,137,178,39233100,2025,0,a92030814903243fd25a1197b350b3a12d8c01e2a15335e7911ccab6591d84f5
PJI,138,179,39233097,2025,0,2c3fa3e903d4377b59150f2ea5462621732078d30dab9694e7c073bce296e0a5
PJI,139,180,39231295,2025,0,4566a4da941e5cdfd932a1a8b93eac4b27a0ccb97403af0bece4ee5071373692
PJI,140,181,39224754,2024,1,8b9cfd6393d1984b12ed3f7473f34b59ba5aaba81f9849cfb26968d3b47f3f7d
PJI,141,182,39221335,2024,1,a56f2a017bce2d01d90774f45f2f464b8a30429605103f665cbc8a7799a08281
PJI,142,184,39206055,2024,1,7aefcdac3e99f4ec172af1862f188d2713ab832bcc84b3fa9c87a027fc807a13
PJI,143,185,39203582,2024,1,f59c1bb2ceaef234473f6c1e537a62ee274d2783f909865df11b213f919216ea
PJI,144,187,39200071,2024,1,fe4c70814c25d88a6452099808abc1ac9873cac97b88c522111b52f2ecb61542
PJI,145,188,39189555,2024,1,26d5966dbff1eeac0c5774f92a4bc87461468d14dd44865a8f6aec3f5ea685f5
PJI,146,190,39182533,2025,0,e86704751c259d4208ea971b6f0853ced45adae3580080df1576822d36fe1b62
PJI,147,192,39178975,2025,0,251cb2b4726758a35cff44ab5dd6d8f12c7c8b818b10dd3e5cb5d9765ca1c329
PJI,148,193,39178971,2025,0,2ebf1c9b42727d5dc4d58ea45afd3ab8cd6ce2c3f53ebccefe07f339016e04ef
PJI,149,194,39157704,2024,1,cabbea32fbbb02f50d0d3d849bf66daab438e29696ad6d709fceb795676dabcb
PJI,150,195,39157468,2024,1,2d4d647a6cd9f608ad4eff379e1b4321ebfa2f096ae4541ead1b59167475e648
PJI,151,199,39149889,2024,1,bda18d9c0a0d15de0c2784154b2b017b990f1530fa9144c764ae8c606b3024ec
PJI,152,200,39147074,2025,0,8b52c57c19e38fa49b5b7c716d996acac9a3c5ccfaa9e12d1b3f8baf976b9946
PJI,153,201,39138939,2024,1,69a032215465aa2fe93cb69a889be821168d8c61372659b047204c2bc30eb25c
PJI,154,203,39126455,2024,1,2770dff7f5f880de46540ac28f6bb6f036b6b98866133bc09ace6228d77e7d16
PJI,155,204,39121942,2025,0,6e2322cebb6b9d6ce176236ebe689aa17320c0072589f8343785acc6758b5b66
PJI,156,205,39118027,2024,1,eec0edb2cd08f710a7622a99d90b9725073138b0ffa92ef85d8b9f20d0f1cf31
PJI,157,206,39115606,2024,1,8d17b1a87a9a8c7e8190691d0a12ebcb990ebeb90a6f5182cb07bb1efda58cf3
PJI,158,207,39100418,2024,1,fdf9013c230f325e133bb3c9b7d0d2ec4fc64c640344a77e324304736ca86378
PJI,159,209,39094349,2024,1,6ea5911d6f34eee446248ed19f88aac5fbf5a418a60d8eb3d58b77165b64425e
PJI,160,210,39092306,2024,1,3a41a940ddf99758bc85a7d2e7c9243f30976522381af267da470d4cbbc6d18d
PJI,161,211,39089416,2025,0,ef6a3d25f5cf6f9fab0439391858346d1148908c2c9d7afc126040aaf78a8ba1
PJI,162,212,39089394,2024,1,3f54ea42d4a05f0f3249ad48e59b4f69cfc1540ac3c53ac382c19dda0bbe83db
PJI,163,213,39084651,2024,1,3cd71d807f21d30b634588d82a31c01beaf3c8ea64b360f793957b6963f4428d
PJI,164,214,39084635,2024,1,fadc84594d967603e92f5732bd5a2e6e7bda969c216b586e201e3f0c3302b7a8
PJI,165,215,39071831,2024,1,be039c86ec041b5d4807acb62b0bd98d5f1c4e94b1b68bc0d454cdeaaed79ade
PJI,166,216,39071089,2024,1,0ddc01d77070078de8bdb8fc51ebc7b1ca1aae53dbeb1926c49202e1dcf306f7
PJI,167,217,39070934,2024,1,2585de3f3f9920ca672015c77230896bfeb1c3762b3969d191f4268db9f4de07
PJI,168,218,39070877,2024,1,404f828ebabb96f093f1082754daf1f363e0ef3da5fec89fc71b6760184a020a
PJI,169,219,39069272,2025,0,3a3937a3b29f8d9ed698c5b8c2b093f6a07e33301a0036d99d0e7bbf9d57537d
PJI,170,220,39068619,2024,1,15d28d42e8b599bae7d4a22bef529398837772061a0c3e07eb22f9619be635c4
PJI,171,221,39065152,2024,1,4bd0754ea45e86efb1db64655ba37f757e9c2a61567eaf4f55379b59cfedfe88
PJI,172,224,39054735,2024,1,73f9420770027ec81bdd1565c395deeefbb813ebb527a8895cf6079f06f93b41
PJI,173,225,39053663,2025,0,140fbac63ddb4998bfb35a4c7386a1e438a1404cf1fbb445b10f7d100ef28d4e
PJI,174,226,39052030,2024,1,4dac3852864724d6a916c03b10a3ae97092a17319a8793c108c5aae759236271
PJI,175,227,39048851,2024,1,37d3d95fbe5f31761533f8807bbcd0efed8770ece01dafe6fc0faa8c8fe419c8
PJI,176,228,39040016,2024,1,8f75a386dc4db47febee926498e97cb8c05f7657c8f31e40de092bfb14702b11
PJI,177,229,39038867,2024,1,eaa56f16ab4bd9d9cb295112be959799a54d6e573781e7e572826ccb5e9c76f6
PJI,178,230,39035677,2024,1,4e358ebbe837a47819b32d32554f3ee67b0d02c88922644d5610b196db6617d8
PJI,179,231,39035220,2024,1,398b030aede914388b8132f7df523ed1b96379c25fc3549b57f13209c7e77cf7
PJI,180,232,39033344,2025,0,05b9fa8aaac829c521112cb89476efe16334783d43353cd89dacbf69106b88b5
PJI,181,233,39031202,2024,1,5ad5caa886889c9129beefba61bd1a64fc78f7696af68e2eb5f6214bfdf464c7
PJI,182,234,39025278,2025,0,3d72bc69f8d66efc062aa68a8ef84a70f391a2ca4c50c145bb391da660642f85
PJI,183,235,39025275,2025,0,10cc746ee43f3774d7889572e84ebf0020c3b57d729d220f8013c23ff60b3bb2
PJI,184,236,39025274,2024,1,68c1960adaf6250f1ee809b8383ff53b0a10e024fa219d98c365449277f28864
PJI,185,237,39019470,2024,1,118f663a95f7ca69ca38552c7274f5c9f6e0f133d039e62a62385a707adb88de
PJI,186,238,39017392,2024,1,5d5d534b3b120712eee56e9a32b629df79e4f397b13f1f17afb8fddd9100b2c3
PJI,187,239,39012102,2024,1,38b6af8bf5f24e1136274614835f7d879f2471cff8b1788992813ba1d9801b0d
PJI,188,240,38999284,2024,1,ea05ef04e528a6908fae287f29fb881b6a262476c789fb83e8fb8e80dbb818f3
PJI,189,241,38997046,2024,1,b71767a732a3a96cdd2ababda4f93ec678f3e6d0a7fa33d962d7494411a07569
PJI,190,242,38991232,2025,0,d271a0f9a46333dc93c50eb48dfc368b566ab12f393eec9957a8000038c0ca64
PJI,191,243,38991223,2024,1,0241ae99af5622b27791af94b93055217b39ee1dc5e9f41140e9d4e3c96abfd0
PJI,192,244,38981611,2024,1,34eb63a952f697d37044532754efe7c27bd0753d2cd53a9ddc0c1860a748d5b8
PJI,193,246,38974052,2024,1,a4ce6964d89c1f4a607b0cd0553bb4160191d03835fead231220ecb749ae83e0
PJI,194,248,38957745,2024,1,b8cdaddf578e24874e47cdf41353402e8997fe7f885ba6ef94ed60ab6cefd3d6
PJI,195,249,38946307,2024,1,cf1c824eb15542e5dc828832ec3d5cffb4a5fa86262301e1268eb0e304fb06ef
PJI,196,250,38945291,2024,1,5059c85648d97f7cc5343db2e18a65892727985bff743cac112e6d98c8de223e
PJI,197,251,38935701,2024,1,0b58db7a335f634ab4c0871365dedc43e7d546c07607703f77d99287fe1b2645
PJI,198,252,38927204,2024,1,ee4b219f5f86943b3aaede2a7d16dbda644f39249fb40c7b5db8f728dc82a0e5
PJI,199,253,38927177,2024,1,639efa3fb263bc0cfd9792d7d984e6ba1fc6f1dab176cb449f88ad6610cab217
PJI,200,254,38919738,2024,1,16a9a0cce859b919c1d83898d496610051f556d959eaa8df25db342765f6b900
PJI,201,255,38919513,2024,1,8b72fe266c57a8fc75c0e94b2ebc87a48fb7c2d932ec3fd9ea89bc770f16f4bd
PJI,202,256,38919369,2024,1,8b185c0c51f6ac7491144af67d38e87d04a1d47819b659e71ec09eff4c08ded9
PJI,203,257,38917741,2024,1,b75e2a0af04aabfcc3939d158ca4a2c5a119f4ab0f4bb7355d0f6a4b98ad670a
PJI,204,259,38909590,2024,1,ebfd4e1ac556fb5a5741011887d36ace2871ebd5194e7d08d881e0f774235e70
PJI,205,260,38907318,2024,1,c70eada1a435aa22745467d0592421fc83880c177e032be6b896d08cf741844f
PJI,206,261,38897263,2024,1,e945123b743833e5f45a38f95d790a4037a6ee25b7e13c59332216a0d071c846
PJI,207,262,38895103,2024,1,a6ad11342f1ae2f9ad9dd1a8a7e8cac072742ca1f724756287bf7ee021ca9e44
PJI,208,263,38892803,2024,1,c0fd1f438b6a8a7d5bf112f30fab731fe457928a63475dafc2af9eb920425e35
PJI,209,265,38890743,2024,1,738010833d97d804844dc9183f74182a47e3f44481bd616aecfd08b9fb9d2d22
PJI,210,266,38889904,2024,1,4d46e9288f494187cd18cc037deb9c87c1c69129909aad620fe5dc69410560d2
PJI,211,267,38875316,2024,1,10b6b8ebf851871b58fb475e2efbcdba0891d8fe177733af3b9ac499d921da43
PJI,212,268,38874764,2024,1,d4433dbe874288c025b0db43dd2045cb3023a0b3561781a267a2c205005c7884
PJI,213,269,38872312,2024,1,a2668c8619de2c34addfe7e8a8dd10f7eae98e264aa23dd5b99af56c7d6d2505
PJI,214,271,38857712,2024,1,45ce75b2f62a1d1ba6fed1e2905c0a4c58dddc3a3e82db547e5c9008bf8116ef
PJI,215,272,38854773,2024,1,d208b2567ffea2664b7cb0a233bada097179deed397b361459cbc706296052a5
PJI,216,273,38848790,2024,1,ff21c0844f6dffda277ade48060273f98b58e4d89b5b317820865a2a2e29b7b5
PJI,217,274,38847835,2024,1,35efc9a99c7f82b149468c11272417716be85e43c85f0bfa3ac135c50a2067d4
PJI,218,275,38844248,2024,1,38be378d9238391c693f555fc816c41960a16bf9348a38e7e0bbcffa2fd146bd
PJI,219,276,38842232,2024,1,a735bd7a07afd5966c9249d3e7691a3d31e651d3edb29f6a6f1d221f6c060fa0
PJI,220,277,38839054,2024,1,510349bc56692d9e01d7d70814d72053e465c2db32389ef45bec9e057b289417
PJI,221,278,38833728,2024,1,4dc1155da3c1a69ce48662e962d732263dee78ba605bbc31a0f66c6620bd3370
PJI,222,279,38830606,2024,1,b2ea33087de468e28dab5da8d68f26bf1dc90b5d6d614f602502f690fc7cc1ec
PJI,223,280,38830429,2024,1,215052b791b57b5d91cb4660b76ea2c09da338fb8944774ae3dfa9f799f8dcf7
PJI,224,281,38830428,2024,1,5f379c322db3354e907ea28e3e83a803510cff0fc0acda6743dbec298956c874
PJI,225,282,38828985,2024,1,07bb32b0d80034c3132f3dfb1c7eb63a124728d4c9c57d0c7c6646d506c093f8
PJI,226,283,38823515,2024,1,c51f7590597b47b47c872c66dde99052818cc3e3ef81f3491fbf0b37ed8710bf
PJI,227,284,38821507,2024,1,b0fc40c1a8dee67480f21af06ef80823fce85189e73cd4daaf8e1292cffd3b33
PJI,228,285,38821429,2024,1,931d94cea72a1d78e75c15b6041d7e161e1f68cea0fef6599a9e8ae4f9b0c923
PJI,229,286,38819638,2024,1,0f2acbfda1286ab05e2bed9732f0d8bf59bdeba924b1ab64687c3a77ef5394d0
PJI,230,287,38817415,2024,1,7d154929f9192d9ec4dd08bcd956686b30326852511c1b68695914dcc53987a2
PJI,231,289,38815354,2024,1,22fddb34252f8e00971f54a0ef58d37ea0110ee04b010a335f399c430a5a0fe9
PJI,232,290,38810813,2024,1,87b75219993161a8189996d9eede7812f1ad4b792d159972366f47fd54f443ad
PJI,233,291,38798096,2024,1,1edb561b14c93dc75496c1386436756998edd6ab4d04f67db89a83dfc5eb2de9
PJI,234,292,38795854,2024,1,912247432378f10f478c7d846cdd2607210895c9c046c7e5d549ddf0fcaa468c
PJI,235,294,38781319,2024,1,fa1d080477db75a2d077ca22c3170cb1c535bebc1041553ff888c0f9774ae5ca
PJI,236,295,38780939,2024,1,bd0b59fe5b550039901c3b047deed33112f983c753fa0576268ff8ca10ea1755
PJI,237,298,38759820,2024,1,acf30cdd3b0cb2500f0e8865a1492e6b30604a9adc1f87ebcaacacaf2d52ff81
PJI,238,300,38758237,2024,1,2ebf6b31ee86c8eff64c6e83ac5dd325f52d5be605cd2e5807264b5d61db8604
PJI,239,301,38757108,2024,1,24d784b54570812b60dbdbbf82528287abad84c6c61d68e1ba96c91de3a9d763
PJI,240,302,38751321,2024,1,3f9b9d6cf1ef863dd3787e71f9f1dd42ff5a3c7ee6b7b49612ea54e9f049c905
PJI,241,303,38750832,2024,1,3082b544dea91141b8cf428624e7693a0462bd7c5972489fbad96f88a371fa5a
PJI,242,304,38748353,2024,1,2fb88a28ab1b0fd84ac61bcb07515eaf7733d93a2fc42e9a24b1b9714a9a10fa
PJI,243,305,38746784,2024,1,d7a9422ef57f84c615865a9e3867c5265e80f90520592375809c96103a7f97cf
PJI,244,307,38741113,2024,1,5307a42e9a40df54956251e7299aa978a4951dc9cf4c8ff5e3883cb79b02598a
PJI,245,308,38735634,2024,1,111e07a3c8db500e829f2a758f647970abd18bf827eadca9fcb6c06e935ad358
PJI,246,309,38735554,2024,1,8f083361f70fcbc9f4899e85744cc2e521f09c9480cd65a3797a637fa0d2c4c4
PJI,247,310,38730201,2024,1,88a230b1eaa3757e2ec2b38e66623668053484f03051875da9988355fb3297c4
PJI,248,311,38727424,2024,1,a7ecf7f36cb7ad29cdcd7ce923ea8de2ec557b7f256e7466051ccd7462cd01c5
PJI,249,312,38727108,2024,1,fc41f9ae56b16649176e83c62d4a589c6ceef14a5f797402a660db504f3538f6
PJI,250,314,38725379,2024,1,69e369c64df2c656bbaf28d3e36286b909ea50f067631c752869d5528a2ff55e
PJI,251,315,38723699,2024,1,737b1d45ee7ffb31ab1ac20c7f1d898bec9414979640b17c2a74fac59c56f476
PJI,252,316,38713764,2024,1,d03f9cc8d554611e69778320c2a83a53b4f88d1d577cdc876d6d96b335cc748c
PJI,253,317,38709260,2024,1,0007fca2d8f725ca43cebeac5bb9b61af7e18c85862233858e27c90c6d5b8009
PJI,254,320,38703925,2024,1,fd87a58b7de5b149220e3b48edb19d9359ac7020036e18ee09f8e48ea9e7a8d5
PJI,255,321,38694767,2024,1,d4a365112b97478b16af8531c3c23a8aa4915a617942b55aed84e998f69c41cf
PJI,256,323,38694320,2024,1,bb80e86fe7dcf13daac5ad9dfaf20a8720fed2c199fce8a27f6a0b4c6bc6ef15
PJI,257,324,38692402,2025,0,c51317dbc8929973a027db815162b9b821c42210f0af057dd66728345c3929a2
PJI,258,325,38691581,2024,1,1dc5f2f40b3409cdaa353111cfdb6578419767e913a1c8d77b98e3a243745182
PJI,259,327,38690098,2024,1,319adb1ad9f3cd241842b15f76eec1f3975cb834d1db012fbe7fda1b9dc12e98
PJI,260,329,38689572,2024,1,e6072bbfedf1a22a95760794e8b9494531abc2a80172f6d056c1139b4fcef30b
PJI,261,330,38688513,2024,1,1d72bc936bd6b7336592ecb606b3565df0e45a1e9a8d22153b8ff3ac97d5a0bc
PJI,262,331,38688510,2024,1,cee88958e20ab3c27e26c181c38acfe9b5cbb382814d65e0444d2264dc8757d8
PJI,263,332,38688509,2024,1,816fc4ec284a1972ddf0759c3c64d28f3f2e57f61228095789540f26d47a6115
PJI,264,333,38688477,2024,1,0f92ca6ad3299e6dd9db139264da4206b1da22d9f3e7336d1d3de6151821baae
PJI,265,334,38687829,2024,1,771ffba0fee0aebf82cfda0e86b587e50f680da8d03858f77ffc72700857fb13
PJI,266,336,38685379,2024,1,1fdf8d56e42fa716b214b48acecead48670cdeb050fa3d73e2c32631ef7fd760
PJI,267,339,38677340,2024,1,aaeee7e865fd2933bcfdcac1d2d6f79feb020c6fc3ad33a7045297a63b7b1c3d
PJI,268,342,38670172,2024,1,8aa4952d1a857c2714f8a9d9bd1fdbec1f6b3a62a04fd450cc18a41464a031af
PJI,269,343,38669776,2024,1,341b1238d342d8e441f22b43f9c63509b905fe0ff0d863d9d4c4ca80574a2400
PJI,270,345,38667042,2024,1,bd0c6fc4ec6f26ff3b3ad8fe6c17a9aa3de34fef78d10d5f2161e199e1b8a346
PJI,271,346,38667037,2024,1,fc9c32e2d83d40ab38b39700dd7eaa066bc6be0ba635020446238a969b92fabc
PJI,272,347,38667022,2024,1,9b9423679ce5af1b9e9fc58d28dd76e82027a1f658a8cd500350b1962c863563
PJI,273,348,38666982,2024,1,e591ea50da1abad7646a164e2712d4873f80724490a97e08c74eec870bf0fd24
PJI,274,349,38663687,2024,1,5cefd255d27c63b0582ae17c9ee89c7ebb11efcf53c1f9ea7eab01dddd4d13fa
PJI,275,350,38662000,2024,1,f8e6ba52944ba12883faacc176438380cdc418a8fbd76339c6bb61712349cc8f
PJI,276,351,38649066,2024,1,06ccead2d556ce1902ae8f52ca7c74405e5d49bc5547a0b9b5dc5a575c1ecfab
PJI,277,352,38643391,2024,1,b223dd8fe29ca1841e5044b0514bd122680254c0ff270f72b0f5a59748fa19a4
PJI,278,353,38642541,2024,1,879ac3de267bb32643681a8b2ffb88780a55c4ce7d9b5d009cd5a730ef9a8596
PJI,279,354,38642189,2024,1,cce37759ce8e4a5b51f703aeebbbb684c1eee2aec29086f4f1bb124627c5b9ca
PJI,280,356,38640967,2024,1,0dfa25cb18761f1514af2c7d929217e78110e794a4374c32b094db482e672c61
PJI,281,357,38638595,2024,1,8dc5c41489f46f343cf8c22e12de000e0b727a389d3f043044df50bad61cbcd3
PJI,282,359,38631513,2024,1,e2f3de815b9406111b1535349d5ef24f99c48e82e40a2c9f635f886e8c3828bf
PJI,283,360,38629751,2024,1,fdba8da7cbaa5b430d85b109060959eb1cb2b7576aafad0585d713a2f452e7ff
PJI,284,361,38619882,2024,1,7d461d6e3fb0843959125260de67ec3d4a87277fe15be0b6aaf8972a87cf3ce1
PJI,285,362,38613628,2024,1,ade04bb0ad8c863b9272a5514309386abdf4483b0ff31f455dc97d863f1a5324
PJI,286,363,38610707,2024,1,c7f89161dee44ca458c9fe10087babe669618ae3e4e4790ebcc353ed51f46785
PJI,287,365,38610157,2024,1,9570cac50d3dba418f01b7a2bbae8ded77901897b502220da9132bedbad9dad8
PJI,288,366,38607775,2024,1,be8ac501ef05fd19dc2e4f518a45c75bff4c5da5c44d3ad8fb3f14954c922c5f
PJI,289,367,38604400,2025,0,259e758bac15aa8704cf3c928150a4692b38d87bcc3287a60b81759ff4c9ee1a
PJI,290,368,38604398,2024,1,f2a140482514a98b52abc942152205e765cbdb4eaabbee2dcfed20e2509bd896
PJI,291,369,38604280,2024,1,1a634ba401575bd7edef602dab27ed504b00b247a2afb805d8ac6875944f3cb2
PJI,292,370,38604274,2024,1,3e31626987780a0cc6b3e0efbfd2b369ae0640a3081ff9ffcbffabc2d01b516d
PJI,293,371,38601002,2024,1,b8a3ce6cac3a33a2c35fef2dd29dfd02f1aa9c4db62b7bbb4c0796f77450493f
PJI,294,372,38601000,2024,1,b9c2254b4b112149df7af67056beb6a8c20a70a75ba90e7dee63c24d60fca38e
PJI,295,373,38600999,2024,1,82d931d2176f5c60449d3c99455edd321151240eef7199c1f5fda47463d200ac
PJI,296,374,38600996,2024,1,1467d7eb8b90629ebdbe1b66489a6a1abec42392d26a8a0337869faabdeb242f
PJI,297,375,38600995,2024,1,713afd49589974db4956ee0a6fb55fa9acb17ab50ac21a9bcb2243a691b7ad4d
PJI,298,376,38599531,2024,1,5d2668ac11ad77145f7ee48d8bbfa7b36d22053539b1c187bd4664c7a43e5f6d
PJI,299,377,38599530,2024,1,6cf1d7d677990e97e19d3615c76afc587ab7ec7e09804357f0f53c9cf9ddc821
PJI,300,378,38599457,2024,1,c509b11bf773513cbe43d914c84bef589943ae0a053f40d24a6786431efd3a69
PJI,301,379,38595072,2024,1,13730e898b253a095c2a5862262aa4f6c1c8ae9e4f5914277f0f3e8eec751595
PJI,302,380,38585284,2024,1,522c314f2f42205f54b319e7cc928324afeffb7ceb54c89f0e49bb0c18e39bd9
PJI,303,381,38582225,2024,1,89dc97e1899729b04be0c2757d6e68dc6329d9be2bf03261f71a3862ee568c50
PJI,304,382,38582223,2024,1,2a453b5888b01f1d1d709ffae8d8d11f40119d61e342a29fdaf54ea2417f01f1
PJI,305,383,38577512,2024,1,2fc0a680781ea62fe91f62ae94f241693a8bc076b9132471ae907eec64b1b403
PJI,306,385,38569600,2024,1,c2ef8af516e0df2035a3199fe9f82541556ac9c85c96134979df93070c6d4eee
PJI,307,386,38566097,2024,1,b654c936fc6b3d2cc4bb9d78047907229d35467d052d0fb5b2c52d25559081d0
PJI,308,387,38558190,2024,1,b7b8c3036bdfeaad440a9629f5afebeb820c45bb9aa3658a6bc5ade98af5a8f3
PJI,309,389,38555941,2024,1,731179e029c0d7f8874847d8751f8be0f3e7e0d91bdc45bf721e75b062990d0c
PJI,310,390,38555938,2024,1,a929ec1267c74dfc77ec428b9ed21eb42d6bd76ee170a6b07a4e78fccdc00ece
PJI,311,391,38554491,2024,1,b99c0930046e316ad4055b2f250536bfd9342f1c7e622af54c1439f354fccb7a
PJI,312,392,38548238,2024,1,fe8ecd41ece5dc6283f354c1887bc970bd2f85d1d5fc68733817800b88364744
PJI,313,393,38548232,2024,1,cb3ce5aae5308dbe52cfccc740c3293606105d112d858cdfc77c5651dac87e24
PJI,314,394,38531489,2024,1,ec388a0d8e670805802e5d9c592ce0c00fc92fa5ee4c8e9b8edd62b6f92adc20
PJI,315,395,38528169,2024,1,4cca1c1d9c85d150329d67e96e4a524159706efe0270abaad74d200c5a5fab16
PJI,316,396,38526615,2024,1,8133390cfd07e1ea88c046037ecd3f28743b7763003e887c9874a17a2d8bcd4d
PJI,317,397,38521249,2024,1,32d3f3f476df78b6bbc2d5069ad2b5c50f15ff6a381d19f0cfeb7fb876c6499f
PJI,318,398,38520549,2024,1,a7e4a2a240414f7f88d51e381c8dcd8a2bfa071dd0c0c6b9b7d42cb206bde60a
PJI,319,399,38518960,2024,1,b36aa192f0d79371a0450f1168bb506bca0b29134915ad4602c1f82847b15ece
PJI,320,400,38518886,2024,1,32a7d3ea1a39eebccf24338720f08eb167469b270109887945f08d2a2525cd33
PJI,321,402,38500507,2024,1,fcf8820ed0d534e472f25040b75422753c2577eb715afa7a68f743e00cc6f0b9
PJI,322,403,38492035,2024,1,a929b13cf69a5ee2a39442c58ec13aba7a6da14b7e751a0447e882b4ed026ed8
PJI,323,404,38478627,2024,1,8a9e0d4bd402152f93ded4156f9467961688556cea709e79cead6c817d5ff667
PJI,324,406,38464356,2024,1,64354ba2d825d76926fe7f879592b04abd857d93dfb72885d4463b33ae3845f6
PJI,325,407,38452860,2024,1,578adcfd9ec070f39c52cb026d1bf709366cfb8c0a568ccbe31db79f0e7b3c69
PJI,326,409,38435161,2024,1,ce4316890f9870d0ec5b83f053f3587b1638945b9ec4ef5836407f1b7ef3b806
PJI,327,410,38433261,2024,1,d34e4e29b672656208d2a9fa3b9f0a1f44679bae5d410bbde834283c48c9905e
PJI,328,411,38432530,2024,1,c4591cbe8ec903a40ab384ee6c41c2c124defe1ca00112c3f71bfca434276edc
PJI,329,412,38429555,2024,1,521fee1e839ff690963c8c3661c9979812fe0456bbe4e2287a2e40005dfeaccc
PJI,330,413,38428694,2024,1,95a8fa6030df1139e147662474634b4270ace7135b750a0ed80210c65d4637e8
PJI,331,414,38428692,2024,1,9b132c57a83b9fe55dcda930f2bc62e011675e0825ec3902bb182bb41a12f8c0
PJI,332,415,38427516,2024,1,acc7a2643b962dc93bbe621e2d8634e20d3bba052b401625ff4435d8173ba0e8
PJI,333,416,38425332,2024,1,b8beaa277c401e2ba91bee0f63f21bf487843ce3ec7b71074f44143f538cdd63
PJI,334,417,38423258,2024,1,ade4a989c0b09849310475c9f5b238d8d5cfbde6fefd6ae0fd3970b5d3d73a22
PJI,335,420,38419970,2024,1,a8e3573fee3fec945a852e1fb53df0d96b9504fa51465e98020493c899556a50
PJI,336,421,38417732,2024,1,25f6221b49af073a2a59263b01a9ce29d19b5147343befef83a2bbdbfabf0823
PJI,337,422,38417731,2024,1,8011e648db580b6884d86986c72139ddfe93ff9b1042ec2ec6c4fe7d969eb880
PJI,338,426,38403076,2024,1,182ed4d4b4e61db8635ec9a6adb82cb0049816da3199af2cf22f62b77a2056d1
PJI,339,427,38401610,2024,1,b19bb0a90e9a37c31697fa3d8d14d73aef11270496ca1932c8a6084eedff5b4f
PJI,340,428,38401609,2024,1,1185ae5c00288ba66850c357396e376daeb9fd7c2d9fd9c1a98147f89f41bcba
PJI,341,429,38395111,2024,1,d0b2d1925032cf7653e41db20ed1b2baedd6c5218472bde06e60c714fc816336
PJI,342,430,38393443,2024,1,a92bc1173ec9061b9db9424749d5227946c87c25ec8dfb7713898e578c507a58
PJI,343,431,38385716,2024,1,962f38a317c3b61e270ecea3908ec3abaeeeb0079360df0e681ddff48536191e
PJI,344,432,38378509,2024,1,bc691b3c256957d39293ce2775209b7131fd899633c7fbd2ec727720ba5bd846
PJI,345,436,38355064,2024,1,21b504ade7247f73847f8869e8218069d327ed76ff54c323e5f69a9f9ba3cec3
PJI,346,437,38354412,2024,1,041c7c82d506acdd28fcfc01ece6b1fd530309499b4c4e882a54b8d6295455f8
PJI,347,438,38354411,2024,1,1d846ee9386e10ade5ff8faf68c752e4d5d18056ee30e4fcfb55ba6be4768bf9
PJI,348,439,38347255,2024,1,1dae9b8d0dbcc4933ab8f97b96b7809e8f357e2fb6bce91de312b9f34a4ae769
PJI,349,440,38344442,2024,1,780485bca77612d4379ad59c201b31bf059a55978a7fdcd7fc488eacf57f0525
PJI,350,441,38340614,2024,1,f5016df31fa00c3da8fd87386d86e031fbfa81845963df6043837625c465875f
PJI,351,442,38337598,2024,1,b60fad5f29a94f2db686d055097f06d5ee299a2693cd04cc8942c424933df579
PJI,352,444,38327200,2024,1,730a9945779e4de8c2406c69da4cf5ad8e65f6cf894b8dab266602be08740707
PJI,353,446,38320265,2024,1,9e726fc40f6a58b7d63b7cf9c6bc2cb1901ee2e928ccbacec27ffbb4ea2951b8
PJI,354,447,38317706,2024,1,bb7447ca6d5d6d02cbd92c6ed245fb1440be78687a8c026325b83759fa7a0526
PJI,355,449,38312906,2024,1,3bc626018fb36e9ffddafffcfe72cd89aba62bdaf24d57cead67f15cb1bf4923
PJI,356,450,38312269,2024,1,6f8ea4a563f765db594adcbc4fd4758f9286a3bd7f0367fdda4d7144447a3a74
PJI,357,451,38311788,2024,1,d296456076d9bf4deed0d8a0fe25880aae43288bbda11e5bf5048599d74aaeb7
PJI,358,452,38304243,2024,1,1b8943af1661b53e0116d0ddc7cbafdd7b70f4a03239d0b9bbf5ff1a304d8307
PJI,359,453,38298809,2024,1,c87127720edb42032593bfecf1e5a19c6c03e7a853d13085543c04e858da5a31
PJI,360,454,38289719,2024,1,557f76faf7cd075e273b3eac5fb402e1615197a2e0f5da396c8846838aaa9e6e
PJI,361,455,38288989,2024,1,8c8a3bd75bedea93744b84d107ab0ce585855a24c3f7ff02ab2cf5f44a7b9a17
PJI,362,456,38283873,2024,1,12d5a0ce3b7a608f9116fdf3873e32b3ecf1ce4946d42395bbc84ad8e84da899
PJI,363,457,38283138,2024,1,fe8fc917304455413be68006d4b5ec80355ac325ebc47adac84ca1e711d51e62
PJI,364,458,38282726,2023,1,0dfe69964a285e35571db616457a936c759b28079079614813c3b012db637199
PJI,365,462,38269067,2024,1,d2e59d71a18df98ed9f93c0165dc1cbe113a5764e680249a0c39e07c8fe5a7d4
PJI,366,465,38244641,2024,1,31c8ea12607e3ff58923de0df531f5e631ec422c64354aefde0c32f492525f6b
PJI,367,466,38244640,2024,1,ff272b7f47d30562de7f24209b076c594b874176976690da37a002e36b09279d
PJI,368,467,38238252,2024,1,476a2a90f29e5dc59af018ff96832740c35eb097b1a02f963d8b163f2bc8aba9
PJI,369,468,38237877,2024,1,f6493445476550e6f7f204e6c5ee33d3d3ccd1cafd4de5d981a527760bdeb2e7
PJI,370,470,38231150,2024,1,9039fd4773b3a6128b81586e8499b71093f18d645d3dc540624ac9d04752b82c
PJI,371,471,38224789,2024,1,1dafd2d3634663e59ddb66fe6a3d6d0b2ca9c83b468bdde7459af7f2971aaafe
PJI,372,472,38220026,2024,1,40eff986c9763d5e27f28a3d4d480098f6d30c00c2c4b26ec0e0fe202cbde56a
PJI,373,473,38220025,2024,1,e537bdf5a78db380ad5da336521fc44614b37f94bc8953f01fe68bce231472d9
PJI,374,474,38218558,2024,1,70fb172c2d599ef542275d67ffa506c8f1ed2931903c68e40744cdff0aa975ed
PJI,375,475,38205758,2023,1,43bfa175457e2ba0bda089eceda4c9d0e1571654d311d0dac2f59d0c11984879
PJI,376,476,38205757,2023,1,495c59e69c96aced4378b041b278a6acee5d6e1e6497f9d607dc14ecdf1748ca
PJI,377,477,38205061,2023,1,7f3ba68e8588de1bfc9466a07c2844b7c5ac622ca7050e6e793bcbd0351229e4
PJI,378,478,38196965,2023,1,8c23aebd8261b23bad555aaa557e04262cabd804d754adba4fcb72d77100cf07
PJI,379,480,38171207,2024,1,1a7bdc500e744d2060be0087a31b5ef68f3fdf4ae8c67d80726764bf2ee433d0
PJI,380,481,38166999,2024,1,e7cbbfb630e80f0d414ca287e70907bbdeb024a5c7441ef56f612cca695ae73d
PJI,381,482,38153296,2023,1,de0ddbe7fd5e87fa3924a80ace7ae15dcff5a6804a6451b5bc05bb0f85eb776d
PJI,382,483,38149941,2023,1,c99ea5a671c53ed5ffe2bee3a63f485386c05bba0f16dfbf347171b185573add
PJI,383,486,38134736,2024,1,2de109b69c6686d2edd558c246ad3a57ee12f09c0f7792704a8524eee74cb166
PJI,384,487,38134288,2023,1,fabc48ce02e852e696402faf2a48f83ab4bda0c7cb2800770fcf3fa6108478a1
PJI,385,488,38128624,2024,1,9cf4ac63dc517a140633e97476b396964069494abe2e70ab99802e6ddf5972e3
PJI,386,490,38127488,2023,1,ec166b0bd2d7e776edb87fc9da138c1bcf0c9f4c6fe30eb8c4e7b17ee6736c36
PJI,387,494,38108141,2024,1,d6cc2c44ae53762f93d99bd5100d20f2f0864ada7bbc446cb014c2cc47a07155
PJI,388,495,38104784,2024,1,50015fdb094bfa32683d40672029eb8d3c40241bb358d6d6d59db249085e9685
PJI,389,496,38104720,2024,1,ab641fbf8a2fd169b4ad264e1af5d8b1ae4831d954f625adaaa635fbbfeca24b
PJI,390,497,38101985,2024,1,032c176950eb055a77af2a61a443cae65a1d0e1a5d0ddc8e2ee48170be12b36a
PJI,391,498,38101450,2024,1,03add3219e2d2c8125cd1610cb3384297e7066430697b5f9e8828ab796b7869f
PJI,392,499,38093490,2024,1,e5226be57de634146d6630e27ba2040c751023643bc40da718b77b8f545c2ac2
PJI,393,501,38092159,2024,1,2a4cd066e05333db909cc3e4c748bd8ff9be5c65357ea1fbe689f078b70c1b8f
PJI,394,502,38087839,2024,1,a17b8d292d5864ac606adbeb8a6aeae0d327bf7462790845800fb7adb8d28a5e
PJI,395,504,38077926,2023,1,3417e74ac592c389724d3e175fa8d7a9aee0311c45c8abe891d1eff74ba53455
PJI,396,505,38077763,2023,1,03f04108bad316c883b7117ce503771822143444e7c88a84025037080cc33b09
PJI,397,506,38073350,2024,1,37f0f13900b631819484a41dc101d57312c0cfd260468d13d69754f527d8a880
PJI,398,507,38073142,2024,1,3329d42f9db06a53e5818efb183d35f4a07cc2de3727675fb6b93c851b3684be
PJI,399,509,38072095,2024,1,5f47b160bca5ff5f07e7d8162ab30cc7331a7bae24740dbe1a25b849be22ad30
PJI,400,510,38068373,2023,1,608e3000e2b2cabfc5d0ad23db8d9dcba9f1028b334b832d4e906627b6b1163e
PJI,401,511,38045589,2023,1,935904906e3998a1f77bd7583b8f35389fe3f9e2dd259b977566223a6b496077
PJI,402,512,38045571,2023,1,934cc4ed4e6a7fac351fe903c8a1a93cec9c6a644ba07552407261c65d365ff6
PJI,403,513,38040067,2024,1,4fdffae3d844d32452238c2f9d2f95db52afe7b1d3c9da1390cc566f54fdd9de
PJI,404,514,41541075,2023,1,e79c0380b09836cf1479c137dcf7fdb9b08410a61a40c3a2e27624d190e0b737
PJI,405,515,38035598,2023,1,c49a0ea12f648623a74737a3be652fa7feff26c68ee29f32130b84c690b385a0
PJI,406,516,38026480,2023,1,3f7a33f3e5890eb405c16f6bb5cc3bc96fcca9d97e689a01d3a1a5b4d3dcfed3
PJI,407,517,38023641,2023,1,7f2b45f58e0928472446850a6273cb1e2391f40c9d3478a2b50de2920c78fdfd
PJI,408,518,38022843,2024,1,6d30c21d7394b87b562792bdbf628ca061ef8320532b4416af9804434b2490c4
PJI,409,519,38004781,2023,1,5f3aec04a8c9706430cedd05a7f68046eb6daff162d3b2af836be6a23b98828e
PJI,410,520,37998762,2023,1,48c13fe60e1018920a2da1cf74019f5f8a0fc2f6b21dc9ad23aba22d7ec67b8b
PJI,411,521,37995211,2024,1,8a2127a61efc71179fc3629f543e0bad148e837979db117a62e1844a9841602b
PJI,412,522,37988003,2024,1,c4fb4b13b3c006255499f7ca9b3cb694adb63fd844363e0df13718d263689e19
PJI,413,523,37983007,2024,1,3f08d883b0b7bdcc529a13ae2cef79e0f210e3716fe6339103b5adcede5bb9f8
PJI,414,524,37981001,2024,1,5e21805c4d3f96a485748d1941bd23bc51507a1f7a8f828e2715ce931ff4223c
PJI,415,525,37975182,2024,1,55944d13b453d542e883a7b15c6568ca1aca8bb369a065be47b14f1312bdd4ca
PJI,416,526,37972666,2024,1,8a7b0bc8dbd601d8276ff1d7dc525a331bf88f22e29a50ba930fb2e4c3b52806
PJI,417,527,37972546,2023,1,dd5dd4cf825e12a650449240404385e22eb7981790fc5946271f411033e47c99
PJI,418,528,37970621,2023,1,4c4db4b8849acdf5f4139f142a2cb9cafafc252c5ec86d3d7cac605ff827b435
PJI,419,529,37969534,2023,1,1a7e6738c4731633b76cf78ac90fef69ae26e3cd871e11f74b0e76d033172e83
PJI,420,530,37968710,2023,1,403205656a8379009e5351a70880e89feea5c68c4cd539d813b204761b261d04
PJI,421,532,37947408,2023,1,ee15f2200f5a192ce60bc9b25cb6a732b1731306ef95ebd07a67f8ee830a15a7
PJI,422,533,37930482,2023,1,19208c0be5fad00d9bf5266a849291cc4dc0bbd5075b201e504822ca7ca16a05
PJI,423,534,37927635,2023,1,3a993a30162920ec30f5e60281fc8a989c13e032ff7fe98669194a0484ad1180
PJI,424,535,37927057,2024,1,7e2b2986e66af1ba9980fad2fbfaa37fac894a82fbef20b5c4cb168ab8d83e63
PJI,425,536,37914902,2024,1,c518e9a13362e0f4dcf5bce3618c56937a6f18cb4451645e29238ef7f7ab0e98
PJI,426,537,37914037,2024,1,74c542b780233eea31cf8d583539d43bfe3e2483731b2fe90349816edddc7d8c
PJI,427,538,37914036,2024,1,5fccb0d04cbac75814eb9f2d74c32e1e93df0a990cf86ca981e3169750acb9f6
PJI,428,539,37914035,2024,1,ffac49d05be178d7fe027bf359b104f960f50236ed8ab91800268245b5840611
PJI,429,540,37910220,2024,1,cc04d4e542cf272c7d3d13a437f2287ced6cd52b2baf3bfa363a32a228b46c3e
PJI,430,541,37903295,2023,1,332ab4e57acf0402981581efbbaa9305aa4b1f0d4770f0bad0f9b254e7fe84ce
PJI,431,542,37901121,2023,1,530569956634a92f473e01543f62c0396d3e7979faa7b059cbe501bcd0158801
PJI,432,543,37892817,2023,1,66d18b19556d05689040fe98a6b6cf1e591f5885e286f72c9ed2dfc7359709e9
PJI,433,544,37891602,2023,1,427dbc33c38f4b552145d7ec55b74bf25e53a93facdbcc6fa646f0b023c038dc
PJI,434,548,37882792,2024,1,0920a2024515dc0cb7a06faa8350603fc50e9342f5a1fcae399eadadcdf551b8
PJI,435,552,37866461,2024,1,04ef21ed352c3e786e87c60554cf925fa61ce746f1e5ca89fb7f76c052c43db3
PJI,436,553,37864658,2024,1,60716c553bb702f915d80863f87cff2b783c0d962f9d90b68bc540dd7e104597
PJI,437,554,37863274,2024,1,83b3d26878d366f081c2cd04fb7564a737f5e97d3da10bc8fb3ed7cc3fcadd57
PJI,438,555,37858709,2024,1,c3ab33272849d4742e8d5997eb6c9df9af0f947eecef36af681c1e243c29f040
PJI,439,556,37851304,2023,1,a97916a2a4bc5bee4b690e2a5611fc10d24e2e2213b87f2ec6f533d88c0e4c68
PJI,440,557,37847413,2024,1,7798b221da0be4ab670a43c0ffde7988f03a4f0bb3c7bf4ca625b1f2afa4e59b
PJI,441,559,37845299,2023,1,0e38a4e9caf3c0c0b4dc2c999399d45dad3ac1405a256e4c2e9e9a05b63b9095
PJI,442,561,37841451,2023,1,9cec0b10f07e73b1016b0be23ccd6c1eec3de7189fe2a5f5e005f860333c9d86
PJI,443,563,37834758,2023,1,b6d273ba7f459f5dd68d403c3a6694446b5f1e7fe9403b36de842cadad5bcae2
PJI,444,566,37813394,2023,1,f41ee98f7db3bdd2b4b0e36177b5468be48c91b569c12de1d5835c16548e6849
PJI,445,567,37812668,2023,1,fae7764e59fd3583a0f3a9ea0b612585415ee5d966e0115cd164dcae7b23540b
PJI,446,570,37797825,2024,1,e7c25326587ca142355a1cb9ea42a1988a3cf9b6c8389fc5e2c27f8d7d53f320
PJI,447,571,37796054,2023,1,7ded876ac42f533f58d01475b8d8cc5d00ce6733d88cdabe5b9c73b17e92bc42
PJI,448,572,37793169,2024,1,26193e56f13a1d512c6b4741334f23845b2291fde4efaf431c36193d5eff160f
PJI,449,573,37777206,2023,1,c8a032664998c8f1275896498ee1cf006083dac4e8de633c7500318e4314f096
PJI,450,575,37762849,2023,1,d08e9eb64a57ca5b887ad4898c9a707686c77379767c4aa2693cca5fb466357d
PJI,451,576,37760688,2023,1,24a292121bfc9523aae2b039a807c30f1bb72aef8d50821faea65251509b73d5
PJI,452,577,37760681,2023,1,3a5218ebb584cb90119581ef5316e77c243a4fc98c5476f8486c59294efa5bb9
PJI,453,578,37760665,2023,1,2ddfb5f9cdd870397c53e3424d533578ffdd5c0d568c9cd16558e48542e1b59b
PJI,454,580,37755479,2024,1,98535dc2472d65fe96cd56bd9998fd9f4c04416b3738326e18466d32ac5fe8ad
PJI,455,581,37755469,2024,1,0575e4c2f1426d30d6880b6081f2f4246ff22c86b6212486c6955b6102e1f7a1
PJI,456,582,37753559,2023,1,c0126bb813214aee1d38da8242225b678268cce6c4486a5490663cefcf8412d0
PJI,457,583,37745972,2023,1,aae25ab9d6b049a49037095b1a0c120af4332a5d882ae568d9dfbc01fdef37a5
PJI,458,584,37745961,2023,1,a214c8f61ad010963a9e7697a0ff6af126bc1b4260d00632573293df64aa8c9b
PJI,459,585,37736105,2024,1,0ecdcf291cf72fa7c6ebe1c0adef9b1adddf421eef7f95f2bcb692c89f001df8
PJI,460,586,37733911,2023,1,1d042dab0120aaf7aa973fd1b480e183d344ba5d53479179a358f7c661959447
PJI,461,587,37730212,2023,1,147812035b228d503f59111d103bdd68f9296857bcb96118abeff7121fdcacb0
PJI,462,588,37728980,2024,1,fcdcf9f41f6e7537448c5fdaaaec61acaef5331635bd94f7fccc032fe68dccba
PJI,463,589,37728010,2024,1,ae543e48836b8c7f5ca4c446d4f3b79112d50418f7e11e10c516c94cb59a5840
PJI,464,590,37717837,2024,1,3db6970f3fa9c4f9e5e90c90e85bf63efbd9722a8b8acc746d707cc7ea2d8b4a
PJI,465,592,37712075,2023,1,42fa6f2a9e44076c8f9a0d48be483645ba781c67cbb77b3cf99377a20e06a2e3
PJI,466,597,37685609,2023,1,01605c3f453da33668a4a09750c30b10db18d14d1d326a0208b1d78bf1eb2825
PJI,467,598,37678883,2024,1,5822ac42cfb63f239ed287db5ff857297835618517638a2497a5c7bff259d4a3
PJI,468,599,37678244,2024,1,5321bc32374cb55b254e774ae66d1e365fb9a76a316cd74c92fadf6edfe67a08
PJI,469,600,37670462,2024,1,e8a8cf566dbb06c094cb55ed341ade03806032943533739715ab4250b26295fa
PJI,470,602,37663073,2023,1,07b12a9c18a14bb2378b8ca6c3d9ed0d5c5c4f34a21187df13d33311227a3ed1
PJI,471,603,37661070,2024,1,8bf55a198d7ee5031ee5834598b4ac9b515c8f57ee92cbb688dcb805d4c1b246
PJI,472,604,37659701,2024,1,605d075b91085bb4460bd13d9737b36392d55b1851c33ce36ab10751a2de76f7
PJI,473,605,37659681,2023,1,2a42827b8b0b3a3537eadcf42f053dae12252b875cda30dff4cc6b046aefe17b
PJI,474,606,37656276,2024,1,94b981a9ea17ec6095a7f7d0d59c0fa323d2ba2273e8c7f26a255a31b380ee01
PJI,475,607,37652454,2023,1,6fb348af0aabe06956f069d570d4737895859af230052c16c739c81da21d1a18
PJI,476,608,37651552,2023,1,fc4adb58cd4b1edad364272a297ce6e18baed8e7e8d5731b3a1e6795cc101823
PJI,477,609,37648100,2024,1,e49d4be8a9b1c349f4cef768e6188759c5769e8a0b36c688e8082ddd9732bbf6
PJI,478,610,37640916,2023,1,023f5ef7019005cbbc3fcd5ee7dc22ef20bb24d3dbcf81d07c652b0630b8f42c
PJI,479,611,37638217,2023,1,32089a825ae01c918af3ec0258860921badd901b89ac3c7ec4e0abe6774dbd33
PJI,480,612,37637597,2023,1,753be6962015889c9616cfbbc7949c3f553af292561190f081b4844e286c0eee
PJI,481,614,37627655,2023,1,1f2a6fa28dfd383007206d646bdacbf9b1b86fd64132a53fa7b3ba0f871a8b92
PJI,482,615,37619801,2024,1,4c62af6e51e6b94f4e5bbac772583807552cf87e1b83344c11707834865a40a9
PJI,483,616,37612523,2023,1,03d3804fb864c7c880a755cf6bd59a64176c9fe37417b12c7b7d9f8fe52ff736
PJI,484,617,37611677,2024,1,7ca3d807659b6b69086227452fcdf4af3b86153e3b4fcc8e05e1cb061433e2ce
PJI,485,618,37609941,2024,1,96a3e0239b1b1195ec9ba813b70e2ef8116f578c45c787809fa36832b5a88d01
PJI,486,619,37604496,2023,1,ad6a7d98f0b3b5dd75e2882926139977350f1e3fc3eb7948ddee779f5ff5c95c
PJI,487,620,37595763,2024,1,f11946596de9c993c1371197fde361ad80a4c59e2b6d39394f9f08d958f1ae40
PJI,488,623,37573930,2024,1,0d4016c103a284262264c2096a344f90b953bf46d995a54168d8aa988892b8c6
PJI,489,626,37572716,2024,1,2dc5639d64b6194909effc4cb25433c321f75ee5f9cfe5cbca0467576c2001f1
PJI,490,629,37566227,2023,1,cd04885a9458e63e3fc798e5aae900d1c889adc09b67dae150f73e95c27ffdcd
PJI,491,630,37557968,2024,1,523bd75ef3761c19049fd34d322ff31a38b6909eaca9b0b685bf2a3fb79270b2
PJI,492,631,37555860,2023,1,9c53e150b041c41bb52997d0d1255f23a2ac001aff7108d5cb8ede18da990397
PJI,493,633,37542541,2023,1,8b507c32b19eb96e807cd83887120ee88ab039c3e1e121bcb4ccad75ba473470
PJI,494,635,37538135,2023,1,d5a541fdf08d7f1370c1dabd9116d58509f8bedcb043c90171f40e9f5d47afa8
PJI,495,636,37534610,2023,1,242c6090adb25ce57fc2827328e268ebd6e416850cfa06d276f9993d09fc1eea
PJI,496,637,37525537,2023,1,e0acd697ed25acc310caf6c8eff194f014393f67aa227da27985c5eaab32fe83
PJI,497,639,37520268,2023,1,a8649c221c2133f6c6ca1968058895e9c7d57bbb977d0f33329f86616117b229
PJI,498,640,37516385,2023,1,17f0a47e7b89b7b78c0e1d6a693e0cac54a31e807db0931a890a815d5ba287dd
PJI,499,641,37511656,2023,1,b946897d0a75c54288caceed9597d3e6269a4f4e4b4c4744738bd6428ffbbb26
PJI,500,642,37510924,2023,1,f5ac6bece1bdeb8af92496c9ccfcfd21aebe140c22406140995947de99ec9c70
PJI,501,643,37507315,2024,1,d952d37d46d5fab445bd821353116d537cea3e6afdeeb7e406a570d9992ebf3d
PJI,502,644,37498352,2024,1,99c54d7c333c9cab9becfb857f37842bdce9a3c0c8b76c35fcc87939e15105b6
PJI,503,645,37479562,2024,1,042d64e19dba06e95eb8c4b9eb902cd7dbe320603381ee9305c9c9901766b21d
PJI,504,646,37468030,2024,1,176ca207c3e403c4786df9b2ef13ed12d8524d21f281f3f8f7ebfd5a195bd430
PJI,505,648,37462509,2023,1,d4a74947359d47da962202b4a831e5e3f18844e639cb2a0b37e7a1d82c042a89
PJI,506,649,37458699,2024,1,f79cee8ecd7310b2d34dd61d5b3d0f7cbb33303734facc78065e05cd45962c80
PJI,507,650,37455814,2023,1,fa9c29de0467ae007b83d7e3caef69995a022e2fc2c9b0cd63a9dff4a7fdf06a
PJI,508,651,37454949,2024,1,84eee53f39519cdef9142b45bdd47e6bf999d90795dd1b7bed858fd617658ac2
PJI,509,652,37434369,2023,1,82f136b604b8d4eb1a6f8b6748395b72309f62b877ad21b95166e8201391f3f2
PJI,510,653,37426907,2023,1,13e54f9b105bf3375c5b623d29f645db0a57d7b174aecdb16c46a36ef987c4bc
PJI,511,655,37408050,2023,1,9e04b16eded0479d6b827a0c135c45722a87e877149539dcbc1fd67e323997d7
PJI,512,656,37405463,2023,1,e32174151974bdfdf46b5ce19d4ebc1cc846241cc00e1cb08145b4d4a607ffc4
PJI,513,658,37402969,2023,1,9b0a78b95e7c9a5169b2457b6a4b59061cf10fdc5285af21490ca0f758da5f86
PJI,514,659,37399088,2023,1,401d7f320e73d33c78bb277205ca70c48d436160a28892e3a723a008a27ad924
PJI,515,660,37398732,2023,1,66483bc05b35249f89080be6e987bdeac0427879279b5a55af261f4572b5c763
PJI,516,661,37396091,2023,1,b2a120c0372ad998665084d4d997e759121c85d869b50189554ebdf9a8f9eca8
PJI,517,663,37394330,2023,1,0ccd3bba24cb66dfc3f3ebe48bb69594c5beb5a251514ebf8bd27646189cdf81
PJI,518,664,37392216,2023,1,25cf3ee47632cb4dce6a76f1872beb74be2bbc8d86e5d2eaf466495c3815b958
PJI,519,665,37389568,2023,1,bce406b0cf5f32af42bb8e5274667c20d48c320e25d9910b1346d746df408eac
PJI,520,667,37383855,2023,1,802b653870ae1782eb3eee65e78ae40b4c547d3bcd92e7847401a324000130b6
PJI,521,668,37380141,2024,1,52bc7bd97e10d7257f56050529d1eaf30b18e0615f0726e53a7ae6ba209d579b
PJI,522,669,37378447,2023,1,df6b30bb05bd5f8799f1caad7ef717a8fd7a0008419837750403267b12bcfccf
PJI,523,670,37374240,2023,1,7789c909c586ddcb6eebf47bb7c91fa36de98307f3301e46ef96a5dd91b8dd1a
PJI,524,671,37371862,2023,1,08a1ead3b5c983bd8920ab33d14c9a9ff7616a914cd9fc2f599cdf2401975a16
PJI,525,672,37370301,2023,1,f0b7b2e7d5f63be6a68883c9355dca543e58cd90189f6cc0697dbea9d836e8ae
PJI,526,673,37366188,2023,1,f283b0f1669389289d20e13c4957774f23f6fad3f5e4b9124e1a0f2a163fadb4
PJI,527,676,37353111,2023,1,d9b536a3a5321955bd59c62d7d5e923256e07db6f3158b4c2b29f8a72aff884d
PJI,528,678,37340880,2023,1,ca805ff255d2de9f7d0a2ce9525133cf120ee49eec4fddf05e45b1037d961eda
PJI,529,679,37331444,2023,1,32991754a01195005d169a18ebd478323e016aa3f13c40b2ecf920b91348fe4b
PJI,530,680,37331436,2023,1,42247ba1819b11b7d6314097bc67ecd6e9e3ffcac93b7034336f05900b1fb791
PJI,531,681,37329492,2023,1,435016110edc9a636bbcef634be1deb0d86a27544dd1b51f00a749f13a0d2ac0
PJI,532,682,37323551,2023,1,4662ff3aa4aa6a06ae304bde0feb3a37bd5cdc9c93ba22f2c72fbe4dc4ed689f
PJI,533,684,37321515,2023,1,5e381a0ddf7d8589696ed48dd505c0b4a92e479980d64be965d4910c06256147
PJI,534,685,37315631,2023,1,12d76f2d5f4368329b03430032ee7c433c0696e14dc649f336bdbd639439308c
PJI,535,686,37315630,2023,1,153188befc044691f490bfae9a97501d81accda3e125f01ca03fbb704b4a5764
PJI,536,687,37306180,2024,1,00bed4d7a39330a650b2ccf09ee35e956d10ded521c3fd96e089074f9c57c857
PJI,537,688,37302622,2023,1,9db0b0f336af96e9e7f0a4f742bebb52f6a7d4e9162ca9b61f0147ac3d6171f4
PJI,538,689,37301238,2023,1,b35701bd59ea46ea118b9ed1143c4203afca5a4baaff9b61b433d1d3a4ddb33a
PJI,539,690,37295625,2023,1,0b544663bfaa2447ce0e450426558c1e2f4e7aadd3c62aeffb67667ad24cf66a
PJI,540,691,37295623,2023,1,af7e4919f046b5cf91adb7d52a7afb45d2f98226ac3a335bff0e11616d5bee86
PJI,541,692,37286055,2023,1,6dd1a0a80217ef8af35113c1a3c0657950ebbe958c6804d83df1676dc9f5f2e4
PJI,542,693,37279850,2023,1,9003087774fe30f50a14888bb396819609f828aa03ac0814c1ae48abec557823
PJI,543,694,37278263,2023,1,b87e96d2081c553380b30aeb18cc8df41a11e1fa2fd9f99a70fc9b039710a04a
PJI,544,695,37273394,2023,1,2d8e806d97cae568a8127e5451705bfa7b72dab04aee96820f2434792d24dd78
PJI,545,697,37271233,2023,1,1c2e69788c695363497f968cb765217c57dfa13fd4d632f0725caef1ee53462f
PJI,546,698,37263640,2023,1,764294a8972ca652df39d9ef37e0bcaed762efea0ee1e1503bc14b42cf1e370a
PJI,547,699,37259562,2023,1,f93bcd52bc80643583f7a3409b9734ef24e29625831d24d65fa8735501cdb26b
PJI,548,700,37257789,2023,1,bbac6000eeeb6ea5a678f7cb2c0b1cf8a05055ff8f7cf1186329b88b98a871f7
PJI,549,701,37255321,2023,1,9c2517fb7b2477ef977b72164d1aa89f571487c0cc6a15ea0256b719806a4c8c
PJI,550,702,37244888,2023,1,e185aa9ef94f840124376046352998e9be69fab37ecee0856b146beb4e4e9fc3
PJI,551,703,37240706,2023,1,673a92e704006128d710a859d4323bbfdbfb401275d8ac25f09b64b638b09802
PJI,552,704,37237841,2023,1,7b5304a7c1db106b72878b0b9f3b71c3232b436d81499b2279856247b056d3f9
PJI,553,705,37236284,2023,1,bb9cec927e9211271181c181fb6b7b4de9a50e2f63506e2f9afccc1fcfe6bf28
PJI,554,706,37234598,2023,1,0f904ab1183cfa4acc15bc9f2f997b8dce2694d6b45cf6d3f69fec839e482e9e
PJI,555,707,37230226,2023,1,ccbedb0762978bf46b8a565b0c1ac40f01c060a1098207654e27257188c9997e
PJI,556,709,37214371,2023,1,d2be29e3bd7b6361b77855e189220921fcda8e7c8eb6132cfdf98245df94ca11
PJI,557,711,37210859,2023,1,7197256b9483f290af060eabcccae444f53ba4b06a30bfb50e8f98ddba2c6a51
PJI,558,712,37209907,2023,1,82bff9b2df1095dfcb8f68b533aca3374f7c2d1d9430e354de4201dd02acae0f
PJI,559,713,37208700,2023,1,d4098c9b7f68b00b3c42748a454b513b9dc9744622c8ec9cc36859ee08ab38ae
PJI,560,714,37193765,2023,1,f3a55c53ac75f0cc63b420e84a32e2096006ad45645de1187dfb7226028bffdd
PJI,561,715,37187468,2023,1,487d0ff28b935f1a8ecdf29f9bbf81dd61613f655d5b7b555a75c3777db9e69c
PJI,562,718,37179024,2023,1,2099f348fef9ace5f1fdc50df684f14de361039f6c8ee7661b8f073168f8ad15
PJI,563,719,37179023,2023,1,9bb513f89052f918212e523776d4cbce4e8f184bfb5f5776141d2e0e3051ff43
PJI,564,722,37172795,2023,1,807894e2f86cb2ac748b8e9c2f87eef675a8f9301e7c229b701d4910a242cd6d
PJI,565,723,37172794,2023,1,8b5244f45e213da6f3d6bf7b034a14d0c76f48a42e832f73e9d6c0441ae3a10b
PJI,566,724,37172790,2023,1,05566910460396ed61d42bc18b33bad2feee2e55db66ed3698f78b29b95587d1
PJI,567,726,37168825,2023,1,661d0536d7624dc06389892c5a687ee75ed5f7bf6e1d8d2834633d2b85ab987d
PJI,568,727,37168587,2023,1,7dc905ecb897f6dde7df12b0a46a884c1f94de1ab0e104ef4acb8632ab9ed95e
PJI,569,729,37160445,2023,1,d6515cc584ab207c0a444901eb2442a75810fa109299feb333602373f547a5f8
PJI,570,731,37158424,2023,1,0a06a0e6b9014ade5ac0d8a91f2d751008e951924ac6690007241ef15788b4f6
PJI,571,733,37151405,2023,1,27ff7a54ded0d36d4f327b278ccbe1fda03aabddb006932f8b76bf66cfc0923d
PJI,572,734,37145143,2023,1,5460241277bfe2922c87336036fea39f443b337c98616cfc41fd02fea6d673df
PJI,573,735,37142070,2023,1,52d200510fe78b94fb54b57fa54ad92ae1f974d4a849bb2e3d52bc02deb0b086
PJI,574,736,37142069,2023,1,558bde8ae46c170684942cb54886c5290d0031595fbf187e21bda23d933a9cc1
PJI,575,737,37142068,2023,1,9df6a4598c406ce5dc71e4f503fe1c8e6689a18509ff5c7b7131421ddfcbe746
PJI,576,738,37140202,2023,1,f6dcbf92a18a0b820d896e82a167372961cb01342555c26202b000338ea2fd0f
PJI,577,739,37134143,2023,1,eff0fda2f1b17a91f02e08a219b242a11609c3647b6d905762ae4886f567f1a6
PJI,578,740,37133809,2023,1,382835c2ce836537fd905cf171a3f277031271bf502f93bdd957da78507066ab
PJI,579,741,37128563,2023,1,a384d3716441ccf4a3f973b86fe9b6a9baba0878417c700d0824818bc3547825
PJI,580,743,37123501,2023,1,e0b79efccb2abb5ff3ec8a1797d45b3d1e77a3aae6d673f6f4dd2554aaf7cdea
PJI,581,745,37121584,2023,1,f7dc3811f7914b3036c2d266783ceb0e852100496027af4cb33997084bf11b09
PJI,582,746,37113835,2023,1,941c21689ec99090e53381f848e33482e0a321a106338038b7fa9f3926f35106
PJI,583,747,37113779,2023,1,64f0f22d34d1f411604e7b533ce54d5cd038c6ce65017aad13cc98276ff6c436
PJI,584,748,37111491,2023,1,af32809f1edf12b2b5d051bfe8be2390f6a29c8ad5d8fbe3ffde4f103487b53a
PJI,585,750,37107094,2023,1,3ae53ed3e9343de1d63d58f66e42f49e1f51b9129ad7b8e65906201c394066b8
PJI,586,751,37105323,2023,1,8fab29c3ca5ec2445d8b0eda60c1ae00086cc8410b891c70de62165632e2f318
PJI,587,752,37101087,2023,1,4763ad86dfa9fac70bd1a96e4d82a7352bb2c1187bf64f54827e911365507d18
PJI,588,755,37092525,2023,1,96fab12ef97a9791071b2fd2d0a64d028605d39c0a36d557dacc0db40bc51eb4
PJI,589,756,37085676,2023,1,5f18db4445a3ec6d1f1b52cdfe2c7b16dec93d6c15e0816b799f28557790da66
PJI,590,757,37084920,2023,1,a81d2a65eee8291b945f4663f80066f5c286c130bee042f2203a98228e991cfa
PJI,591,758,37084919,2023,1,3e39b8919f1f67cc258b88d651e2164307eb9ec67e0363b4d9a3b869e6d68ef4
PJI,592,759,37079110,2023,1,5de88087b9d0a45e85e23b974a11180fc890378606b62b28a6f1864858489b70
PJI,593,760,37074322,2023,1,8e98a00e530302d48102b43bdbb4b052abff596c435915be285aeb65e3be052a
PJI,594,761,37071192,2023,1,1591c875d0590c177f0b363ba9be5b22ca358671e7859063cf2bded63f47ca70
PJI,595,762,37068569,2023,1,73491d0717c54a7ec9fe931707295fa7677a3bfe264ce7c04ac7a3d364465675
PJI,596,765,37059870,2023,1,34f670430b7cacfebd7a9c8960a93f390dd3fb349f8c4631cce995ebea03b89b
PJI,597,766,37051823,2023,1,88d2cdc777b74593f5f2c966781108c57e6056fcde045dbb1b8137fe74c01b50
PJI,598,767,37042970,2023,1,a95074e85b8ff5e6c6175b14393e1e9e512f943b8bcdcd89f5f3f7c77b00a8b0
PJI,599,769,37032977,2023,1,a33aa151d4c5d537f680f3a92208bd8ede6853fea5c1217ca05a0a7c524778f9
PJI,600,771,37028955,2023,1,4cd1cce46682eac5f907018a3d83fbdcfee0f611a9fe104941bcf66826568c76
PJI,601,775,37008979,2023,1,9abecd92010d46379bc859b61e594ddd15f6a927588d982567f78a0b3316e263
PJI,602,778,37003459,2023,1,0b3fcea5f16bbd26f0b3ab4398cf4bf8edbc88e046c907de35b2a924861b49c8
PJI,603,779,37003456,2023,1,0226933919a4ad7b032fff07ee5e1c233f3c47c0cbedfa7c8b50516f1cd48d74
PJI,604,781,37003093,2023,1,3ed68bebad682947b670d0eab61ea39f58f41cf92b7e18ddf741bc778cf9b236
PJI,605,782,40198199,2023,1,079a83af135a0bf73133d5551b3a8895a7537cbb388120abc40e566bae5a1015
PJI,606,784,37000267,2023,1,2fd89b6f4ab811bb38ff0d804abd6fae38887ce1326cb0c7f67df6ee2806fb94
PJI,607,786,36996946,2023,1,c68dd6ebc84c7a2672d21248f914758ec8f3387be4d8adcb1b426005d73cff0b
PJI,608,788,36990369,2023,1,ddb7a974e02d06eca9dc92f1f1fed6fd15a27371954f8fecfdb175865e306954
PJI,609,789,36988713,2023,1,d861811562c71068de7c70dd31c39e6098b7c4bc54d557cba2b31d7ae4b54b43
PJI,610,790,36985124,2023,1,7fc42f29c4c3d870aac8ec6c400bc09cc9a2569a0442804732d920aa69ca8c19
PJI,611,791,36978473,2023,1,2dfd646b8616c1c8e75fe927afd6a5c273cd860a87ad09dc4cded4f43c9f893b
PJI,612,792,36961471,2023,1,a4d68ef6405c0515af3242ff8033058c0cca9fa6d5adb08269738802b41dc8ab
PJI,613,794,36947597,2023,1,15909de068c3d317808a3333281a2ddbb1be2fc92d74a6ca6fc0e0efbe06294d
PJI,614,796,36941499,2023,1,70854ebe2f99a887b20099f49afd17dce562777460639a37e8ea5bd4f474b1f6
PJI,615,798,36937214,2023,1,d58cd992426922ceddce40be05c49db7a50941a10dde245104612e8544fe957c
PJI,616,799,36934874,2023,1,add75e6b266b9a57ba222fc1e870551d5682281902b4bdf8aa6b95a52670108e
PJI,617,802,36924855,2023,1,579463a0471caf38a0272ecb164edad1f84bec3041f28976fc801a21e46ec2bb
PJI,618,805,36900086,2023,1,de0d05d5338c8ca1353746f1ce0f747b9b85d0973f7da9cb005afee3a3d78090
PJI,619,806,36897193,2023,1,25ff3b198ab6573ea0a7040824f591d1e89bf7b3277b596aa6966307f28a8ff5
PJI,620,807,36895567,2023,1,7a9370969b3d7456c46fdff18f68169194008fdf1efc4b6e0c10511a96b2a2de
PJI,621,810,36889580,2023,1,cf8069735c6b92242688b27d1cd36faf29b516ad67777816455f63e84da700f6
PJI,622,811,36888646,2022,1,38352bc26b2f742d9b52ab869aa6e0ab4f7f3353f1106d9fd6daf7244f794863
PJI,623,814,36878435,2023,1,5f8f7d82cb1531e2d2260b7c11049045193bf2231cd3a8c9abffd73b6705df87
PJI,624,815,36878112,2023,1,13e92ca9023b8dc0827cdfd0e9f9125f44efb743814c5cb7b14847328a2ba242
PJI,625,819,36864538,2023,1,9798f60aa6a30600d86817b52690d1894863f90500cbd23e33cc5b75d7384fb9
PJI,626,821,36863575,2023,1,b21e1767ac11519d617fb4c22f936b9d9ee48e664e0d4f026daffd94f0d118e1
PJI,627,822,36863573,2023,1,d39e8b2acf78d91a8be3639bd967f32fcd1a094b3923c8e9b0b4635b08e3d706
PJI,628,823,36862067,2023,1,bcc6ab7b3cccea79bfecd1403abb7f42d4cd7395f716840585ef1d95bc2616c8
PJI,629,824,36855945,2023,1,5cb851c4a1b2cc620d414956d418434092ef6b722e74e46a66ca916423a84db4
PJI,630,825,36854321,2023,1,55b40a985019826120ab87556bc1e4413e5ce0354e7e5bcb1e370ac588438fe0
PJI,631,826,36853879,2023,1,aba786d306109cb270cd429ff7c12b8cfcc5026df9bb63b394457c220af55e19
PJI,632,827,36851713,2023,1,1503d4db623e7b6d38612d9b73194f1b58794a609c598ac17657155ecc5b6978
PJI,633,829,36836201,2023,1,5b3298bc6d2ae2720043217ab719255bc4498b3c6adc17563652191e3f3ee881
PJI,634,830,36835798,2023,1,3088000078daf3a831662d5067a95465f393295b57658596eeae53d6b9c36dda
PJI,635,831,36826159,2023,1,512f39b50a2a82dfc31932e6c615601e539c6013050e452867e3a1746c717e17
PJI,636,832,36806820,2023,1,138521dcaabde2891b76ae3c3275cbfca02f960b00bc4650856b5ec264352baf
PJI,637,833,36805117,2023,1,34e99146d07267e222edd03e62cfd05cd9712138bfa94fe2469c04dad1923ae2
PJI,638,834,36805114,2023,1,eae8c0aee7a2c7a5f2c1531b4bbaa5f81c75d8c145c0d18044f160475df35dac
PJI,639,838,36778987,2023,1,36b5611d0bae7e7cb1b506a481cce60ea7f94241ee46d4c874122d284fe372ab
PJI,640,839,36777623,2023,1,59d879286254b3a94b5d2943772988e2b4c1376420d58115f30aff3b08af3407
PJI,641,840,36776518,2023,1,5a6a60fce064e7db860a609b0b83d1ea04d61897b049d24ff04aed69ed934d30
PJI,642,841,36764406,2023,1,6cf5a1ea39dffbed3645c42ec396c3245f03b26faa96a5f124ad9e16172913e0
PJI,643,842,36758110,2023,1,80e14e8e0faacde067a29df648343348ebad8c6b1aad8c9db962651bbe577b6c
PJI,644,843,36753817,2023,1,6331b6cd0085b6f53c99b21d00ed178ef6d8023189d88d22d4f2ab79579edf29
PJI,645,844,36752846,2023,1,17d4a2e21bba4f5d2c2562f45bd4ae1d07056cdd61929b8b2c25c37215926bdc
PJI,646,845,36750492,2023,1,b6a41f69178dad93b694c0d0d27f21fd313ce7782bd622d7c212f5143fcd252e
PJI,647,846,36749706,2023,1,b26f8822e6fa835025a17754a73695b687f8c6391cb8b6b2477210e7e77aeb86
PJI,648,847,36740865,2022,1,a6a18b1c5f2df775dcf0aad24551b0c8717aa4985c426ec404532f8dfe41b137
PJI,649,848,36738866,2023,1,0500706475351cc6d361cbacaa4b584cfa6ebbd30e68bd1a9ed4e69a06c34058
PJI,650,849,36735051,2023,1,74b0459a81ae177adcf4903dcea6947148fd8e5adbddbcf54933fd5b636f9237
PJI,651,850,36731584,2023,1,214fc014bd91ecd5e85cfc7c10ce3675442af55871ef8c969418cece5795c0b0
PJI,652,851,36731501,2024,1,e95c2f2d88a0782049a505ac818db5c473d300ef04c41a6b1efd78a45c8fed10
PJI,653,852,36729968,2023,1,a88aca8db72f564c53dedda44abb784987e0851186e0ccbc06e3173b94a9ff8f
PJI,654,853,36722065,2023,1,be58a99f91f3e1416dd8ab1d279c3bebc9a6c3d9336655245e1fb0da5c0fba88
PJI,655,854,36722061,2023,1,4af4d59617b00303070a8ae7e554d3bed628bfee702aa72ab274c061a4d117c8
PJI,656,855,36721632,2023,1,f6d2be2e35bf607d162ea823cffdbaccd1098c6c1d81d82f24c08e0c7eadc90d
PJI,657,856,36720418,2023,1,bd9124dde7bce7a4ad6bff689626f7493ca0845a0c43d363d1e0801ead79be4e
PJI,658,857,36718647,2023,1,928c8e9f831299284796648a55588dd71202abac992698f619ed7f942b2f2783
PJI,659,858,36716900,2023,1,fd3b2143ed7138b8e9bd5a205428fc2d5933fcc41fc04b43632ff4368f1a8891
PJI,660,859,36713650,2022,1,f20295bf32e43f09e9c2decc933bd72045742eed87fb774e4d84839be05679ba
PJI,661,860,36703261,2023,1,332fc7d6ccb181bef56852ed60161342c7fc5d931defb41c136e3d2aee3be280
PJI,662,861,36702438,2023,1,0d5b9731a2c6c80524884c3349fb0a26f0bdcc3aedad6e8fb710961e88a95620
PJI,663,862,36701120,2023,1,ffc87f0b36809f0b20c44ac78d96211f9791be95b2857c0c513eab6a92f1b531
PJI,664,863,36698987,2023,1,c7d063d6dbd027e58304f6f7cd08635c33458a2d6961d2744be9edd1b3aac1e7
PJI,665,864,36693515,2023,1,7bc502d48792693385a1e84ef6d0370ec62f7a53ec973aea25f102cdadd08e99
PJI,666,865,36693514,2023,1,d9e5160078ebf959db8e158323388bd18b6bd5a10d173c463a32ec672a63b3c3
PJI,667,866,36691464,2023,1,4da2beb8eb89c89a48e0e57cc75389b45fe5601d4b447887a52b8acbfa32913f
PJI,668,867,36689002,2023,1,92cb57aa15b224e2099343cb62c89943965f5a1c40e4b14274391f99911c263d
PJI,669,868,36685110,2023,1,4afc2caad0ce56dad762b361adb2ed6dabba07ca9a6dcf9507c4e81dbbc9206c
PJI,670,869,36683646,2022,1,8527c796b57d8330905decde3d71a681b903541e02f09cba8ca7236b2fae2df4
PJI,671,870,36677407,2023,1,6cf5ee332009d76219bcf33a418686aed3a853bf452029e9f3a17b82e69fb933
PJI,672,872,36675798,2023,1,ea5f636e0977168d6c9802278c8295b5fe7d88d68f13a92d60b4a8e028ec6306
PJI,673,873,36675529,2023,1,342fa85d774a132473054dd0f79a0299989cef4f88358533f111cc57b22087b5
PJI,674,874,36671215,2022,1,99fbd7c03b4bd9e8f3f521241f796013b78af5b6897f703830082e0b01a161ed
PJI,675,875,36656746,2023,1,c9f169a38a269e47c499e984c15f5cd2f5070fa9efe14c16df40a39a11818132
PJI,676,876,36656361,2023,1,63fd9a74f80f8ff452105f85db62a3cde630f29c4d2fd3b2d7b63773f2807570
PJI,677,877,36656350,2023,1,d6350f0371f84f99ab2e79ca8ab3a76e2449c9951ce83a357e9a21af3663ce58
PJI,678,878,36649933,2023,1,480c0ce6561648ab900df49bc2ee0ba1eee17a14409bb90c955cc14d99ec60f6
PJI,679,880,36630741,2023,1,b32d3620d447a8033f3281763b49767299311c30807bbad7fd1b33f113097092
PJI,680,881,36623413,2023,1,3826d68d22a48b12d5659ee2c9ec9c818d11c01b2044a8d4b9243d22c90c61cd
PJI,681,883,36606419,2023,1,e71547431d28c8d8184e3a56ac141bd39bd01fc62aefa2ec36e9e00ff57465f9
PJI,682,884,36604321,2023,1,07762883119c42f42d7858ff59d964ec6097aaddc6324df6873278dd0323dfb8
PJI,683,885,36601610,2022,1,a2337ecb42bf311ccbdd73363007199cd418fde1c4dfc5e29fa68de87b1b145b
PJI,684,887,36601236,2022,1,2974a8a4ecb85c15d5c6106ee2fd18f094d029f34e73e9b048c77f5f9c24a1c2
PJI,685,888,36601230,2022,1,5b0bcb677c48750af0c22e7398e21429845ad18dae6745ceb1ab46774cda7d9c
PJI,686,889,36595053,2023,1,a8d53d5ae6a93fe211adf0372154de9235d9ee2ec5268b147a080180606e22e2
PJI,687,890,36595032,2023,1,74f4a862c7c72ff4b1e7a15f24f3719ebf3db23992e5b299666ae4dada4cd3d2
PJI,688,892,36586702,2023,1,4f4ad2a6741283c899ece276c4f8ee71b560949c669a7525cd4ba82a6b8fc130
PJI,689,893,36584578,2023,1,9cd86c7bab549c75052d8cdcf32662d239a700a4c973d1283fde1851df3c1a62
PJI,690,895,36576575,2023,1,dc2630c88660598af07a018004d6fc37d7e8f8e3e25e688a8026bb509564e7af
PJI,691,896,36576518,2023,1,d5a6ff51966b7816250fe0948914ddb015fdb4eaf4caa75307809ddc8443c481
PJI,692,897,36576374,2022,1,379d9a8bee0211a97c690b0ac313ce7bd49d61638e2e4895bf5e5263d5f2a4ad
PJI,693,898,36574630,2023,1,beaa4046b325ecd8c62b6af31a17bc8133499323834d4af60e248ee7c508df38
PJI,694,899,36570804,2022,1,d1dc40f6115d2ae93269909320fd92751a1e9cb6aedc3da0c47cc86a44988c22
PJI,695,900,36569155,2022,1,5a84bb59e1ae4d2964fb861d63e1172f3c0d7a6e2d58b0b83686a5440ec385ce
PJI,696,901,36565739,2023,1,5541e79628ff3229870bd2a957b5f4b56352e19e760d0f20bdfc4875005bb55a
PJI,697,902,36561550,2022,1,d05ae3627e0d13c36b8345f8f0b6a19c0e1efe999763dfae10623177d79429ac
PJI,698,903,36561206,2021,1,1ee8aad133acf0d2078ade2318b7df4e035889bb82908b26c73de738410fc484
PJI,699,904,36561107,2022,1,d6f384225f73118c1f87a56b2a6c7d47115dff40abe819ee74ebc5e02b3aa0ae
PJI,700,905,36556038,2022,1,2ffdd2acc3614a9a65d7cfd68d21193d66341895dc8490188e5d09e7939de488
PJI,701,906,36551458,2022,1,1eb7ee9bd087f49651b3d0233620ce4c00aac461c017b91981bd05d3201003ee
PJI,702,907,36538941,2022,1,44922981e78991c677aca1b354bb405a9bc4cd9e35641d3848531ced18fa2922
PJI,703,908,36538938,2022,1,e85d3fbc7db143cd2b1fb624489e9a031dd853af9f667bf3f81112ea87998fb1
PJI,704,909,36535440,2023,1,628d5d98da465db648e644045eda6843ca344978859168ea13b3f5728c0e3320
PJI,705,910,36529198,2023,1,c3fca2a2af75f487addfc5f40ad5be33a7d72919bf9e0f0d713a2528940b4973
PJI,706,913,36518927,2022,1,ecb25e282d897fe7c6bef2c12661ef5de9dca1eeb0abc7131ff84810a7f9c49f
PJI,707,914,36509937,2023,1,fd7da790aafd1b707f39ac27c5823891a67d9c8cd5992d1192c3bb6b8e16b2c7
PJI,708,915,36507285,2023,1,e6071e380efa6209e98f465db857d7e3f2d3e29ca785b21713b7c4834ab60e18
PJI,709,916,36506891,2022,1,ac8129a2b0163e877d82057281c153e2e37bf4b565aa11e59f28fe871e2b0e74
PJI,710,917,36498756,2022,1,bad5b379b2a99485b4c7bc9e5c08a5b7394532679b2e94b11a848574b4d5e0f4
PJI,711,918,36496045,2023,1,1137b0605f87bd6a2f6ab9d9d66b8797a62aee5c7b9fdb335da100627bfc8cd0
PJI,712,919,36479014,2022,1,631bcf56fd22360ce5f58bd68c300290b1b89ca56249fe71436c6d1324980e68
PJI,713,920,36479006,2022,1,872d1218ba14514d9a4fa3abd6ac4ace4504d9df009524dbe1ee8e0ef6069802
PJI,714,921,36471324,2022,1,ecfdb037697f02a36f561841ebd7aca6afe89e52a8722beb62115b3807848c6b
PJI,715,922,36471020,2023,1,c291c00175562b94c29e3202c153676365361a1ed6508e56cd80235087afdd45
PJI,716,924,36470365,2023,1,b4be5f8fc39418ec216aa26df6c1d4a38ac216b94227e6264ad24ceb594a52f0
PJI,717,925,36465692,2023,1,ede4dd101b699ebbdd320efd8c007e93e5f512d12d848601ed4e46bce0843c8f
PJI,718,926,36462996,2024,1,1003e9cfc0cd582f58baf9fe4b82ed04440028cdffcc25671d491d1cbc75b955
PJI,719,927,36457035,2022,1,fe301f7b083b247c641c004db9201645651fd014011377f0a52b53e9c51f1656
PJI,720,928,36454723,2022,1,3ccb41683776f494d6daa616d7628a9601aac380bd7b6032ac9a0d5d8a97d1b1
PJI,721,929,38529219,2023,1,87e698d77bdb263584d219b2d03f86e2de7f3d7bffc7ded5c1acbbcb605b543b
PJI,722,930,36450936,2023,1,27bfdc19114da20e4ad818d3efd0847425b167f057c2138053e1dd40f8ee8b01
PJI,723,931,36448859,2022,1,e85086eb510849f6b474ebd410850a1464fd21100d1e72cfb2370858a73fc0c4
PJI,724,934,36436385,2023,1,a0043630b61c26adb45cea9eb8f2db258711dcf3eacccf041a46e29f4c31f179
PJI,725,935,36436089,2023,1,05336572c4e4525eba0976c40ae9da3ffec4172bee6e3811ddf9bae8ae6d9193
PJI,726,936,36434689,2022,1,b5899d539508f995a1620a0cbd45f6e182aae559d04b487f566183fe0995b986
PJI,727,937,36425770,2023,1,64cc852877a1c9b756068257ae271efc5cea936b80257c641b8cd0bf9fbac626
PJI,728,938,36421246,2022,1,cfea7a1db60d1658529cc555a9c6e714382abba0295a653cc26e71c9554e5c71
PJI,729,939,36410252,2023,1,3d9d1a323ec3036885fbef23d541396a850aff520e90eb0a93370581ccd35d5a
PJI,730,940,36410009,2023,1,5af95578632102d77047f1ba84c1a5e5d7653e62dd2c4e48f5a0cd4d4055d5d7
PJI,731,942,36404561,2023,1,8f434ae2570f268112ca2e651659b20d415830d0fac082ba3b27125ff5ee3bb4
PJI,732,943,36402933,2022,1,99f33277b5fa183409f4d640c38a0c7b526519a455b115fa81852ddfe70a6a79
PJI,733,944,36397029,2022,1,8d06fbacec336ef29e16c1a6ce75c49d3fd7047d5c908ee47a337d9a254b3dda
PJI,734,945,36396130,2022,1,58785684aaa8d72c80c3b77d0b3c1fab2cbf1ba3e57920d9aa6924ff003378fa
PJI,735,949,36375749,2023,1,b2a814c474b6ea14be281f532648950b5556c8b82ac106ae3f20a2f3c393d83e
PJI,736,950,36375748,2023,1,a741bc23b0b81e448d36b16d957db1fa2cb7cb0fce5bf8a325ddbd0ac5f3f8d5
PJI,737,951,36374325,2023,1,b0b3d324622ae000adbae5b7b7838939cfebe7ab1acb52e077c9df9e4db63a6e
PJI,738,952,36367126,2022,1,0bf0a96daea1835221e0ba9d192060e57501003dc0a984d47df7276cbb6e6835
PJI,739,953,36362748,2022,1,f1e4f9959117d0a8a36b74e67840eeb65b4bd07a20f462de7273bbc76de371de
PJI,740,957,36353415,2022,1,e71d5e8b207c3ed4b948af1fc02e9830839d01cf8d94f367d7e8d776067dab54
PJI,741,958,36353190,2022,1,2e9d998b077950dff4bdc61252a715acb35dbd5dda258e5ec97e0de2bc5c0907
PJI,742,959,36353189,2022,1,c942aa089697f4dfc3ef7298852d00af32198dba495132dfc9947f8e1ac97bf1
PJI,743,960,36349351,2022,1,1be59e098b6ae22daa341717e4ef12f9bde72e13d5e8edd582870809490448d3
PJI,744,962,36316456,2022,1,7e77fd7cfba155a6d524c1183f7e5f4a7313af7a2035bcbd36558275724a3de2
PJI,745,963,36316046,2022,1,3deea13795d7eb27d6cbc33f3c7a00844078755c57e227d4ff4b22c6e75c7708
PJI,746,964,36314875,2023,1,38d70d6d315a3196f57a6a795873c929c4564c6e3fcc7f274a18b27d962e4f47
PJI,747,965,36314873,2023,1,2d52550c565cc34504a35cda081360bb2904283a4b5771653c38eb2f35ee42ea
PJI,748,966,36312888,2022,1,ed4db142708c8737ddd22971257039dc8235e15d737a7a1a54d6b2d80a7ab836
PJI,749,967,36309657,2022,1,60c348d24e9161ab23c6415611ee4a06b16e3ef322aeb6a4bffdc4beb678361c
PJI,750,968,36307051,2023,1,a54675dda5d2c83a9a5bdf83183885fbf21a2d5bee85a4feede2f2f14dc7703e
PJI,751,969,36304695,2022,1,7e10ab17befe5d6c6f4958b4c71298ddae43af820a016849abfdcff3e869e1bd
PJI,752,971,36301569,2022,1,edb99f7d6c50727a00ade2365956c50eb662064ebd816c3c57b1e0b15bdfd8ab
PJI,753,972,36299473,2022,1,374345aed366e6dfa274333ecc4fcea2fcaf9ba57e0f5e1f05fb986d7002135e
PJI,754,973,36297116,2022,1,9fde84773c52715bb4dd23e75aee1b66d75ebd4c3c4a6a16ad14c13a1ce27ac4
PJI,755,976,36290065,2022,1,ee8f831e215f274ea6899410710b200940143624784d020c7db9cba0b293a095
PJI,756,977,36290003,2022,1,2f9919ba64e5e6fd0ef03ad0faa2f0ac298af9d2794d0644a76e9caf14036749
PJI,757,978,36289980,2022,1,98cd747289768b06793556ef7adc5b750396cc4c964c5d4d08c97a6649f094b9
PJI,758,979,36289943,2022,1,e2eeefb816865bc9e467382c580a4661abc3ab3efae127dec67b3f2258aa4851
PJI,759,981,36285398,2022,1,73a335e4d89cab6d35822b16c5d8298bbc734058822301dc2405efa513b0851b
PJI,760,982,36278949,2023,1,003104bd56fcca83c526dd4868058af79f26623a54dad93eaada7f803b073593
PJI,761,983,36273636,2022,1,42657c890f931fcf7ed2255ab0a8fd9b45974513685d1ee9899d55caa92c75d7
PJI,762,985,36263893,2023,1,b53473059c8fa54da623d482afc9d36806cba374c5388129726692d9d6170208
PJI,763,986,36255157,2023,1,76cbc66cca017f0157a9f0aa7ca2b6ed1aab54a331a928184918c685fd063d9f
PJI,764,987,36254212,2022,1,e1c5964cd856c9ab128850a002ff2790e53c0d90f5d75b103dcbdd9c9d729bbf
PJI,765,988,36254209,2022,1,01e22b071fdef3c5d27b02a3f708cd3ed4519a9c878fc0794b580fdedcfcfb27
PJI,766,989,36246023,2022,1,a117f95b026f7b3afc1c5f501a019c3f3e33a824a6aa2016075472e00d8b9a7f
PJI,767,991,36243299,2023,1,1b1868f0e2e01235e6ea4e187586862f1478fefd9ee4e54ccc3e560b2cf6fe80
PJI,768,992,36229852,2022,1,4054b220b71edc62a96f064aa1f2daf70b237e8932c4e1d8986ae05869429c66
PJI,769,993,36225743,2022,1,69506435358e1d64f3de3728b9d4b079cccdbbb986f9ab2737c0f52acc4df6c7
PJI,770,995,36222474,2023,1,41c5414bea2d980516383b417735b09a71b9cf7d9aca9b42949fdf6edb91f56f
PJI,771,996,36220943,2022,1,fcd0734facc4b46825c54e8e218f9e1b102bcb16d92dffe07d3f0359c94cf62a
PJI,772,997,36199826,2022,1,33fa727706635ff0db728e898f3dc6d58281cd42a18f0690cb7e40be942e5118
PJI,773,998,36193876,2022,1,ae606cb23ce1cac6483e2d782cae23daa9c905aebdb27e96a950ee3de5601198
PJI,774,1001,36179146,2022,1,ba93120dd16bac0ab016183502bf90f6e7938a3603f20e6042d2f9573ba6cef4
PJI,775,1002,36177638,2022,1,4c829bde0ca7112b3bcc859b40c05140c5ae55289d116948f1b937623528e12c
PJI,776,1003,36177603,2022,1,e577cc36cbcdc31c59e7afd3cffca701d1f384352975e30b70792a6987b4f406
PJI,777,1004,36175674,2023,1,82c034a2b5d6d16060be24e2b17b18cf8e9147471c5664a4637d6a22de14083b
PJI,778,1006,36154866,2023,1,9b039ec2feaaeada3fa5c9712b2bc0eb231d7647132a1903c775c35791be5088
PJI,779,1007,38529229,2023,1,bd8b8db1c8fdffe05d546c77a3a792b6a6f8028509211f13a582c16302d3c54d
PJI,780,1009,36140498,2022,1,c19b1da3e27b1281876210045738e8184d5ca453a4eaa0ec9da3b1e89e480687
PJI,781,1010,36139954,2022,1,d44e8f81e7c316a3e0919d9a9874d216a56d837f882826d43b2e89ced86e7cb4
PJI,782,1011,36132204,2022,1,97012e65c2d405da1e0d46434efd514c309d3dcdb7a65ebf2397cd6cb39a9f99
PJI,783,1012,36130698,2023,1,1bad633e2d84e32c9acdca843f43ebdb63e4162af5b5444f1882085acd94bdba
PJI,784,1013,36124343,2023,1,5b137a6f4daecf040082db2eaaff859482aadfce9a1cfd0a222f0073552905c5
PJI,785,1014,36115614,2023,1,49769362f4fa8c77a725c7817018b9f57bbc1d14927e9a23c85a5822bdf1ee1f
PJI,786,1015,36112398,2023,1,8faf9730aebdc97a2d1a5452e95e33a9470878f0305d577341684ec1662a0b31
PJI,787,1016,36112243,2022,1,121945dd6a1f81232d0fbc6b759eca0292b8a9377dbc54e7d0b1308102698497
PJI,788,1017,36111881,2023,1,ba10819f2e8f7ff8c285ccfe964510b4e60c3ca6fd98869e1c2d443730b086c1
PJI,789,1018,36109038,2022,1,ce121822e72697d0a2c0a25f0f7bdabe5e1b4e18a103dfedeb26acfd1fab2a48
PJI,790,1019,36108168,2022,1,41aa5ee361a3c7c73dd5f40883ba8fc28b8a14f29d7bac26780a5d4eda8ba332
PJI,791,1020,36106695,2022,1,6bab8d6f0d38638e1487d080344fe5807880c5143107e0d8611d1a40f96a4c05
PJI,792,1021,36098575,2022,1,718f97530ec3e73a03843946954baf73c0d014d90f328037aad3a78c1f3142bd
PJI,793,1023,36087275,2022,1,44ed19ff0b5aa2c621c0b27431aa089d77e6042c2cbf96a45664f1d9c18e63cd
PJI,794,1024,36082283,2022,1,fcfe63f8be9cb111d9a5925f9687a05e8a87d3d4922f731b71c6ca5bb50b9e01
PJI,795,1026,36072695,2022,1,8c956dd08fb7d109e9c72a39e1871c978a438097fa27af41a66a6880b910690f
PJI,796,1027,36070795,2023,1,fff555231675a7ad4e73462a708bd695fe7bf2f257a64f1c5d224df9c2597af2
PJI,797,1029,36067886,2023,1,c73f0b6399c28068e1b1904f9896f62d12fb6d2f126b674e047f29eccd27f899
PJI,798,1030,36065176,2022,1,3af65b29d7b8fd1d4adfa5896dcfe79a54c77da345830cb78ccaee90ea7a5d66
PJI,799,1031,36064964,2022,1,b46926bd2e175e484ff93b356797238d445eb30cd4d9c163b04b871e1b2e1414
PJI,800,1032,36064093,2023,1,518df74ecc6613f9293c26385140bc72f51095f7ed19cb32695864a77199e809
PJI,801,1033,36061837,2022,1,8feebb1887c9191d2627bb072d582e2618f1932fe071a78c27f38b030fa9689e
PJI,802,1034,36047027,2022,1,85fba5143e05718754f802c14f8aa3b6e8975870e051bc08abf50f8d67a644b1
PJI,803,1035,36047015,2022,1,35eefb612ca60e8bf1be781b79c1a34bca8e26cc38267b52d08da78ce6101cad
PJI,804,1036,36047011,2022,1,ef33eb0a2f2e6a3668550e3dbf991e9e806d35b4484ce7a166edf9c23c407e55
PJI,805,1038,36039123,2022,1,be731ab963bfa171cff4f41fdcba5277cccaa536f166b16b15293fc9737274c2
PJI,806,1040,36032799,2022,1,979ba588df2b5fda2a04159fa5f448f1723a9ee02134e3a4f4ae8f4b1457c044
PJI,807,1041,36032643,2022,1,dbf93a8cad8378fd116ee06e71d7ff599c0519414cc3c3aa6bf676ca89c77f2c
PJI,808,1043,36031085,2023,1,ab2428f4e59207ef7e5905e0aa3499c2fa38e863b3e7528e370e93afb29655b2
PJI,809,1044,36028942,2022,1,6d3ed2a82887ebabf60552b05f29bb40b8c8f00243fc40e983cb103b7d8a3aac
PJI,810,1047,36010192,2022,1,82bf5131e7e5c75d0ac94bb4f2ef887a7d2c048f33a372eb98e6395cbb9fa299
PJI,811,1048,36009968,2022,1,90601c6409835c2cfdd5bf5c2d17073fb7a3ed5d9ac763f23ef5af717bce3661
PJI,812,1049,35995326,2023,1,31af0094b0d25186b61b4159bb1884b798b55e39a9e8f9d3cddc80eae70990cb
PJI,813,1050,35993989,2022,1,03639430f069b33f100bcf1851d64cdb399d27b2f1561edc3c1b11d3478357bf
PJI,814,1051,35992985,2022,1,1e610dc6ca59ebf6af93a7e99494f91bb7908cd0f3b99967022dcd1b90aacaa7
PJI,815,1052,35988826,2023,1,7a48ad336062570fa9daf8df8d997f9c513e03f4b3dd22835862417a1e983258
PJI,816,1053,35987493,2023,1,e68f1cab61669d5dcc1e0b08d649c7f471c4a2a0f745146a46e1599db6e88e55
PJI,817,1054,35987468,2022,1,44d90f6466c1d5b0f4eb4b22d3c78d8325c1c13e75de37f0c18e9535a307c159
PJI,818,1055,35980459,2023,1,7f158ca052a330c24b6d044f05e598ccb3700f5e9d12b645908064a0a3e1b66f
PJI,819,1056,35973516,2023,1,6a4654252cfc423a68e02abf4819b6fbb049983cc7cab7104aa7b3a20f2242a5
PJI,820,1057,35971608,2022,1,f512860fbccd77ce90ecd78edc09e25440a33fb0f695df7ecfa4c4077895ac03
PJI,821,1058,35971607,2022,1,b80e696ae42a3354dd73a4c50c55dd077ce80e7a0dcaabbb70c701ce3e9aae16
PJI,822,1059,35961500,2023,1,da44bd7bf9f5a7ae46a825841eb06dce3380825d21de92c6c87213d17663dc5a
PJI,823,1060,35952854,2023,1,a8bd8174a9a01d822aaf3c240b7552c58dfbf7bfc887d8986c9d518b7b2ba308
PJI,824,1061,35949711,2022,1,0ba8634340b366e6f5f186cc2cf4e7ef065e28bc1c0c1727f713d913a8a42fd6
PJI,825,1062,35944567,2023,1,71d31d5005d080aee85691ea12f05e584f424ab46f3121169b303c6b8f7fb219
PJI,826,1063,35944072,2023,1,edcd60a70e4fccfb65c6ed3d84aae991e691250b76aeb975248f32c2ba727937
PJI,827,1064,35943586,2023,1,a835a92da01829518c1ffd2595e67d558f389b1debccafc10ad593e97161f5b8
PJI,828,1065,35935264,2022,1,06d458fe9c5700952fec8d6037ecdab71c3a8ce123804bc9e2b6a05f28d3bd6f
PJI,829,1066,35930052,2023,1,627d75d8a1e57f5ff3a4b7958000f4e09fbd401ecf8a606c8acffb2a41066957
PJI,830,1067,35928667,2022,1,9b3ae3d1a25878cbff050aaf6706507ec79bd463d37a96d46b41e2875bee0663
PJI,831,1068,35915283,2022,1,88377e172d536aaa169b45f1b64baee765e6f9afb2bf80caad4e2b5660210e66
PJI,832,1069,35907808,2022,1,2b61ba669a163650186d270db4717b3014fc70c91426ff0d869ee9675d08a90c
PJI,833,1070,35906493,2023,1,90ecb70aa534723211afd38dc2581805c663f7098b87de05d17d743778524168
PJI,834,1071,35906279,2022,1,8d99973106e050ca6d0039e59415f56b4976414828891ed186caa2636ee43e91
PJI,835,1072,35900587,2023,1,48e390e7b3f4bfc9ca95434eccc6286929168ab8b815b30a41242472b8c46671
PJI,836,1073,35893309,2022,1,fa29cf08b82f211147349b02371abdde8cb40c3372f1e08800e652ce132fe01b
PJI,837,1076,35880516,2022,1,b38030d60d7fa193e93089fc2c9e538efe40bd7d64a646a1f5f98d7cdcf687aa
PJI,838,1078,35873283,2022,1,7e7502b059b481b4d85b0910938db692aca15e6915a6220de58c5996c78cea8a
PJI,839,1079,35872231,2023,1,f941a96f8f5bc1fff99f61090a3fc0ec65c45de2dc818310b438cb1bb6e77524
PJI,840,1080,35869901,2022,1,cc076753b5996a3631456c22e8fc07ed9c2f821879cd811d9ad69365ca7c5493
PJI,841,1081,35860231,2022,1,4783c525ceb0503fb66014fddeb9fbea66d0fedc57010b109c50b33331f313bb
PJI,842,1082,35852188,2022,1,8e6cfb26141c7b481cc87b8a2a655a82332f59fcdd686669b9d69630f193c037
PJI,843,1083,35850706,2022,1,a5eca12ba499af79ef35c7d19d6d258ce4e0070a61a4b92e5df283ad5fb0e15e
PJI,844,1084,35848729,2022,1,99cdf7c1ddb7ab001502709d1b5e804f688e0037c799051b8e5f1e21daf2843d
PJI,845,1085,35843380,2022,1,76b5a39b16db7eade0207344becc79192c22500cea1f80b4879d33348ed00b80
PJI,846,1087,35840076,2022,1,a39577c0ae1c67ded47d761a66b538ed5ee813f8bb5d21b53d8f32fa00a240b1
PJI,847,1089,35819733,2022,1,03d419ba252b5feba32a44810f192248d450e670e1038964ef4a010194a802ec
PJI,848,1090,35814186,2022,1,05c879df9bdff5b79f7fd1355aed4389075eb80dea0825ced896c50e74145291
PJI,849,1091,35803521,2022,1,19405a2b6999224a2b0f23f82ba80ef7cc909fb4facdead6756f1a5b61d3600d
PJI,850,1092,35803170,2022,1,da978a72b67ba626bdc8e3d39612599ef035acc179d6d963a6b97138bb51a5ed
PJI,851,1093,35799882,2022,1,a42ae41115fd497ae3464739581911c1641a53623ad3560c5fdfc8e2dd4b8558
PJI,852,1094,35793797,2022,1,b536cbaddcbe0fa8052e9c9fbf8e6f6a5e59da985d1e3d7857cfa6469a5312d1
PJI,853,1095,35790548,2022,1,3f54db797e16b533cd162415fd7a0c27811754cb747a45b0fe3e5e7ee149a3c4
PJI,854,1096,35779102,2023,1,cabe4f4247fe59394269685e54279ccaf1724e9b9b0624c9d69d6a868e17b0fe
PJI,855,1098,35775176,2022,1,c92c229c094bbd41e6daccc63be4537aede54f8ba0209e01dd3d71287e152aea
PJI,856,1099,35774881,2022,1,69b4f21eb0ade82d9e2139e044318273b2215cffb4e2fd02c2acc6df14c95f12
PJI,857,1101,35761314,2022,1,2af133b754fd2595fb1416fc51b528b388d21b47f410acfed5424ac650e56ba7
PJI,858,1102,35760346,2022,1,728a480cf5190a040666587a7a0b7151175161bac6ea71a092c5b705da468580
PJI,859,1103,35759014,2023,1,f99059c0fd66d879bc01204651e34c5262c720cb0f298e42a4b17918377bcdc3
PJI,860,1105,35743498,2022,1,8ce1970a7187d494b5b71badc845177e3d63964e4ccd91a515d9453cae21b75d
PJI,861,1106,35726882,2022,1,ecc715b668f862a751fa75e4785c6ed72702063fc442af2e00c079d21e4e4577
PJI,862,1107,35715754,2022,1,26253cb24cb2cf8b61ce829b4406dea36ecf7c236c554be16c32648f4693146f
PJI,863,1108,35708551,2022,1,8b82007d33bd8eb60e5b8ac94dbdceb37f6c6e25efff521d0f6f7430e691af9a
PJI,864,1109,35695030,2022,1,4b90f7272369cb81403cd5b3f40bb9f0e172456f41f0e110137283b416d87bf7
PJI,865,1110,35692723,2022,1,9dade4018d03f360d3b08d6a0e52a4fc3fc2c757193f5f1defce99693c05cbc7
PJI,866,1111,35692106,2022,1,769649468e46be5cd9db63eef3a417b8cec6a77357b0395235eb468cf0b87a3a
PJI,867,1112,35678842,2022,1,8b1955246c999a6393c54dd3e0b319ae7a58364043529e03287478b7aceb663a
PJI,868,1113,35678452,2022,1,73f745dbeeb352b30f7f937adeb9d8c8c36b79145ac89cfad3b2a90355203452
PJI,869,1114,35678131,2022,1,726321e6eda70d4d6e61e3c4c6e82902ef11e4bb394bf86ebde689ddfc41d1d1
PJI,870,1115,35662991,2022,1,c061684e1bf39328376b13d2287d9f6cd92e292c163d1bec9e7c82ef4c1050f6
PJI,871,1116,35660199,2022,1,9da09c634843ddc8c1b5ed4026333d66c5e1982e1c22e3e6ca8f541b710f6728
PJI,872,1118,35650619,2022,1,ed0db9f9857f54a9cd05e0347881525d0efa0c76ae271bdf65d1325e5521b456
PJI,873,1119,35641790,2022,1,dce2e69a29586568daaed23f50508d8c023c7f99de6af08876163b4d47a09184
PJI,874,1120,35638215,2022,1,21a5641d0861ad42e7562baab48117f5ee556c36016742ba9d101982faef575a
PJI,875,1121,35638212,2022,1,8afaf6b199a3a2fec881cae3eade2c4257fab35c803c50d4c687c61f94881df3
PJI,876,1123,35628857,2022,1,0eea4af920d2255c81e293649e377eddb1a34e33a8e610037513a369e1e45e14
PJI,877,1124,35626186,2022,1,772aa3ddd3752cebcf39dba4f2cb6cf602bb6c6277d1bd15811fa635f7c54a26
PJI,878,1125,35620591,2022,1,1c208d0b5be613e0580e6d1ff29d5600dbf59f41377e929673a332a55064178b
PJI,879,1126,35620353,2022,1,2d023d275fbd6906ea3cc6619d5f415f8853f098a37f3561ffb98e0e1b6e8da8
PJI,880,1127,35612616,2023,1,b976a31398cc58ddef494fb55e6cf6fec0ecac697c670bdd1f47039fec5935eb
PJI,881,1128,35610714,2021,1,7863b4d1abc64f2573b3fdd7c96d10e8d90522b49342ee908191ddebdb5e2fa0
PJI,882,1129,35605966,2023,1,a18014bc992a960a566d53343bb690136082fb02c67ddcf19cf855486287f69e
PJI,883,1130,35604274,2022,1,f829547cc336d45489ef06108cb257f3a725f7d469bdb15233ea13756846ef3f
PJI,884,1132,35599709,2022,1,ebb5120f59025a9908ec658d7931ab51389d08775cccac6fc29bfcf6b92075db
PJI,885,1133,35598760,2022,1,35af4dd3834b80ee2af0dadadb67e683b08af8256dab980b06159d8b75e25e48
PJI,886,1135,35597544,2022,1,0333cc469fa92b5712d97c5ec5aebd916dc3a40a74c28a29e162220b0899c1b0
PJI,887,1136,35589980,2022,1,75c70bc7993b48fe7af502a69804e5ba002a36a757ffd36b21e79805b4efce98
PJI,888,1137,35587935,2022,1,dcf1d2745664d1981d595dea35258687ad3d69c206636c83e229441febc15e26
PJI,889,1138,35578410,2023,1,f7ce78e6183dd79c8676bad8065244f604756567f4449303f7a68a6288a73709
PJI,890,1139,35573772,2022,1,b044ce148b435552ed5645897b7f4358c6b72c01330ed0e80a109c113eb07025
PJI,891,1140,35573522,2022,1,64836fe255faf6edef3d27751dd5a2e385af54707db49ad9f384ed0e511c9a22
PJI,892,1141,35569707,2022,1,482f6ec6878e1be77451714ddec13db68c184b0401fd89c7e5442dda882c441a
PJI,893,1142,35562073,2024,1,6848dc73070673f2230d7bc3eea0e0a1627441090815acdb32eff727c43cecf5
PJI,894,1143,35547099,2022,1,6496c4dcb45ef70e40e9ce3af46cd724b2313fe21c63ea69162d1c7e9fc3a8d8
PJI,895,1145,35537614,2022,1,beb8b0135fc8e98c3542752e3a625aefbf24b4c387f3c62ef08a5b24de58b6b6
PJI,896,1146,35534712,2023,1,377e486989010f419cfc7ed97a09986cd3724d74cbd3fa79ff30da9a2fa2fcb7
PJI,897,1147,35533824,2022,1,71d86c4056f769939d443b4c52c65261550df98b42b8bb50fa3cdd1d7fdad790
PJI,898,1148,35533823,2022,1,710729979d31dcd648fae79334d563a28e1429279016b63af9f77047b63ba139
PJI,899,1149,35528185,2022,1,5965fece1d21201968336460aaa6278eb77bc0618354c691085d780267309479
PJI,900,1150,35524793,2022,1,2c18b76099ad240c724bb1fba4c2f2693df285de6794fda67d329d052008e352
PJI,901,1152,35510423,2022,1,94eab8943e790e4a15376ae9104de6d8ca36866fad0789d3de941cf2f2ed8747
PJI,902,1153,35508548,2023,1,e47ef69c971a7e5bd51c7e46e6f95a3c5d285f515e93c4b75c8694d9ef438da8
PJI,903,1154,35491573,2022,1,4b7e4baeae7cce256bceb3f22d32d6c87ccb2bc19a54529a6084ba433c45a63e
PJI,904,1156,35477037,2022,1,2472c4288271bf06bc581a59ff81e5acaf6181d41f516074e4421a5ea97896aa
PJI,905,1157,35473681,2022,1,fc666c6efdb1ba4c74c6331508d08b77667eb4fe5bb2125a9bbcac938272c295
PJI,906,1158,35472436,2022,1,5a94d1851bbeedde7bb9756245303a0ed4d27e2516ea4cc7de9d16590010b889
PJI,907,1159,35471610,2022,1,896f9f3542d27a747cea00a759dc7e27ea7ddc5c49ebafd57d023c346301394b
PJI,908,1160,35466578,2022,1,fb49cf8e2cbdfa67c20b647f69e0d3e460a37b8bf22c085eaf3362ce8bc717a5
PJI,909,1161,35460813,2022,1,fc7cc6519474ce7944d078d08bf3b156474febceb3d88fdea32097d34f032d6f
PJI,910,1162,35456331,2022,1,eb67b5d22dd3c17511e0182e487b28b51ee7aeb20f334e47e6e941d704f035c0
PJI,911,1163,35453256,2022,1,34ca052db9d33aef3d3c8698d32c807507a27d7f037b96f9a1ba93ddfece68ac
PJI,912,1165,35438009,2023,1,98892e4a1300c944ddb8aae0088712731f04ebba85c185062cda8cd6d2f70ded
PJI,913,1167,35420556,2022,1,a57a9ef0710cc78fb678499b13a5eb837718e9f5cda94e337d4851cc8439f078
PJI,914,1172,35403987,2022,1,489d82d9543858e3742f75eb6ec713804a64a525bb7fe476466931c662cf5916
PJI,915,1173,35402147,2022,1,bfd9db0b82c75b3e391d7530d493ce22bd3284565dfb98641f52e1ba17f9e687
PJI,916,1175,35394382,2022,1,b83d543e6a05d214ffc3a6210c32440ce6d974ba99b0e7c2bcfe885d1e4fc5c2
PJI,917,1177,35388089,2022,1,493d62041eb45161833a42bd11b132148bdbd7aebe24d8c2fba1281ec171048b
PJI,918,1178,35387676,2022,1,e3e806f7d2ef88ab9b7c5c201fe789ae6963702918f68279b233590de4e451d7
PJI,919,1179,35382827,2022,1,d8897308c135c193fe74f53c75784ad5b329a5864d432faac2d6809074f5927c
PJI,920,1180,35381317,2022,1,e0d15da6d811736522d83ae5081331ade4e3ca5325d9b01db3e4f94eefc1af18
PJI,921,1181,35377531,2022,1,70f5f5185d0e2b46ceef6a1233de9eb5971d3c3a7d16236c58cdacfd6b92fdac
PJI,922,1182,35366949,2022,1,512ec421422b72187ab5b3f5c04cef401f1ec3cd0266ea70300497ca78632a69
PJI,923,1183,35360946,2022,1,8570febf9340c7618b76bba3973769dd83cb8cb2f6ce08e1d122f1c7e2b4f1b4
PJI,924,1185,35356501,2022,1,ef16bcb49aeb3fcfd4af2ffcbc1ecee7150531ce5d28c0929856454afa8a873a
PJI,925,1186,35355797,2022,1,bb77871b316d3b270bc3e5d90708d6a4555403680ae4cb25d61ef8e3958c9ba6
PJI,926,1187,35348871,2023,1,9de59aeeea88d171d848b1886838be52035d2bbc2d5fcab2697e2b14c2d68d00
PJI,927,1189,35346149,2022,1,03b9cb5b77a07a0264c45e74893afb5bfffb857e5e8ddddacfde9cefbe6c0877
PJI,928,1191,35329983,2022,1,8a758a356acb493f66111bc5f96d4d229e5cb604fe38515683faf9915c89742d
PJI,929,1192,35326773,2022,1,e5cd085de09560eb8195469fc5eb172d0b655193d67f9a4c150f1e4942e50ebd
PJI,930,1193,35318097,2022,1,aded4ef5d6e7853566a21fd15162695dd300538d0ccbc5914540003cb8d37e4b
PJI,931,1194,35314907,2022,1,56dfa587f6086a1862c6b9e4ab7ff342a7843b83a36e112208d17daa7a524260
PJI,932,1195,35314288,2022,1,840d97970e0009f2dfb7ca88d7202445e8e55fc86b932750aa7720c240db61e0
PJI,933,1197,35307528,2022,1,934807bc56f8c591587f50d33a2273114a2c55c998f6420e1affc708b771472c
PJI,934,1200,35294408,2022,1,b4c792ff7707724b1c9bfb85d78fd25d317aaf85688916a2062bcd8708453ef7
PJI,935,1201,35291248,2022,1,d53fb67fa4cac2ceb386c23ccd7795c9f80a97bafbbfd2563dfd21d0bc96fc9d
PJI,936,1203,35283230,2022,1,f9b8cd656686194dc0de1b33a927b7a3f294c5b2b0bcefa57df10f7a636e06fc
PJI,937,1204,35276275,2022,1,c8264e107c97c9a1df8ce26c7469308450b46b6e0ad31c4878a72cf3e187eb22
PJI,938,1205,35276273,2022,1,6db28b62205fd285ea5c4cb0cc87e4104443561ef53c8287227cfea256b7fd37
PJI,939,1207,35272710,2022,1,a539dff8ac5acc41dab14447ef96d218f933571eb242e320d7875e5e386603b9
PJI,940,1209,35259464,2022,1,9f87bb78c51b2787d8f714250a4a8ff28dbcda3a595b59c2820224411e8d271e
PJI,941,1210,35257822,2022,1,27e1bc841eda87d25fdc4e60e505ccc4b8f5f9e5834937901c8c4b7e8e3ce7f8
PJI,942,1211,35254794,2022,1,c02d940fbba1c46336aab61a3723dcc15dc2280f94350bc75d07467be167a658
PJI,943,1212,35252916,2022,1,b2c990c7b71befc52bf1493c056b8c2807a8d0a1826433d07088191362029048
PJI,944,1213,35252512,2022,1,8b4a590893dcaab5e40d7c0e19a66610b6565a3e6c0b0a43963499d49cfb08b4
PJI,945,1214,35251904,2022,1,a130a1afb21ae51959ea685a93f1667111dbb3734d4dc1a743b6192eb7f9902f
PJI,946,1215,35248753,2022,1,4330cb9d7776e16e9d2bba9e0b232fc8b1d40c7ca195e92aeaebcd9aa9114784
PJI,947,1218,35241319,2022,1,b7e5a7bb4d4b51f554e4f7c0c47cd86d1b37e84b4d9be5072d463e7b8495c28d
PJI,948,1219,35236484,2021,1,651e3b221fd8625b53d2c9c2b7932978cf95a5e17fb1164b19ef6800322b075d
PJI,949,1220,35236483,2021,1,552837d833c6f9b88f929275441c54be6c17268e2bf633f764ab9c8693f0f980
PJI,950,1221,35227090,2022,1,0bf6bf118c09e6866c10cbb304fbedcdf4935e85db24db86a7c00b490d308662
PJI,951,1222,35227074,2022,1,81d089346fd6c80edfd882b94aa27cd2807ef332681d0b3f6853788114d6fc41
PJI,952,1223,35224669,2022,1,48c87ce409351a6573d03952394f7e5e261e4f56e28cc34a27b446801d21853f
PJI,953,1224,35224410,2022,1,a547aaca3df1f638e081b49aa981219c70ff77e79764fff78983cbf613d18d22
PJI,954,1227,35216567,2022,1,fc9890a16aabd23eb3f9686d2c5f556a482e645cc3e883489333aa1de63562d7
PJI,955,1229,35210186,2022,1,97b0fb47bae227945a4be5f989b932db6c0dc3cf31312b222fb4a93fdf516abc
PJI,956,1230,35210155,2022,1,f920bf40e51f63d6d5b7b82deef8a594421b9509129e6b5c59c0c36a0b7e1546
PJI,957,1231,35210153,2022,1,b835c4dacd6e6d477651c58fc8c709bf2184671189ac9d82682ca8e7ae2b25a8
PJI,958,1232,35210152,2022,1,b996f21861ab86c2b0e4dcfdbec99408fd25b52792c84aaf09fb2cd58aa18074
PJI,959,1234,35203849,2022,1,173f7c28c32d576bb934b463ff7fad0cad1787c737d6bee305aa6f320a8c54da
PJI,960,1235,35202755,2022,1,06688442213ea72cb80cfcbc270239a7841a21e9f07ac035fc9defdea36fbbfc
PJI,961,1236,35202754,2022,1,0296f104c826036007a1b8077eef8e1085e724c3878964a6e01db366f76c031f
PJI,962,1237,35202042,2022,1,35c0601fc40a491688d0e696a2cd38ada5cf0dbe2b7ac81dcce1bd98b8a7aa9b
PJI,963,1239,35196567,2022,1,8e21082733276b6c631fa8baae6fdef94f88465f22eefbaa7db046b74e7b74a6
PJI,964,1241,35189293,2022,1,24cfd60260603d1a23f15263a5e6a73f0fe41673a462577da50f0d60f2736037
PJI,965,1242,35189287,2022,1,9f5923427af9874966bd847b1bb310ce4b386189cda22b10174c72345e4df8e8
PJI,966,1243,35184932,2022,1,93ec18b5d37d894a8e07e04ec14e8460838c48170658874e79732a89e53d21b0
PJI,967,1244,35182199,2023,1,bfe5a7bb83cb6cc1a6e81ac8146a242e35108af0c77aea9ea35f75a890a6c368
PJI,968,1245,35181449,2022,1,a1009760cbc860052580579d2d0354c4b7cf219b6e33e91c13eaf949dfb1ca79
PJI,969,1246,35180180,2022,1,3c825a1d6b3f4dff6f7d7597b3d60839d2fa23d1fd63cb7d38ac5dc13af27907
PJI,970,1247,35176494,2022,1,f1881c33e8ead7a93a36d611841ced30bd06901ce30172ae7b592c5eb098833c
PJI,971,1248,35176456,2022,1,71b0e8b2aa34a1c61bbf79b76f3664274bf07f48596f3ab6bc6304f35657a776
PJI,972,1250,35172424,2021,1,f7ca03e85e2c2f9c4609e0955b1b9dad3d9d47cf3f5efadc687fffc0221909da
PJI,973,1252,35167508,2022,1,7d12787615e8124a1e3e97a2fe83a277fd8b84e432b8d3b024157e567cc72b9c
PJI,974,1253,35167506,2022,1,7cca7005030012cfab22c6bdfef5fad1950b3331144332f9d7abe224d446662c
PJI,975,1254,35158006,2022,1,0ac424b0fe7cd664e8287ea921e07cef491d1cce26f1b3e8bfee84320dcb1e50
PJI,976,1256,35151882,2022,1,aff1ccbdabfc1b2b3fa87915803fa68dad36de93661f936715beac0876c36820
PJI,977,1257,35148802,2022,1,9cc24798619fb49b870cb6258079d65541ee9478a40b1f485548c5f1369810d2
PJI,978,1259,35131392,2022,1,717485381bf393296435099d7c9fbf13a8af248c96aaf82ddf2971908a0bbf8b
PJI,979,1260,35129644,2022,1,0956f13c18726b9f4f0149f06c04a7f41b946628e43395ba26dca3628bbf2a69
PJI,980,1261,35124851,2022,1,970c960ca2890acd4c6270549792c8682f1c60cfedecc3fad98b1d575ee2d605
PJI,981,1262,35122946,2022,1,390dd716b082e159a353db1945fe0b2bfe8db1506f48d5a0561586d897a6715d
PJI,982,1263,35118184,2022,1,9eb10687ecd0dc24e58743d583c741bacb690024dadb42374a6d4bd83844cfaa
PJI,983,1264,35114320,2022,1,9e933a8482c75a8a25cb37afb2c80ef2e93fb18235829063746fa59e7e565922
PJI,984,1265,35112961,2022,1,85dd499c264061b97f3ab10c9e505c3b1bd8b70392f1d152375f56ad8950296e
PJI,985,1266,35109666,2022,1,e531c41a8ff89cdc66ecbeaff8c8766bae5faa24490b38a128eefe836952d300
PJI,986,1267,35108191,2021,1,c31e4ab13d520653c0d242cb7f62cb3ae0ebbe2ca1c0788cedaf076c02a633a9
PJI,987,1270,35108185,2021,1,759e86c5195b5ee9a71ad0c7b8486951c1256a6cd8148e66409755f91ce87b93
PJI,988,1271,35106352,2022,1,4038714862be18f5349539c0ba21fc174cd5052451fe3fe5695f2bd87bbe7877
PJI,989,1272,35106350,2022,1,78d517c5aeab310f8c0802381f21a46dfa111a311a378cbe0182354f2888af1c
PJI,990,1273,35106333,2021,1,f36b5d774cbb99aecdb2cb3b7c9c84f12e4071bf43fb76687d8751f1d5e40abb
PJI,991,1274,35098356,2023,1,ea82b3df35487743ba0c348023923e0624c2d1af7c86847d133c1c5cf37f1f24
PJI,992,1275,35094571,2022,1,e654374109fa140a92f4bd2ee0e9a3b144deb69f673983198356f16d29945e22
PJI,993,1276,35093542,2022,1,94d4aa0120f6ded3970702e16e222801cc122024dcf6369a393a70e1c79adddb
PJI,994,1277,35091034,2022,1,789e8503894c9ec101150df41f1a93ff3b4d27e752a19519810262d148693db6
PJI,995,1278,35089422,2023,1,8de1c1c29bf0300351948558288d4963cef5a9dfdfd86451e7cd7f617067529f
PJI,996,1279,35086474,2022,1,e836d8e2ddc9ceacd13bf80cdfd65dd0c42310bb285c89b420ea31c65ca2867f
PJI,997,1282,35077819,2022,1,71b8e76097ddb261715879aaa276b51bad87c2d251089980984ef0532049ee36
PJI,998,1283,35074448,2022,1,0d27e624ecb216469be28e92cfaff5fc2ff14e32d485bfc986de9a1804590f37
PJI,999,1284,35074446,2022,1,fe0b01395c40316f6b07d8ec46d812d425c41e7433f32634f4d79e5cd0d576ca
PJI,1000,1285,35067748,2022,1,bfc03815590379e282ba12e5956b89492b70b844ef6fcbf9bc58237e2eeba03c
PJI,1001,1286,35066655,2023,1,ca9aa9a70dd8e24b8a62922180208577d59e13f7a606f3d676558d337f6cca66
PJI,1002,1287,35065213,2022,1,481b641f70a0513f2e4a64e56fb66ade71aa63ecbb838b7f3e9c07124fd1ac1c
PJI,1003,1288,35064307,2022,1,8fb5b2f16f1ed198ea02ca0e3449f25ea2e409a5e8a155f2f0f38fc7d2940f27
PJI,1004,1289,35054075,2022,1,7aa68da3e1d2d0989fd789a9e33641d178d063b2752ef5e5e34f9e8409430d66
PJI,1005,1290,35054068,2022,1,00dfda04d335594c7f81ee6f17be37679c042ee6084e0850e6fd500e66f7bf2a
PJI,1006,1292,35049222,2021,1,050ddfe9c42963ba72e3a758d8fa19ea0ab5200a2b13d50c59a3a3b548e10ea8
PJI,1007,1293,35047347,2022,1,23e61a00bef7b8f2a6ec5eba64584021ece9cb2b942162939accbdf4548a184b
PJI,1008,1294,35045839,2022,1,6b72199e730112462b940a73f3bfa56b7cb83f8da155cab75603db89e4d59134
PJI,1009,1296,35041071,2023,1,5b184b9583f5e4ffbf2c4884f0111549dccb83961d88146b643e88b4ea7311ba
PJI,1010,1297,35033058,2022,1,4dc92ba75b3fe52f6b8f0a3fd7f0cc576091a75341f258c6ae8400321a204b66
PJI,1011,1298,35032871,2022,1,088f8a400b6e0a1de393fddcdf21959bd15f769e7d8f90644810ebcaa21e3a86
PJI,1012,1300,35031818,2022,1,11757395fe578325cea903d9db11471babe61e3e1f48b634bed167613d956d89
PJI,1013,1308,35028707,2023,1,fb805b28e6db015935543033a76fccdef9f208df4ee254c524351381fa4a0a3b
PJI,1014,1309,35026366,2022,1,e9be91c75b1283ee6a25137246add1f9d7a619166685cfcb4abf373081f21660
PJI,1015,1311,35017049,2022,1,b750364c9fafdbe67cc7aa6e6b33a8ef4f4dc64c18831f33d98db344ba45c2f9
PJI,1016,1312,35011863,2021,1,048a9ad91173475ea2650ef43ef97c104c62c0057db6f1aa97842a3706d43fdb
PJI,1017,1313,35011776,2021,1,ad1c2e6e5b35354034ce1ce7dc9e727587c16e23c080fc1fa5177351616d951d
PJI,1018,1314,34991649,2022,1,812d40fa62544f27f1d844721361d00ff2baca83d7bd0f26f308939127fa2b9a
PJI,1019,1315,34984498,2022,1,b8b2406764af8d59cfbc530d38343977434db3b7b5f993d5aacb248f35b1d787
PJI,1020,1316,34982202,2023,1,f964f4797c6b37ae5a32595ddaeb7ebb66c36eacbc129b1e2ba49ed25582197b
PJI,1021,1317,34978515,2022,1,b4e4f11c74b924cfed5622bb4a932a3ed42aa3585ef9906f4fd9fa522aea518a
PJI,1022,1318,34977309,2022,1,56ea4f60180c45c187a3e4a0af70478460b48552983dfa688463651f99c24eee
PJI,1023,1320,34974983,2022,1,c6c39622871923d153f31ad922d453b71eaa46e5fd453ef0839c88fef686ccca
PJI,1024,1321,34974981,2022,1,e5a2a84ecc3a33fc8027965fd61d690f41693ccbf1ab2743d73958fe363b49d1
PJI,1025,1322,34972536,2021,1,15f92a25d06a3854472633e56b71b6b49572109a0fb8d3845a49804d53851a87
PJI,1026,1323,34969292,2022,1,5b86b2ee66e36261ddceb77067f2db66a6d4d5550dba5269f681142cd5894bad
PJI,1027,1324,34969284,2022,1,dc68f9ff614bf4ac4ab41da7e77d13a3fa5027d4b3214c1364da7a45c42588fb
PJI,1028,1325,34969277,2022,1,5a3a0c5a191056809613864d0867d6c7e49212b8e7ecaf3c2970dc1108f598a5
PJI,1029,1326,34969267,2022,1,63294339c43f85631f670aa1d0a661aa5fb8e9a2be7a571676ae20798488258f
PJI,1030,1327,34968649,2022,1,5d84924fafafc16b70f57daad3e53d1f38cd9c49a25284ec78ab917d3a2c7842
PJI,1031,1328,34967080,2022,1,7f90911c18ea16953a642a93dcf2237376cb19eee17ac8f003a4c042c523ecf8
PJI,1032,1329,34954018,2022,1,6724340cbc3c8f8849d3659cb63792f6a7836fd8d5bb9e0f949b8a77e5f010ae
PJI,1033,1331,34943648,2021,1,972a648cf20135499667605b92e9efd4aaca40080a877566999bf235761afee8
PJI,1034,1332,34942348,2022,1,f319ababf2e838ab5a67ca12084df0e5330641af857a7a20068ae216bd2f5147
PJI,1035,1333,34942347,2022,1,d395bc7148d5caf801e1fe6a8851a4dfa9bf97f8906e6642be9416a8983a3a05
PJI,1036,1334,34939833,2022,1,c7ab4dabc8da513904be9cb63dce47d30569a3ae1f3261b3cd52a9773e20b2cc
PJI,1037,1335,34939337,2022,1,6dd63a3d9a6e653ac62b59b4ed686fb9604fc1a0691eb278960b5a22ebc7f10d
PJI,1038,1336,34932508,2022,1,fd966885baec8e7a5b4b1d95019cfbbeee4ca36bfeeeeeefc0c5347300f32ca5
PJI,1039,1337,34921545,2022,1,7bafc25904ff0219562213b8940b91aef1e3bedd19313fca69163baba7fb8934
PJI,1040,1340,34908848,2021,1,c5145e82509347ba7b9b779357fc65da125496f428e1160598ee4673ab17c644
PJI,1041,1341,34894718,2021,1,9acf80885b95af04115633c697052633ccea8958e005ffcba8d1aca936270a31
PJI,1042,1342,34887434,2021,1,afa58738452bf81cf12ff216299121582d6d23cd0ca1aadf516b62fa265808b1
PJI,1043,1343,34883267,2022,1,037a86035a3679a194750b97ef30db149840f83866a2aa85d8ec3b5ff0770988
PJI,1044,1344,34876010,2021,1,ac925e1b326fd9c66af2329b814557e00b26efb7f71d897f7f7a25b83c564fb8
PJI,1045,1345,34856956,2021,1,f4f0a8602d89413bcbe6f6f41728ff678fbea261f67bc77dac4b950da88240e9
PJI,1046,1346,34853867,2022,1,354440bda24d57f7b690236c3fa3ed9e769f6864064e5e8d50a3dbecd7628e84
PJI,1047,1347,34851871,2022,1,aa5bbf8e8f702552e3620d19f52f5e4a8e878cec2d854f2c3b34ff21b569d8a1
PJI,1048,1348,34841189,2021,1,d6f4df6adb5c33f23589ba30212325876d475125cbfb85ef821f76ab9881da26
PJI,1049,1349,34840982,2021,1,452e98b04bddc80ff6ed6c08a8396fb155ee5888cef36dec5a4291145f067ab5
PJI,1050,1350,34824733,2021,1,ccc4412a98dacf622dd28412059bf791f766e54b5efade9b58215b5a0ad63178
PJI,1051,1352,34822929,2022,1,f559be677d5504ff53eae06dc6fcae7912aa3be8ec878f4fdb9e5a287710dec4
PJI,1052,1353,34819056,2021,1,aaaa44bf4b019e556ed559b58fece1868a5647a5399a4e51585d1cee41afe0c5
PJI,1053,1354,34812921,2022,1,3a62694cc7a0e9cdad8b99917f0d8f7545b9ce606373f67a1b8870a4105964bb
PJI,1054,1355,34812138,2021,1,f233abe6cdc26ba662e452023b0e4edfef56b873f15f68deb2a6e1ffa68d79e1
PJI,1055,1356,34808734,2021,1,896f60c6710a2453c00133c438bfe68207fbf05697e21656dc0db747741f00eb
PJI,1056,1357,34804677,2021,1,eee7792816dcd396dc111a270a6fbdeb1f679aeb6c495427c22c3731ae71751e
PJI,1057,1358,34793889,2022,1,035a89fe2ced511481abf646bf6bd845903b11c66976cb888454ecd87a4f0482
PJI,1058,1359,34783888,2022,1,dfba6a17073d9da378ff224a2fa96cce98cdddf993197f0153b16bb89719f851
PJI,1059,1360,34781709,2021,1,c3ef70a192222265886dc9663f6705d85b45cb8baf5b201c1718c99476e37380
PJI,1060,1362,34772430,2021,1,956e088badacde11ad8cae9f30b81f385f8d00bbd7eeab28c471adc4ab14b0f5
PJI,1061,1363,34768706,2021,1,2d3d5013f8eb7a35edc38d0260974bb3c779ffe0c7d6f00f301a40ff98b59e8b
PJI,1062,1364,34768700,2021,1,10e1cf657a044f6c2c0c535be1f4fbfe6d7f1b3b5afb10518e9d38a1132c8bf3
PJI,1063,1365,34768504,2021,1,7c5bebbfa301b3d70db46a50c3c289561dbe835cd7712fcc346443f58a72d177
PJI,1064,1366,34767911,2022,1,68e638e6aa00c2165e9e79b43412fb13dcd511d8c3230843ffce717bd6dec3ff
PJI,1065,1367,34767910,2022,1,423773a7932e9541c0c35fe0ebf0b7f54b193ff25e200894dbdeaded5f4aa11c
PJI,1066,1368,34766086,2021,1,ec8635fc7c807519c493237903d4011228778e31aaf496624ca5ed8cf0e3561b
PJI,1067,1369,34763048,2022,1,a01f1b2804652f516fec6583e302532231212f83b9c5fc112295643289c24137
PJI,1068,1371,34761306,2022,1,f7fd1a167bd28109878bfecaa58d9af09cbc29f7dcc90420380ad088e4ab3e7f
PJI,1069,1373,39649056,2024,1,fedc0ebba82b1a17ea28267e3cde01ac4085c04cf1234153e0490085bb6b9761
PJI,1070,1374,34753193,2023,1,202a73d0c2fd54be465eb97e00aaf801b6d33c32ab35e5a04453168ded3eeaf1
PJI,1071,1375,34746981,2022,1,3bee84edcb35a99e97831b113447c585071bc2b19011811c41f1c8e87963700b
PJI,1072,1376,34745845,2021,1,461c6f3336bab6a84b018e0ad32d2fcf8f9803ea87183150d930661d02a2f651
PJI,1073,1377,34745478,2021,1,3a72aa1a98f7fd2982fc2beae15446815d63d531d6d41333893f4bec5c805d25
PJI,1074,1378,34742874,2022,1,5b1153e321f6f8fa66eafd5f388773ca135e06591786dfc99b3f088f1ae2b926
PJI,1075,1379,34740790,2022,1,85afe602fc3c7606b62394648b1e12dd3c8d7d70ca1b25a838e330c6cff316ee
PJI,1076,1380,34738592,2021,1,2231130b65b698d24a2e479e18dd489fa5a88fcdb10bd0fe4f31ea6a968d66f2
PJI,1077,1381,34723789,2021,1,e79f7927122b9e8b8893ac6902bd2c0738df25707310ec6847cc3416d19c39e0
PJI,1078,1382,34719276,2021,1,c22cd7d0d5ff7bd4eb1ece93dcfcb1c08592730ba11e095f26e76da895e4e192
PJI,1079,1383,34719265,2021,1,625b66432642bb64319bf40765a7d326d8359eaa7d1ecf3d405c680912c30d1e
PJI,1080,1384,34716766,2022,1,862bef90712c963d29e2d9a4016f9b683666ec8ce2f67952a584ca248af02ae0
PJI,1081,1385,34714391,2023,1,7e09f552a52fc9f318e63fd8a1e862036eecd8ac47980ab1311e9b1b150ce88a
PJI,1082,1386,34699410,2022,1,f8aff80f22ef191dccfd7db902ef9b0eca3630be0824f8a8360588943b92cb3e
PJI,1083,1387,34693787,2023,1,c24bfa1b619bd860004508055c5cad45e327410527b06cab45b9704f46aa9cce
PJI,1084,1388,34683181,2021,1,9c13d3c64b810094daa887b340786d5e123f209d37381a7654918ea5ef47d101
PJI,1085,1389,34680758,2021,1,3125d288289446aba98e383b121294036a05bc60a38b5b45c1efe4dd17299c47
PJI,1086,1390,34680726,2021,1,ff3983895991d5aaeb11f6fcf8a80b05a4b7c889522179647e5b07b1eb880512
PJI,1087,1391,34678445,2022,1,e5681249eae98eaeff6c8f25ca9d26e9c786a8bda5484abf7f6aa862f70baf9b
PJI,1088,1392,34677662,2022,1,846d577a1f1ad70a1996db1cc2a2d065ff0c0630f799426c5634a45afdc4eb3e
PJI,1089,1394,34666806,2021,1,467ad908f6ee7ed5f8ff1316d0f9c53e5df9586ecca32c254576495b58b99e09
PJI,1090,1395,34660864,2021,1,7a15fc310ddef6a5978ab5d83a0b9e6e996b64a307b34bb350adfbe3748e7de7
PJI,1091,1396,34659488,2021,1,0c19f0b523dab9f92075e4a4f9dbfaf684bec4a0162deb690aa6b6e8f4faa353
PJI,1092,1397,34657163,2022,1,998e30ac12ee161414f117748d2931b98da4a88424e2169bee6183bc48c77bf2
PJI,1093,1398,34648923,2022,1,3909b4ef692a361ae0c7f4ae0498c419469f8a850a632e334ae21a9b48ddbdc2
PJI,1094,1399,34648464,2022,1,0337c2038807dab6ea6a217ff2eeb7950b6c4a638c25a79bd06c72f4fa3609c2
PJI,1095,1400,34646921,2021,1,533ba2124ce5b6063a75177e5bc6735005131cd03be1604dfcffdd64a5080158
PJI,1096,1401,34624507,2022,1,7f9a53dcf5d6dea130f0abff7b5e79650e217b532d09e819a89f187eba623689
PJI,1097,1402,34622431,2021,1,e177cac3a2b14d5099f27077f2f7303b0cc934e7b7d2545f6fb44b27e91371e9
PJI,1098,1403,34619309,2022,1,24c80a5e9f0b11a8abb6455b6c0f228eae5c66938e50aaa1195c8a7456f7bf02
PJI,1099,1404,34619306,2022,1,7d390d8e3e592c24f95283aa264467a337226f635cbdda10702e88ce1019a0c4
PJI,1100,1406,34616767,2021,1,cdc2258a856d3bdf3071a143bd968195be7693ad212b4adbc443342f33824dee
PJI,1101,1408,34595546,2023,1,e2a4d4a1f1081b36cacf4e2ca124c0687cbe88d54889383460b71de0a09dee33
PJI,1102,1410,34593961,2021,1,50394402b4748248c8d4108a670b5780d772fcb38e95006351b0f7a0c5e86f3a
PJI,1103,1411,34592839,2021,1,da635a99c16bed15170982504228a75f3ede89989b198c32bb3339da233f348e
PJI,1104,1412,34572721,2021,1,04d8caa106fdcc01b4738065aae3b96022e9b7066f47ac57fd65f94af62f63e3
PJI,1105,1413,34572655,2021,1,42318228ab06d8cb0dbe7147c911cd825f07698a2653119d9ccbabb60d30545d
PJI,1106,1414,34570745,2021,1,2d9e8ed0c7e3ba6a7b1486140c8ed28783d4c6f1a2a8974ace51647803b96849
PJI,1107,1416,34563436,2022,1,d8ad1a7e9e3af62c3c2759d9dc5f33225bb986c882bd7efc8102ad81217e76ce
PJI,1108,1417,34563434,2022,1,ce413f9decfb8d4c93fc320446bdfe808e03a9f2899dfb8d1111552233eea48a
PJI,1109,1418,34555458,2022,1,2a33809e6f86a6e722059beb808493953b294fa5fefb2b048460380bcf8683a9
PJI,1110,1421,34547427,2022,1,4e1f0c3e3a5e5a113dca86604ed9e708e9790e4652758dc3b30e0912ceed5340
PJI,1111,1422,34543238,2022,1,ccf743286358e5eecec2c9496c1f3a7c4c72cad0ffba8124e25b89be80e1cf34
PJI,1112,1424,34536150,2021,1,ed9331db222a49f96a14f837fa4536a8912ac1aec4f8269243dffb93286cd57d
PJI,1113,1425,34535109,2021,1,121595c9f69629458e0fc60a8bcb4b1f1fe6d8cb609bc089de01ed836096b8f6
PJI,1114,1426,34529395,2021,1,df67577e94e9c4d08ec3fa93ab77d29a6809360256365619e428cdea163332ff
PJI,1115,1427,34525989,2021,1,4ad63216510a40c6d3770571d8abdd10d5ba883d236f3b4c122067d94750f76d
PJI,1116,1428,34524216,2021,1,08519531fa77cd673ccc6a289298f9108832e35149f53758c37ba1f8b1a713a2
PJI,1117,1429,34520562,2023,1,2907d352b4c689e4b8f92ad27b3e236b1da8bac5a86ffeb7a80683c322f4a472
PJI,1118,1430,34518895,2022,1,b2126795ddf69c58b3cea132f51b85bf1f0123ca97bd3c405a34fe2ca6a3a941
PJI,1119,1431,34518057,2021,1,ce0e0c76f779b0d1d17419a067b62db952057afc1328afed9892fb4b50cc140e
PJI,1120,1432,34518056,2021,1,ca841edef5eb6ef344fb3f713919810e10ca98b4c874c9bef954cbb0662ed6c2
PJI,1121,1433,34513570,2021,1,ea2aa42c8ad9b2bfcd76a7e97f56dd5f204a472c910302790837f86f866cc7c2
PJI,1122,1434,34509512,2021,1,16b8809c8edc020b33d011a9556c603dd63c180dc73cdb23ab3e9760f4179923
PJI,1123,1435,34504922,2021,1,25664d83f9377c2db905bdfe78af21ae5e769f8851b8f0bbd697411f4e7ec171
PJI,1124,1436,34500431,2021,1,4afad46a5a8135fd9490c3bbab48a0afb54b6e918cc0388f1a5700f7952ece62
PJI,1125,1438,34487240,2023,1,c3985d1f4dfd885fcac5db576d41f6fb1db0b90bb7a0541b915b0885b36642d4
PJI,1126,1439,34479655,2021,1,c64dada241d70ac0a8e5c955c77cc0899bed1dac700cf045fc4230d3b03dff92
PJI,1127,1440,34454632,2021,1,4d25161fcd3813f646625e03bdd315949688f9b45303afb64f135795095e78c7
PJI,1128,1441,34453205,2022,1,fab4b9b6d87bfba86197b441e7ca324762285cb83efcac950ecd730b637a9604
PJI,1129,1443,34436658,2021,1,fdfb1e60c8c1e6cc11f8d5ffaa6a79242fcbb166a76a448bb8702e1c22a7a5d6
PJI,1130,1444,34432330,2022,1,b26484b1985420545ff3b0e989a47ea32422142909f610c08fb898b595088626
PJI,1131,1445,34432098,2023,1,5452b2aab9548de73f0f826792ee5a569dda69b9d45168d8c0bda0f94388eb93
PJI,1132,1446,34419314,2021,1,93c2ebbceb3cc31d8e1d4110d1a172f2bdf57d928fdcf10b832fd70736284ce4
PJI,1133,1448,34409845,2021,1,0b4054062c16b02fa602fe560874c96142bcf108c3646d60e96c41674d319ef1
PJI,1134,1450,34406077,2021,1,50e799449fc5029743dfbfadf424c767794b3653de1bd39c5b07bd66641b385d
PJI,1135,1451,34395178,2021,1,a7e6da035bcd7e68697fdbc5a6d72362526cf91a4a9c503bd6b5e93b05b88aba
PJI,1136,1453,34389497,2022,1,2eb709ccb49093d2ad9185a3d01ec5a7df753d3326f159c3f09f78334c86f18d
PJI,1137,1454,34388995,2021,1,f3b0c7770d98fd82f281eef5b1502df32959eccd836cd1d98f85c772be368dd0
PJI,1138,1455,34384360,2021,1,1eae5bb587af514a8596b028b82f0c397c32b07b9b4b9b5c3a9f46ffdb73abbd
PJI,1139,1456,34381855,2021,1,cd7174324ec601f71c22ccbd1c033138cf02af68996500bd6bf10f8b9697d41e
PJI,1140,1457,34377629,2021,1,68ac0a418c13e49d69bffb8371082cac9ef49f4b5acf1507cf53488d96aeb634
PJI,1141,1458,34375998,2023,1,c39d368332470a7fbb25bd56b3556099d3487df48c035e8137408047a877dde1
PJI,1142,1459,34372816,2021,1,5f34e926e1d415c2bedc09c602069d1bfa9753a6ecf56848499b8b9c3154b215
PJI,1143,1460,34366301,2022,1,5ba9ccbb0f73bf49508c29a80da6b2bd467a87a1790870ac5f7b509161831757
PJI,1144,1461,34362030,2021,1,038874baf79cc9a93be0253d76fda032cf2e953fda6cd4ae3e7f8cd317be7730
PJI,1145,1462,34340666,2021,1,df96dac7f61c46f57adf38390031f79cc3f119624d4bfedbb784a38ba2a1e2e7
PJI,1146,1463,34338839,2021,1,850af06862028515de5f8b340325be04d9c3e5e527c1e6f2d2cdcca3b282a171
PJI,1147,1464,34337971,2021,1,8f2ca6074cd45aa42c22898624fa4f51280e196d338bfd4018a7c82dc86dbffc
PJI,1148,1466,34334036,2021,1,39f0fb797d0e33059c354e4e890136ad5fde7025a2bb3f4bc18b57b369adf0ff
PJI,1149,1468,34326421,2021,1,550a19d58fcc0a7167f04b5ae5b2f771592f275ea1f824d9512da97873cf2c32
PJI,1150,1469,34325049,2022,1,f66eec235d05e3e91b03bfd8f588ad179c5d3defb77f2398050b0ed8cb6cf5ff
PJI,1151,1471,34314395,2021,1,ddffc38184f8e009f8d688ae5fe11750679633e9397bd8c56dba33c521c607de
PJI,1152,1472,34305348,2021,1,f69030abaf389a11bbe9d3433a4a2b8881c14e12d43dbb9f0e3e43b6dda6721c
PJI,1153,1473,34292384,2021,1,6dcc867a0fea5f313e576d4e860bdc65b3f4b916c97b1a2f9b3d7e98b0c5862c
PJI,1154,1474,34281702,2021,1,6a542d556d6dcbb794a0381b06a1db4c88669bb94b8db0c40d37abffe72eb49d
PJI,1155,1475,34259887,2021,1,7eca7b48537a5ed660e18441399677e9eb63951c29a459c17f7d623115eab8df
PJI,1156,1476,34254869,2021,1,26feed39561759cfef055e26f4c2cc579aecd0752ffaf843a40649f1ada2d18a
PJI,1157,1477,34250926,2022,1,8fdd0cddace26f1b0054d42555045321a9467f2fc6f0cb6af346d713de31bc50
PJI,1158,1479,34247508,2021,1,9dfcca7198b1b7ed01c7dec348596abb8a6d21dd5187e470024bb7256e51a1b2
PJI,1159,1480,34244827,2022,1,522ea98566f0cc8240f878690934969b4627cbad3685107cad2188931492f8b3
PJI,1160,1481,34242939,2021,1,93e033944dbfa06a232b4b304f6e44c4e2729ec1e310e0576b3a3abe3fc4a725
PJI,1161,1482,34238622,2021,1,6a83441cec2091cb74380013c7a843e3debcdd7962a768df65648b7c86741e2d
PJI,1162,1483,34238620,2021,1,5da4df084587f9c0c378ed9e6f3aabe032fe2ba87dc0d70af7ceda944381a704
PJI,1163,1484,34229942,2021,1,76fb4ce2099ebcae87dcf323631841fed10a0595573de9fff17b95b580978d95
PJI,1164,1485,34224945,2021,1,25b9b7fa444ef6601caad8e10c834b08597c1d7f7642f345a985fbd05f27590b
PJI,1165,1486,34215605,2021,1,e45f70fcd30c0d6714e23def02f5f20eec22ddc48ea1a1886e9f1eb4fc085fc9
PJI,1166,1487,34207165,2021,1,b7887ea468bbc1e76731233b7551e3d4b71915064ddf2d1ed14b72361ebb19ad
PJI,1167,1489,34196592,2021,1,bd03cad9c63c8da126d9f5e7a2c9347dcb90bdcedee89d2a208661ea7b71e9b3
PJI,1168,1490,34195314,2021,1,34c7043326806ac3381cf027e629cf9859b9b2b844f86c7854471ee39c5fd82b
PJI,1169,1491,34194654,2021,1,0b69583fd12f73af2a49ca956c77c5ae3f3010d42175cbe794d86e412c349e09
PJI,1170,1492,34192931,2021,1,8766cdabeea499c20a39f9f6dd60f6dbbbcf919b8636be1dbd062cd5e66d235d
PJI,1171,1493,34192910,2021,1,274e85ae64d2264a535ca36ab712b179f46defeb444415b9435b5965b8ba3e89
PJI,1172,1494,34192904,2021,1,65335b94ccf510cbefbcca1f8fc38593734339823314b52d35de7bb668acf18e
PJI,1173,1495,34192901,2021,1,c4631b956fb2e1b3defc595e3f7af0fd55c8be2d6f450858375194f00338ebb9
PJI,1174,1496,34191091,2021,1,3d98bd729010d269a7e683f302e77a292b247e052124c60e26f5b16104f5461e
PJI,1175,1498,34187066,2023,1,2ec37b29075cadfd01a71bc7e06216be4ecb15b61324aeecd3a62ab54a77add2
PJI,1176,1499,34182506,2021,1,535242c2ebced6e764b392cd9364c4009595342344ce1a0123a400df861a3e69
PJI,1177,1500,34181479,2021,1,b5abebdb194c7ec7b546c2cb83c69508da2a7363d0ba6f5976916137135047dc
PJI,1178,1501,34172035,2021,1,cd5013b1f9f2b2c4d60cc3e399d79b57c035ca75e00a2e7298a5739ae2f92569
PJI,1179,1503,34159220,2021,1,d95d642ace7a1990e35193a4aeb6944fe2529ad97d9eae0a6d19eee2c095891b
PJI,1180,1504,34159047,2021,1,41c91ebef3bc495fb973a92e5a5cb1eec5c1422206abbcc81164de50d2f00b0f
PJI,1181,1505,34159046,2021,1,182e8b48bc7865934adbe43fd88f6159d533883c6d844943cf0b9904683e0cc9
PJI,1182,1507,34153008,2021,1,3a4b9a50cd9225fe8e4e36c961ed67d184de12e7430ff34d0b56ca30e013052e
PJI,1183,1510,34142445,2021,1,43daa9bc4d00105fce516b1c0c8f7070eb8844df903a3a74955475bcf62f7d21
PJI,1184,1512,34129907,2022,1,85a00e5cec497e7ddcb1323a05b38a7cd0c2e3e4799a992713d4055c60c8d8cc
PJI,1185,1513,34123550,2021,1,3109f61bf0d02defaae811df72e41f749c4abf32dfe8cd01ca86ae92a7a6c537
PJI,1186,1515,34118906,2021,1,9ffc0fc9cb7681dcd150ce9c3de2ca5520cb0f76ff130d1335bd7b8c11f97748
PJI,1187,1516,34116912,2021,1,ab43a4579a6994f11fd8d7d8a2f306065941a3af7670a5b2c5a06760a77a4eea
PJI,1188,1518,34099349,2021,1,559c647d5e776f6486b320a01b8f658553d8fbcbee25ed5be181864c1597dd6f
PJI,1189,1520,34097122,2023,1,ca21ae09192809fb29b382dbaa38a08b19c6df12273c0f8736be4d6e2daea965
PJI,1190,1522,34089882,2021,1,ae997cfdf36a46551778132f51ac03c1528728bdef991bef76572b8409c2bba9
PJI,1191,1523,34088568,2021,1,66f6d5632c505d1db47ea4646970de7c7265208a9de372768af2a6e613e05b08
PJI,1192,1524,34087272,2021,1,6c23c471690ea7801589a9f71084505446a01e65fa9e42b36eb72e242ce8e489
PJI,1193,1525,34084706,2021,1,80f8ca057684d6bd31ea8e38539cd73ce11a56cc89c10a1fc7257ceef484df01
PJI,1194,1526,34084699,2021,1,ef1c0bf1f2e34a55f06edb6b758fc7cf85fd0317d0e9e8842c59e1fb312ac305
PJI,1195,1527,34084696,2021,1,6abec8d6fd6d4fdb9f62f1613b8bed5315c4cbb2098ed13fc950bc8c58cf0d54
PJI,1196,1528,34084695,2021,1,5e2a77b7fac794d48bd119115eea41ef2c391eb257ca231a6fe46894702d9c77
PJI,1197,1529,34078354,2021,1,ca5e93dd8205bb803c3138bc6c8a27a22037738587e329884417d25fe07fae6a
PJI,1198,1530,34064002,2021,1,a6b7a8a9aad68cd746f0f903c5ab732ab9b5688f335a0aca26c582bba863451f
PJI,1199,1531,34063771,2021,1,0178d28207403009300b3b086d6e31dc99121a2d587432d3cd5188c1070418f4
PJI,1200,1532,34061486,2021,1,12356cd1ccdfb7854e96cb8398b3be61a904464abeb8ca4f9f4c2118353cffb7
PJI,1201,1533,34060985,2021,1,6f98f467116a2f1f88550d364b8a717da4b3dca8052fd6ac572c7f6bba98725b
PJI,1202,1534,34058865,2021,1,6ce37169d8618f7f629d66a2c75030e903767dcbd532bb8a968b451e84cbec4a
PJI,1203,1535,34056504,2021,1,224be1683a86440a233c57517a70392c1728da20918d4ad0d95baebc60340fbe
PJI,1204,1536,34055817,2021,1,e543888ed086edf6e766a56f22e1f8281d7b4bfd4606eaf92670433ca180874b
PJI,1205,1537,34055474,2020,1,b2ad14bee301df63a2c14645c3a4a6f91066b926f89c5dcda33bf509e875d09f
PJI,1206,1538,34053749,2021,1,ff26a0e945a180a85a4862d5260e9f5061af4cd98725a10ad90d32e6bb89c295
PJI,1207,1539,34053300,2021,1,fc6cb28afeaae86f0159b6d89bb757b087f7fcb7b037833cdfedd099d65dd1d8
PJI,1208,1540,34053286,2021,1,6833fc34af481279b5b1e2d703a6dbc1a2ab2f52e6b4dc5ddf7ad66799a0463f
PJI,1209,1541,34053285,2021,1,0d98ca603a8271118d8a9b3e1b93900738574348a8a8d8bd176d486d12991fae
PJI,1210,1542,34053280,2021,1,19601222794679485730b9ee9d65f311424f9d7480f98b1fe731888d2be68303
PJI,1211,1543,34053275,2021,1,74cc5cdaf5ec804362e9b0ec5acdd3bdf0230057d1a6e5e22a3631011d805851
PJI,1212,1544,34053274,2021,1,f0297efbbf9758b0c68c4a737c2b3d3802c8e182f0dee18cc204d04892f9b105
PJI,1213,1545,34053273,2021,1,67dcc8500cdc5e64c26a1663b39320fd234022bca0045f74cadb16f0fa6fd240
PJI,1214,1548,34041332,2021,1,ae13311b9ae8219f1c417ff9bd5d22430b85ebb68557f73513218f2608367ec5
PJI,1215,1549,34041248,2021,1,8f6dafd7754f5893786a5d62c1842397309390a80483019f51502bde9db0a125
PJI,1216,1550,34040084,2021,1,e412f5b1b762a2facf376480a83716fab9a77324d7b999bb3d679a098696c3f1
PJI,1217,1551,34039208,2021,1,1daa6690155d1871247c485a1202a4381d74d675a1e7aac7cd58068a014fe2cc
PJI,1218,1552,34039203,2021,1,99cd88b00bf95202e1a5aaef7821589fad842296a73c417741774f09133af523
PJI,1219,1553,34039201,2021,1,f72587c9706759c868f519cdd2496f727d48dda7e597b6fbc42f0bf74d9fe826
PJI,1220,1554,34038396,2021,1,353641d17343a1afa90b8b27d4e5541d6ca0f7b03b5800e2b7ccec1f9ebc8731
PJI,1221,1557,34014434,2021,1,42ebecef1134ba445a859c56a1a91611817ab710c26fcf3d9e67e5169c7a16aa
PJI,1222,1558,34006302,2021,1,6fb110cd552a36c50e62121c4e28a2a846d78da8260d84415634ab5744a692f9
PJI,1223,1559,34003026,2021,1,03fa2d53ed0aec8b88223de002419f0f025101e8dbc2b7180351a2776f7bb428
PJI,1224,1560,34000754,2021,1,c654432276e2cd7d3090b79bb5c5dd51fdb4e5ff6a65dc16dc08b31210b329ac
PJI,1225,1561,33992479,2021,1,32e339db5644a19b7f19b7dcb32d9cf461b66c695c5d5769ed0a0ae264d9e654
PJI,1226,1562,33991236,2022,1,9b0bb5d827914356b009464798aa72f793f229385fbcd295071b80decc57e157
PJI,1227,1563,33991235,2022,1,8c7c965fff7cd4124c1da60d0475ed40cdc48eb09ead3ed0da105f78a97e40b0
PJI,1228,1564,33985549,2021,1,bc06635f4d31a3f631c3d36eab5b70082574f0a2cfcf317f587112f70bb5cff6
PJI,1229,1565,33974575,2021,1,dce79bdb3f9a800655088f35be96af4a548b1e9f508f8e65a41504112d8c6c34
PJI,1230,1568,33966858,2021,1,2a0ce5957150e981f459378a68e47fb3afed84bdc47dea7465f5c98ce081c391
PJI,1231,1569,33962585,2021,1,3f9260f5863d7221b5f89850354f3da84c865b1c77306e490590657584728838
PJI,1232,1571,33956170,2021,1,ab5b0daedbecc8027f5d754ad8214314dabfaa3e2a836a0510d14cddcfddd002
PJI,1233,1572,33947473,2021,1,2a400e602206d4535d38ecb24271e8514b5253b44427b42cafa16e853c83d60a
PJI,1234,1574,33946115,2023,1,99104629d0b95c042397721b6894b9fa6abe169efa9c6dec79358d05a30dd967
PJI,1235,1575,33944811,2021,1,59b6840a53231305651196b894e8d38fb0fa1a4447ddec29f92acca769576ed8
PJI,1236,1576,33934949,2021,1,f24b671d9e53bc833ae8911b745a8db3626b59832d1e74ff706f65c388a472af
PJI,1237,1577,33934662,2021,1,dfd4f598155d05dea18078dcc402d736e68c40628a3b23ad78a5630d91db0d0b
PJI,1238,1578,33934659,2021,1,92d1e1ac71fbe84beea22721f05fc9176ae7a1976db6af424fc9a6d8e69c7e28
PJI,1239,1579,33933331,2021,1,f5d5d2f54cda6773ce6ded77d2b5966b23e6626b7926980d32b5a4d328bfa6b1
PJI,1240,1580,33929986,2021,1,3c95d81e92a5149b11b88cc049a33c0a4e32107f8931d6b88be8f69a7a41ef35
PJI,1241,1582,33920619,2021,1,18f6c2213dd04de1c8366178f48b7f4131d11394137a1a3346d8efefdf8b7a97
PJI,1242,1583,33895302,2021,1,01f64c8c01ed085799912b7c60f7c62296d04ea99ec1c054f0e35748f7cafa63
PJI,1243,1584,33895298,2021,1,81f8824bbf2042508b4543bd39567e207300787ee4dedf7dd8ff6a35a853c2a6
PJI,1244,1585,33895127,2021,1,7db793c7737d3a8cabe7ac480d82ba5183f4997991194ace04c72aca6a0a7f68
PJI,1245,1586,33893531,2021,1,5e62a807d4c840b23af33138c5fd2528aaefbdc39b2b553913a51da12385f1f6
PJI,1246,1588,33863329,2021,1,b41f9f77cf9f99dfe1b10920bd1b248d1e0c8c9e1cc2c97f084a3e2dc19e66d6
PJI,1247,1589,33859919,2021,1,14e2e0fcafb7cf91636c7012fe3439a4fcb700c69861211b3e56313342ac3665
PJI,1248,1591,33849048,2021,1,bea6b5de93efe9a3a7cceed282c4627f7eaaf897310341a5cd39255935311ad1
PJI,1249,1592,33840543,2021,1,ef3efc3946f2852c4844473ed978ab29992ddba5275dabd0d5af0b35a41dbf44
PJI,1250,1594,33830953,2021,1,d625b5cc00f3fa2eaaea07470d65da09f4ceff3f44734346bd7466fd90f08a5f
PJI,1251,1595,33829307,2021,1,47d842fd53a332c4595232983ebea380fb42cccf4e186b59a47b297eb3bc7f2b
PJI,1252,1597,33819605,2021,1,ac007c653cced7b03fc96d1feca7192e9dffa24662a8dfbc3f3023b94639de38
PJI,1253,1598,33814266,2021,1,2b74d457d6abb35dc40a69f8af2fb22ae54d9dbf6d3d50d57c0746eddfb8aa9a
PJI,1254,1599,33812714,2021,1,84b2e212703b7443f04fb68bc36ef496b94f5451a854c9da456a6af4aa84b658
PJI,1255,1600,33812091,2021,1,19608946e65dcb15e97a8ba82e6f8b1451766a13bfa02543a86044a5f3963c73
PJI,1256,1601,33809212,2021,1,038eb6d3734a09948b5c916de041e1aee2500f0b3542fe44b242084c136c55d8
PJI,1257,1602,33807001,2021,1,07d49bc0e589bda769f4f92195a54b228f65e14ad12ae84df731a69506dbd061
PJI,1258,1603,33806309,2021,1,9acc5e820e9b027a1ebd632dea0f157d310dd1965dd92d268ec6fd4e2f29835b
PJI,1259,1604,33804988,2021,1,8ed13bc4ec11e4d0dd0195d2213c8073a064025d9e1d97fc3ad79851ceda6bd9
PJI,1260,1605,33800299,2021,1,b69f2304823a5331c1fc3385fd95fbb750a41344b15f142e81219aa29845a205
PJI,1261,1606,33795812,2021,1,b17c63c4e646f933d4fba8a9ddb172f83fb5f2c41381099e8fa338ad061353b4
PJI,1262,1607,33789475,2021,1,a04613a342f5b8980415af04ca730ca3df5baa3ee211885311fce18b7ac12cb2
PJI,1263,1608,33789200,2021,1,9613a963012462192d8b23bf3ca761365600a78bd3410f0d28beeeb4ff1cf867
PJI,1264,1609,33789199,2021,1,c249b75f210ed809c656801b7cde89dbc5c5869071fc77de480617469fd35b9e
PJI,1265,1610,33787554,2021,1,3a072445900b382478010b65185cf0fe05a0a9e81b11bac92da30aff23995f49
PJI,1266,1612,33783636,2021,1,7914138237592da93044d413f3fa3d9e3215ae92b1d9963a0a33e16aef189760
PJI,1267,1613,33781690,2021,1,cea4d69defe295809ac588e48aed6cb5b601251d2978a51ef8c65a3ea5cddff6
PJI,1268,1614,33780403,2021,1,36333230693116e8796b5f6cc315c3ea81879d1dd883f043881fb93b4302a932
PJI,1269,1615,33775885,2021,1,6da1d2adae8ac6e0e8221340a926322745be13b74af375e3318afc7d0dcdb75f
PJI,1270,1616,33774191,2021,1,36cdf299e83ba6a8bbd5dcc94d8ebf18fb4aa2893ce3de62eb342e7be2a382fc
PJI,1271,1617,33768722,2021,1,6cc1a530c173223452b3892d950588ebbc81b2706361508c20f4da2cbf65291b
PJI,1272,1618,33768276,2022,1,42898c0b107206d0cff2734721733109b2a248807631520597835b7623e9a274
PJI,1273,1619,33750744,2021,1,3e41a562810c0fefb1309ad3a08d1009c863deca0c29e86faa3502a0d04d6e6d
PJI,1274,1620,33750632,2021,1,5e0b13b2d25d409a69d91107b61bad7776d2b1322072bd31f9eaa0b6b0dc2e0d
PJI,1275,1621,33750631,2021,1,2c1816bd5ead703a2a2182f414eb9ff1e51ce3be63d7a8ab3ea15336df750ffb
PJI,1276,1622,33748644,2021,1,3cd97732f83149b317efdace039c142be94620baff58293ee103dface98ce529
PJI,1277,1623,33748374,2021,1,a14275321359f434b26e6db3151f1371ded57b1bd750fe3ace98bf12f36efe1a
PJI,1278,1624,33748371,2021,1,369698710f4b0b52b10d67b07400e833444b7b139f246abe3275de5d25c5f428
PJI,1279,1625,33747378,2021,1,c01d985163468f6f609146d1e7a1199c7fcce4a15f4882e3084c6e1da7a2da23
PJI,1280,1626,33745797,2021,1,bf7c2e9b56ac7e3c7eeb5a7da0f5a5cb88f7c6aa53bf3e41d2c80920a5ccaeff
PJI,1281,1627,33739000,2020,1,60446c52e7c234f4f1429df28712d8195a7cb84035735cb8d6fdbf8c73e61991
PJI,1282,1631,33718555,2021,1,8841d92e79756b89e20cdaec73b1ff081d914cfcac4370b47aa492f12de73f0e
PJI,1283,1632,33717908,2021,1,52924b296c4b8f4c382970c32d14b2bd7332ee547d4dd1aa41a91fc08308f0bb
PJI,1284,1633,33717223,2021,1,8d9877f882252926630bc295636c006ec19039968f80b3a0d44776a4e9bcec36
PJI,1285,1635,33714632,2021,1,7af29f5c36c0beb76a271f1b7bd9ee2bfe5dc3da8693bb4354045db882ad01cf
PJI,1286,1636,33711497,2021,1,436c6c12b8502a60c76aa013d8bd477f1a4f7ef0cdf24c10c9f68d811f4b83d7
PJI,1287,1637,33692196,2021,1,cfd3da12eb59e2f77f2319caf65ce6222023f7805ba8eafa11f819f8fdf1ca11
PJI,1288,1638,33680782,2021,1,364266765c6fb0aa07fcd694c285d9dd26597575cdb081515e20ef6a84af885b
PJI,1289,1639,33676815,2021,1,b301029a4aff27fa9f15de0a90d411f72a69018893ad9809b3f38626b2ac2e47
PJI,1290,1640,33676477,2021,1,d29fefcd90fd28f8b664c7696e1966f6a59b35e0a6df9f1de281faf8d1c4f8e4
PJI,1291,1642,33668957,2021,1,5658fa851e749cada7ad6c4b84656a3a87cdefdadf384bbd6fab97e44d5aebde
PJI,1292,1643,33666673,2021,1,06fa894c8c34d46b65a62f15884481d2f2aedc277c652bf62ec1112b4dfc7218
PJI,1293,1644,33666386,2021,1,6b0d857f45fa02cfa49a4cb9180752a7dfef61d7e93cd64e0df09fc4dd1ff084
PJI,1294,1645,33665275,2021,1,f5c7922c68a505192ce6c88f51eb9de007a9d5b6009b2f9ef1651b374b5afa83
PJI,1295,1646,33664369,2021,1,05f146a50a63fbcc7322ee3b9f91b6ca62de0e2367ad5ee080992dd41efda73f
PJI,1296,1647,33660047,2021,1,d40ab8e281659843a6f5604d5d717976ce9fe6f88bb5d08db5e35cbf28457a97
PJI,1297,1649,33648841,2021,1,608fe38f76aab983b73598c84ede7abeb152e6838f3a6c6d2c4b565bc7e09d53
PJI,1298,1651,33632579,2021,1,4079e54b35f42f7f0aa62867aa6b82d414c8c4f3c36e9f0c7cc9ced52bbf1319
PJI,1299,1652,33628779,2021,1,8b6a0bdaee0b092866d9e5b7298b249ed9a29c27d4b7cbf171c5e4002d19cdc5
PJI,1300,1653,33622904,2021,1,f3ecb4241c008df756bdfa324a6594d73a8a75d0474d3c65bf1de017af16107e
PJI,1301,1654,33620172,2021,1,f5db507bd502b831838c96dba46c07e0e590b1fc4639483aa6748f6d6c85b743
PJI,1302,1655,33619607,2021,1,df15fbe79138aea054f5f82907eeee807c1f380d49943b08d4a83d2a32f605ab
PJI,1303,1658,33610410,2021,1,f1de7da6041e03a6c4b76509b58c913f63ce1ae3ec2a0977b125aff92ca5b4b1
PJI,1304,1659,33609642,2021,1,dc8f573500ac85931b5651db11305e7230e9a6f59cfe7b15624b77162d2b3251
PJI,1305,1660,33603316,2021,1,bf7b1e477bc677b95694e53bd719dca0c3c00de4d4b26072013595a225425f4d
PJI,1306,1661,33602312,2021,1,9ce0d32a921efb14fa11e46d33660c7e8f12997fa7a6bc0ee2c358ba27a28ca7
PJI,1307,1662,33601967,2022,1,fb136e2ac4a92a6547934ad775c25a566618fdf94cebffe7dcf83d6d48089a75
PJI,1308,1663,33594902,2022,1,483f97e337391c9daaf3daf03d87c54477ce012caa2871fc170f7fd9761e452a
PJI,1309,1664,33581975,2021,1,ae637185c78f5924cdefb106b22c1f62450a95d3c8a49756a55fa880015161c3
PJI,1310,1665,33579630,2021,1,1d6c53e28ed16371a10850f03ea4c2b668b1c982aa1a4e1ec6654b808b1fa3a7
PJI,1311,1666,33579629,2021,1,e44462e9f53ead1d749ecf278de6fbb1d0bda3397c70db1e57f39a155d47baac
PJI,1312,1667,33571655,2021,1,ed55b91e7a3fe79911e40c56eb414b141783403ede2b1bd88edc42873311f16f
PJI,1313,1669,33564916,2022,1,6a1e5176c2300dba40a5caf080a15e2fa3da7506872c44a5261ac40bbc4dc748
PJI,1314,1670,33562828,2021,1,4e9b8e9bf82381b547fe9178e7288f364f0d9a6629f8ad4b5d91bd3c726b3eb8
PJI,1315,1671,33559723,2021,1,4dfd7477fab3b99316406a12f35b3e9b9383af7004a0a97856e4378c4e8737bd
PJI,1316,1672,33558046,2021,1,85ab70da0b46961c36764611cca77fd3bdb0215abe60ce356d64d30dd6237f8e
PJI,1317,1673,33553196,2020,1,0e2011fdcb3979ba8cfadced75d520632fe188d94f1429de4588ad4dfe02a2d1
PJI,1318,1674,33551610,2021,1,b8f1b4ed6c3271218dcec4c1f4190cb77b367624bc50ec0c98f4b0da0448ca05
PJI,1319,1675,33548396,2021,1,0d76da6c61538a9261dde17fa64144e0eb90965dc0b8f69cccf99acec6a3a746
PJI,1320,1676,33546952,2021,1,9564fe1eeac77d643af2996f2c1fd06dfb77059fe198dd54e9bf140f74f50f4b
PJI,1321,1678,33543876,2021,1,fd797fc10063f8e969f22a69bc41d331fdf94ed54e09e99c87cc15cd7ee7b535
PJI,1322,1679,33540460,2022,1,ab98ce14b9bfe12015363c2e462807caac746213bba384988aaccd14138702fa
PJI,1323,1680,33537672,2021,1,702f7d420f5a9b9357c281afc81e31cb4823dff86fb4951280c78657af5c90d7
PJI,1324,1681,33526394,2021,1,ec665432a1c0ade5d1d78cb672193de5bbecebcbffae02c902bd554346b1a6e3
PJI,1325,1682,33522920,2021,1,e80e1ba4671a65cc604b58c14989e3be3507c8743ae727abdc5adbd98e3d4faa
PJI,1326,1683,33521200,2021,1,06261c24310458027f7d22d2379e70c4cd98b1ff8a9656d74bbf66803436fe7f
PJI,1327,1684,33517765,2021,1,ac68f29ad5caed0e90f02dbd0bd7f84d9ddeb44129162a4f6113245b517bbbe3
PJI,1328,1685,33515325,2022,1,90371f1952e4e06decfc0b5decc141194ac4afbca31c96a0d02b0fcbe28cd8ec
PJI,1329,1686,33515323,2021,1,a89c6fcfdc7304649dcaaa874e9fc2d840c17f5c60d817097570f92985d8258f
PJI,1330,1687,33511588,2022,1,9107bcf06dd3f39cd4b907155dfe52d9313f5f242941d829c94ca83bf7775e49
PJI,1331,1688,33509845,2021,1,44bd62e681ab0a9db7d264ef82c3bec05ab9c6494eb299e3e66b2a57d7e8dc9d
PJI,1332,1689,33509246,2021,1,b93a1bb483197d1b9aa238f8a3023686d706fd6a54304ecca7d34af2c34f4d4d
PJI,1333,1690,33504458,2021,1,fab7307c41209e5f87218febba313869ca3bb6b7a050029da74938c17646174f
PJI,1334,1692,33493616,2021,1,6c06b7302d57a552bd1c5fdb4557867e7d14addbc7c0d71e035ec66932cbbb49
PJI,1335,1693,33492869,2021,1,7adf7ee7d2bd9a88289190b8c80d63febb33c0a7dfc07ae048f533b0ce78c655
PJI,1336,1694,33456357,2021,1,c94cdc5bc8aa2eb584348b7f1f438aa47bce408492a0a5bde981e7a27901dfbb
PJI,1337,1695,33455434,2021,1,1cf603466947c1724cc4392c41bfa052aa018c672a54b28d55ee227000845c95
PJI,1338,1696,33447818,2020,1,f76730e9467b3b4ad16c5dc65f57f0003ed2981c3ce7e516549e5c1d2cea6102
PJI,1339,1697,33436902,2021,1,01c71565489bb6f372db7738c713af3a4c692336d2fd7ce6a57c9546fd4c6167
PJI,1340,1698,33435442,2021,1,37128f0097562ebf8210b61644ed286f237089cc216c638dd2f1049a08656e2f
PJI,1341,1699,33433635,2021,1,b79c34416665d541b55f20c0032b84d1241740ab35d1e5a9f5d1ee3ea4ce597c
PJI,1342,1700,33428481,2021,1,a120db3cedcfd2ad6c9bf305bb02692b855dc9aadcbb8c3eba4707bd1236f1ba
PJI,1343,1701,33422392,2021,1,ffd7181f49386430f1208580e1100c3ff6d0701cfd9e72dce03f8b7ceeda7e09
PJI,1344,1704,33403065,2020,1,22e8ba6ea973612f38a202020d79aa4ccbea8585350ead309dc99e0a5478f980
PJI,1345,1705,33390338,2021,1,903a44ff6969f68d59e4290716bf611dadcc9ecb730e07bb9d8172e8f0d20bbe
PJI,1346,1706,33389732,2022,1,d647eeeff04c83ff8fc199c582a596eca61154465282f0c1e03e6ef2f538e0a3
PJI,1347,1707,33388890,2021,1,8055b81ea187d4d4694a79e8ff8a93731dbc55e6613e33bba8276c87f7550b4f
PJI,1348,1708,33388203,2021,1,05432d296e471fbcffefd67c15e7aac3de1c30041bdc131670ab141392a4302b
PJI,1349,1710,33385037,2020,1,259596a78c14eb0ddf21bba6d3a5d88ca8fb9e5d7cafb8567ce3b29fe54813c7
PJI,1350,1711,33385034,2020,1,342b0151e52bb1faf26d748ae2e01b4a591af00c5225468354df2b6483cd1163
PJI,1351,1712,33380207,2021,1,063ab052f6650c742eec0d8f65be8707f1cdf63725614ad750f6dfec7dec02d0
PJI,1352,1714,33380202,2021,1,1f8ec0da89efc621edfbe5a032a00dbbd6b96571e559c18a406488563a850288
PJI,1353,1715,33380194,2021,1,cc41916310d4f4e9386a9420774f9af1197bc3151303d97170690ebf0f777c71
PJI,1354,1716,33376924,2020,1,0a3aa8f9c693a8673b53670fba202981f0415e9ee1a56ef3706459fc774433e9
PJI,1355,1717,33374817,2020,1,f07d3ccbd5767207385871c3e2c90f5cd14b0c04a1c0fe3084dfce0f35655d5d
PJI,1356,1718,33367280,2020,1,2063993defc0bcd2ecbb7660141a325952049da73b7b35aed4a26285c39822e1
PJI,1357,1719,33362995,2020,1,3ceaa67ef138b784fcec3d7dafc91bc74251a7b8823808c5b46c17c0dea7e1d8
PJI,1358,1721,33359944,2021,1,65e29d94553e03680f517f8c29e7a053e312702f8e781eefd6c21e7f44ca0f71
PJI,1359,1722,33352213,2021,1,d08fb08bb8c46a734d24f82c8abd4c9eb4b78938a8ec42b88b774975ab8726d5
PJI,1360,1723,33349496,2021,1,feb3a958c3cb27b86783e0f58cd3737cff27fdc5dfa15da8b4414d529bbb4381
PJI,1361,1726,33343718,2020,1,b97a2e136919e7a5440c0d007fa7e06767b67ff23aa0ac939c198b8d4b0478da
PJI,1362,1728,33317706,2021,1,cd0881fc606c4262fa08c0c161275f5581e07a82b0cf04f7d6125c320e51f8c7
PJI,1363,1729,33306153,2022,1,c609b443861fed37e5a5f6472370a18c4867980f9c7ae259e6f1d23048dd0117
PJI,1364,1730,33305875,2021,1,f810e2d5b4dd53cec154d7315e90535137ca2df9daad9618fc00e7e2c48e17b6
PJI,1365,1731,33300545,2021,1,2a2bcf45097066b968835f5d9d8fd8aeff5c9b3e06268cea0a0383c3e0be6b06
PJI,1366,1733,33296742,2021,1,f7a06c41d93c8bf0003091cb13c46b1aa8730b0db91e121765f222ba82b1f877
PJI,1367,1734,33291550,2020,1,dbcc5c078a8d6dc2b1638c9c6943a2aff287bdbe2e03c522074ca89ff63c96c8
PJI,1368,1736,33281021,2021,1,7b4fb3d3755836c9a588527a33bf32bc599ce1a9764144f96f640dd89cfc7699
PJI,1369,1737,33280159,2021,1,9769b19c9e09f027a28d311c71d7ab7076c12121357fc5acc4c9c0cb5eebaebf
PJI,1370,1738,33277711,2021,1,c7f457a6bf46b49083e1222ad1ecf6d91adf29dda648b474e999b1a058887c64
PJI,1371,1739,33274024,2020,1,d875f9e0fa41d12ecf9d7d03c7defcc911cf33f4fa3c78b8b1643e94aa092a60
PJI,1372,1741,33263831,2020,1,9250580864e3dd5383fa69cc7aebedf5b61be4ca4c20134eeb4764f62c6efbdd
PJI,1373,1742,33256773,2020,1,51a3d713cd913bf808b6238bec3f9d73d8133b4968fe2f47b3fa19ce5eb480b7
PJI,1374,1743,33252589,2021,1,56be302d0d2b6bb6037221650e766ab5b9c15d6ae806bbb1f6e8a6be66d6ad8d
PJI,1375,1744,33252587,2021,1,0b3c13f33bc80c810381872409b445c113114545470bff997fc144b3529302af
PJI,1376,1745,33249903,2020,1,34acba29c008ae1ce7875510bbc4073e2a2fa7568c7984cd718d171dd198693a
PJI,1377,1746,33248455,2020,1,41f8782a7211529062cfdbfe4f4db4caa3245d4b33ec400bbb9c3970af66b21f
PJI,1378,1747,33247312,2021,1,c4efb1eb763d869a0642b8f355b25459f032bf138648a2daf1e0f6dfcc920c6b
PJI,1379,1749,33241953,2022,1,4b6d2ae2eaf3093f794b9e73a0d46ab9a47c624dbe9a42f4efe95eb9e4023d38
PJI,1380,1750,33241448,2021,1,432aed76ccdf388b850f3d01756587dbfe9eff552fc72715eb3d43f68749c40b
PJI,1381,1751,33240727,2020,1,c211a304630489811d068a89178087426ecacbb76cc7bc3e3ee13176e9190661
PJI,1382,1752,33231280,2022,1,de71ed5564923a60fc4f70128adf48db9b608c2080997a3d913d94a47476658f
PJI,1383,1757,33203455,2020,1,d92d204a8d201097fc2908bbecc37eedbfa764532cb60cdb6a85a257093db035
PJI,1384,1758,33202289,2020,1,cf3d2bf354288c02a03e0f2c5dd216c3fd9bf5424cb6ac842c40393884618b2e
PJI,1385,1759,33198531,2021,1,861249ef85a83643baaec035a574266c52cec4dde5a81fbca3799b287504b4f8
PJI,1386,1760,33190995,2021,1,77e548118e3d859d1395e508536b4535a8f1fac3ca70764b491deefe2a573e1d
PJI,1387,1761,33179324,2021,1,eec5582071c3dea21a016a384eca72ac787071dfba6c29d86a4917f660cf73be
PJI,1388,1762,33178708,2020,1,8f18af4fd13671c71a711442a0827a11f414d23fed3791f404177cfa3404373f
PJI,1389,1763,33178480,2020,1,936a1523b24cf7971d4dda8939264bf459dd8cc4d8874890dd5abde552f164ca
PJI,1390,1764,33174643,2021,1,75d92c1853e9f8da2b63a5a478739ae895c6f84d5f79db4cae503928d7b8eaec
PJI,1391,1765,33170352,2020,1,1794e66367469702498c8123dc5dd80fbdd42f01418503e50daf8b72cf5c99c5
PJI,1392,1766,33163843,2020,1,c56acb1e04ef4155e8f230ac540b81d949040ec1b87fd4421070cbf59192918e
PJI,1393,1767,33162276,2021,1,8b01325e4fc3af8928fe6271f5dc1846d8991ca5566d7756d88c0a7732ace8b4
PJI,1394,1768,33160807,2021,1,0969f9a561ac81c68cad9f3df6b54652df334fbaf10367268881fa25621a0978
PJI,1395,1769,33127239,2021,1,e7db212bd7312dc15d70d243e1f04c77e6c02683cbf32f0d1d9602a4406d4ef3
PJI,1396,1770,33121848,2021,1,5c3a07f1b7b8afb23d8ffb223bdb9d90df89b0d0726f176f306a9d3ce6845614
PJI,1397,1772,33098596,2021,1,e5bb0980f9862e231d8885e9be578fcb78d2811c1aa4ac58097da553ebfad83e
PJI,1398,1773,33096203,2021,1,e9203d06cc5ad901f41108891e63e812765ab935de45ea1131fd23e03f3871bd
PJI,1399,1774,33092199,2020,1,6c80db3f2a420fb7b8cab3ec4ea8aa4753874e9127bc681494c0b5b1dd6b4c4f
PJI,1400,1775,33083860,2021,1,0d9609c9b3e9e71feffb1e454892640aa18c9b7387303ff3f5e34855ee5fd108
PJI,1401,1776,33079900,2021,1,9ebaff812c5076bc00a3a44b7a57e7927ccb95bb09ea7558cdca79834ce8b566
PJI,1402,1777,33076900,2020,1,934d8f10ab0e2cd11a7c59465688a7f1ec8edfb39862e3110326bac27300536f
PJI,1403,1778,33067093,2021,1,37581e61567526ed85014b3ba0a9681af8c68ce9d9ab052ddd9837492eea48e8
PJI,1404,1779,33066104,2020,1,4b77d5e1fed7e35dd1e0b79845a0132059d2e3f466d47d9f786cbcb7f8682282
PJI,1405,1780,33059964,2021,1,492efed53fcd03ef4af0669bfdc45ac79235dbbc47e72ce5b35204c9ce7e02cf
PJI,1406,1781,33054816,2020,1,c08e97a306267837378e8ff77c64464b89c44942a3f69020ba7d59530f389d0d
PJI,1407,1782,33050640,2020,1,829d509cd3679e6db9afb0d8c50aec76f83ad8f0b8d88d3fb08081172c0e41c8
PJI,1408,1783,33036842,2021,1,c64008c009fd2daca28882633be5f970b59e5abf77fb29a7958ba4f23a6da6ac
PJI,1409,1784,33028348,2020,1,a2cbc62b7819c6a6c480bef2dc279fc754c76c0870325fad30ec8cc761d9ecab
PJI,1410,1785,33017799,2021,1,a53def3bb67e534e36b1531a1d193b0522fe439c092035398f20597e44cdf243
PJI,1411,1786,33012599,2021,1,aeb33a5de92a306bc968b571bac3bbb9af7d0a110311c4eb8a951a1f28c69c93
PJI,1412,1787,33011012,2021,1,8c7fb5a3184b3ce575688d8391976791a82fe21d7930e732e6577204f40cfd90
PJI,1413,1788,33005398,2020,1,6c05741e42bbc6e7a943a318cd63eb6e17ce8b12b937b7eb9d0bc534de2df0ea
PJI,1414,1789,33002183,2020,1,3b2c5cbad959cf402935264120b1be1e540e8b47ce431d98717427b085353832
PJI,1415,1790,33002175,2020,1,291ba9b2c5ac93657f553a7a7ea4d1c1ad308b8b9052a7f5166fbb7fae0a7bd2
PJI,1416,1791,33002069,2020,1,e3dcc4bc75a807fa7f77076459ef23e83493af53d8d18e397414425ec9beb0fb
PJI,1417,1792,32999554,2020,1,575ebabd21bd18d1c259b7e687b97152a9590036ad5d8c4d52913582d92fa573
PJI,1418,1793,32999550,2020,1,8c6505a3b2ddf556396c5d0c76fdb7deb86d9de76d5dd50e59b2142da6644b2d
PJI,1419,1794,32998728,2020,1,3ae663f43f3b7f7c691984363b34230522a754925d21c3fbf9b4b05f3f06945e
PJI,1420,1795,32995412,2020,1,235a08152301102747abaad530fab5a9d0b74a864c50f34e27a360a6449956ed
PJI,1421,1796,32994109,2020,1,28ec4be22d7cc9b6e8dc7ecc8443c1020a1e542bcd35ab1b5f1cb64834f0b31f
PJI,1422,1797,32993826,2021,1,1bf6e3043ff7bf86a467c2e9f1a862b0a70281453e4c5483f43471e2b28d15fc
PJI,1423,1798,32993705,2020,1,f89d819465dfae849bfa0734b0e41e38562712f0208d82b597c1fb79dbdfa159
PJI,1424,1799,32984749,2020,1,b1459292ce0c2e6e9cc859501c1f6fd3f97861e19d59c2326d60e5346450b0d4
PJI,1425,1800,32981773,2021,1,31823eae1279754e0bd1a55b3526d1f963eb3ea548a3717fd8b54162f33a8fa4
PJI,1426,1801,32981379,2022,1,ef29672fb219f5c504eb14b4131b3330bd0049edb312e752f401b56d182a4b3c
PJI,1427,1803,32951925,2021,1,98ac937832dc7efb0e3b36ae40a2cef9124464f3f82d676fa99ad97da6855a15
PJI,1428,1804,32950374,2020,1,ff63ed4412c8b048fb7619a60c08433235ebfa7ca9b6cf46a83f6c1c2850bb80
PJI,1429,1805,32943318,2021,1,8f276e4c7806b33e92425f008d938743b3cacf608270ec3fa09310035bcae3d0
PJI,1430,1806,32942335,2022,1,729d3cd3a97baff2b275e1647f682bb74bcdc5af2fbfbb4c63ca4ebc2a91e183
PJI,1431,1807,32937252,2020,1,937d5e62338cbe34bba9941b7071e7998458ee8d4bb4fb29aeb5b933787cdf63
PJI,1432,1808,32933797,2021,1,4614051c281ee93368329c730e9a78f7c1e3f572f30edd1561e41cb2f12316b3
PJI,1433,1809,32927683,2020,1,f55c5970893f4623d6538de9de6ae8200b2ab2d1273d59c67221913f67f932a0
PJI,1434,1810,32922756,2020,1,7f435d4852cf60d3abe1bddc92e52ed37b5b18a7e262db4996a8a60690bb257d
PJI,1435,1811,32922701,2020,1,1452b6427fa40137a6804fe67ab6dad6bb23a32ecc13a2b1faaefe50092f21aa
PJI,1436,1812,32921073,2020,1,370d6542a606797e162b982719150704db199a7fdde66e8e6708e2a8a8b77a46
PJI,1437,1813,32917464,2021,1,ee2b45a2815214a9aa9b8108d171a70032d8ba2be51a44f100966af8c062be91
PJI,1438,1815,32907429,2020,1,ce185ec597934be20ce6aefb375f7d3f25d17fad52132571c246c6363673d40c
PJI,1439,1816,32907427,2020,1,eb6aa3ab4a4edb04da675543ff824f471dc4d63160ff81df08d0ee9c6f8a13a4
PJI,1440,1817,32907426,2020,1,6aa6a39e661855857537a54df9c563fa44d44fe79a172c97128cedea308dac27
PJI,1441,1820,32907419,2020,1,ebd977c4730334325930ffed7e3e94a8441fa5a89002ebdce90ab2590d2639dc
PJI,1442,1821,32906158,2022,1,2ea26fa63a363f72b29102915b58c23dcbbc0af76b57b3b6297e00b6e61f350a
PJI,1443,1822,32898907,2022,1,6f95ef83316f021e6bde9385152269ff0cd00f585c02fea2cfa6c2e08d468ac9
PJI,1444,1826,32893061,2021,1,32a525499633cdec7fda2466608211a3186b95c971e5adc9a404be29a33b5e93
PJI,1445,1827,32891487,2020,1,df750f471c564949c2f2337f7556cb651561f7dc82e02a6c3c583f5e8d864840
PJI,1446,1828,32890681,2021,1,62d943409eb09d99a41e3bc8df49cf202da7839267dc0e7e6a136ba9bc26d48f
PJI,1447,1829,32890041,2020,1,38d5d2c8fb37a04b366213de70bea2e2f17832d3064a188dd3864fe2b5bd4840
PJI,1448,1831,32888752,2021,1,ea9f7f4903e034d6ab566bc63adffd8e2a5a17a2a893bea36ffcac9160242643
PJI,1449,1832,32887615,2020,1,6968ba05c463c71aecd1880da16a86fc71e3c5827d9e572580eb84a1d1f3d3e4
PJI,1450,1833,32887457,2020,1,5b804845557b8a66913674d170c71138deff2cce239993dca96926abcd4caf9e
PJI,1451,1836,32867801,2020,1,c94810a33221c8d3a7ca79cdacc4a1487bcf635d9535634c3c6a0e429da8d692
PJI,1452,1837,32864114,2020,1,fc388e8c85efe688369e83e3e721ad5bc4a8ab3052a8096b0c0e59654a156b42
PJI,1453,1838,32863076,2021,1,8fca47fcd05ccb6839621b9488db6a435184e15792a7c26116c5cff56756011a
PJI,1454,1841,32856092,2021,1,4309abf55a2f4643490d3ad24e770e52dbed455a1e942fab34bb9c2071c3f3ce
PJI,1455,1842,32854365,2020,1,8572e146ae4a2561072514d7fdee3bd190abd08fbf2d2729e41e2b2b71e7e69a
PJI,1456,1843,32853788,2021,1,e7d6f06ed3657d55322a79abec5ae7a8344b44110c702d5bda75e5e417559e42
PJI,1457,1844,32852333,2021,1,9395c4796b778b4389569d4960ba2711dfb2f22554befea6aa6d1243e48acddb
PJI,1458,1845,32843254,2021,1,4451d229f715d8bdea6eb2a07543a2cad50ff270a458a794f19d94f9358d0212
PJI,1459,1846,32843208,2020,1,a1c3c33ed9821aaf08fe1e1250740c824c2bf7de2a7a4fb3968d6d7802755b3a
PJI,1460,1847,32840382,2022,1,b1339f2512bff44ca60e8dcf40c31150ee2357858a3558cb8c81dff6c52ae138
PJI,1461,1849,32826664,2021,1,371eec368570c9f848085249ac135ff87fb7a37286f659be2322d6f56961fc29
PJI,1462,1850,32803918,2020,1,7598c76db2df3c29cc474f8b3a66254e12a66df66ddf59a9c26b526a6b047b5a
PJI,1463,1851,32799924,2020,1,00bd47d3ac2477b2be85cfc53de9758b3afecb9d60415dee945d24e5ce9d4dfc
PJI,1464,1852,32798125,2021,1,5ad8a4ac69c054486104708a287400780aedac3ad88b77658393e782ca225f93
PJI,1465,1853,32792204,2021,1,7fbf901f43579644656245274e44da1aa3e6a9aa1b6ccdb8ce68d1758b6dc81f
PJI,1466,1854,32778418,2021,1,206b5dfa407ce8a8cb35739498f08c88a4813ffea12e5f97bc3ce42d9e0ce858
PJI,1467,1855,32777947,2022,1,e70c4a5e1c29f7298c77528b20af8704d8d4c0bb4fddf5901516d696f53e035c
PJI,1468,1856,32773272,2021,1,d7eac48cbffd0575f2f63e10e998ae241816c88fbea9a00de464d269293b74c7
PJI,1469,1858,32769601,2020,1,1703b0d9946d36b96fb58e36aa16f61ce20d155060e4e7e0c4b8fc78c42c4086
PJI,1470,1859,32761433,2020,1,21bb82cb8bb7806451de033c29414f6f1119a4c2b3fc270bed631f68e376a048
PJI,1471,1860,32758379,2020,1,3df971da5a715546c72375cb54e00f0e84e7b0bf01c451af766f4773cb7d458a
PJI,1472,1862,32745086,2020,1,b55c3de858accfe33079c38ccee826a9afc6915ab9d853070363f19f973d8238
PJI,1473,1863,32739083,2020,1,f28b010c3604f24d60c095d5ffe99eff752bb4a6146eaecf0c355eb21089b0fd
PJI,1474,1864,32731820,2020,1,bca1f8f94c752c3fb81f792a1534f61bf7e064589c8ba00add30f4e741084ec3
PJI,1475,1865,32727656,2020,1,e6bf0dadb1336764cc6aed293bba3ef15c14db0f2239040f94070829ed5f0157
PJI,1476,1866,32721535,2020,1,f0e3d3f34cce9db4e49ff19a05ae2d16268afa7d0fdbc9f83b4778a0efa69d64
PJI,1477,1867,32713726,2020,1,a373b8d687ea0b312e8289d34110db724e87e35b850d96cf2f1e03583f4199e5
PJI,1478,1868,32712786,2020,1,b3abd4601ef1f5ba7980ca8d934fa883e86bcbffc659fe78bdbd4bb48a99ee62
PJI,1479,1869,32712505,2020,1,c5d0d46f53b792d1688b9556cf3fcc2e6eab4a1056f232229526e36654781179
PJI,1480,1870,32712119,2020,1,01f062c6d9855e2f5c98696866f8916ab99335c0c4291ef131d7b8eb6cb3acde
PJI,1481,1871,32711872,2020,1,98052b90cf12d44c925c4b6d17b177710fe94933a0dc43645f999cec5dcdf8f7
PJI,1482,1872,32709562,2020,1,7fd04ad7cf69ad85f50ad91b566632300f84faf03a8685b8d26efd4449aa0bf0
PJI,1483,1873,32708756,2020,1,c6101c2804fd3a03ce093aa4d911a923cab59e5509ca8bb663a5139368825d60
PJI,1484,1874,32698642,2020,1,37d8eca9b27af736291d317959afdd4178aaa9c8d724897a0edab279d9d42bb7
PJI,1485,1875,32694027,2020,1,d2f74bee2318ed70fc71bccd922316386573b07aab30d3c6b076ed429b828205
PJI,1486,1876,32691485,2020,1,80e13cb8168f297f80520a653151f834e6a25279e7cc502d5f47f8ae75829a56
PJI,1487,1877,32682594,2020,1,4880d1006988ba296576fa684f41603704444d890fbcdbfb4565fd8661f9b1b6
PJI,1488,1879,32671435,2021,1,d2a9ec83f298d354dc63b85a7ed0cae4f68c6b3e2d3b2f84bd6622d26a6f5f0c
PJI,1489,1880,32667753,2020,1,c4c8698e92dc690209f6951ab81f4fa0c4b47330afc81adad49b22698ace0205
PJI,1490,1881,32665159,2020,1,fecbddbb2924c5859a91163ca55d5ee016eca675199673d45416435f79e6ea62
PJI,1491,1882,32662957,2020,1,68e367a568fd2d2e67c2525254f92167a85420a971a15f3efc48a1ecf76a3535
PJI,1492,1883,32662956,2020,1,10ccbe8e11dea169a819e953b05cdee61bca7751962c14d036f77494da266104
PJI,1493,1884,32660599,2020,1,9ec44bba7b8be00ca1a35955fe6753415b23ff53d0c8b7939239b94e90458729
PJI,1494,1885,32660587,2020,1,7d0d2284f9bff78a03cf95d75d24f94d7ca293f0329e716a4ebc20a21a3f79b1
PJI,1495,1886,32659814,2022,1,b486b7bc8067f90a31256b89317d6d8dc926858893d2fb814dc961f16116c785
PJI,1496,1887,32654942,2020,1,b526b059f436b329b42f34347e4aa787efbdb19426594fbc63fd22fe0205ed3f
PJI,1497,1890,32644213,2020,1,3708f5842bf8989b24921f4a513a2ddaf35a48c5400e454be6467bf48a4bceb5
PJI,1498,1891,32641879,2020,1,d9c4d6f53525d4f82f8ac8bc35075527d7403cd18064f23b58416a1e78a622ce
PJI,1499,1892,32639225,2020,1,31345548826ab6e5b79beb96ff096e7ad4ea833b5fbc804454f408dcf02c8de9
PJI,1500,1893,32637519,2020,1,ff2bf905173b7ba263b2fd6cb146e4b2dec03c5f56e217c99d0c8104eaeaf944
PJI,1501,1894,32631730,2020,1,83e2ddc47a90fd965d315eba35fa4acc2fdfb5693d5b5f98aecfb97547a8b1b5
PJI,1502,1895,32624380,2020,1,edf57ee3b97c7cf19bacc3eada3f1f1ba8aa1b419064addab7b8fffe73366005
PJI,1503,1896,32618813,2021,1,3932a756affcb8f0831d1e522c30aa8dba45caf53a8dd8799542dae1a2f6c069
PJI,1504,1897,32617307,2020,1,523f376622a475eeb2b3398f6e762ae66dc20ad457a741beb47a317bd50aa79e
PJI,1505,1898,32600194,2020,1,041889b15c4c129d2db78ddcd55dbb5a7c7eb31583d4c0dcfe1a430a25a2a62f
PJI,1506,1899,32600143,2020,1,05ebbc9434aa6985d7d93b4fb49b097b17e63e057c04a953c7e636ee36b750e6
PJI,1507,1900,32600135,2020,1,d924f646a50232168beb2ad9c0c92df4a42c2b3d080f3552ace17a917781b8fa
PJI,1508,1902,32585959,2020,1,9a9c9079763dcc361db94b45a5e1195e0655dc325e54141d97e5aae5c18cc5a1
PJI,1509,1903,32577486,2020,1,e91fafeff3b41d5795060c9dc8c741889b08d011d025ced57baf701b00a63d4f
PJI,1510,1904,32573261,2022,1,57dae62e337c0f56ff9fd7b81bdf65f34a019893877b71f653f0395dbc4d6c9d
PJI,1511,1905,32566717,2020,1,e4ba2d6aaf9a6dcdb23a993214366ac24042747c590fa9456c7b471b50b3343c
PJI,1512,1906,32566455,2020,1,d53439aeedab0e3b6411914ec7ceeb42ad29797f192ffcb4a571db329bea07a4
PJI,1513,1907,32566453,2020,1,3106a1416908c13bd03f1c5a0f3c225dc1278587ed6917a069c74c69c52eb8fc
PJI,1514,1908,32566451,2020,1,22b38330fcd17a28d03baddea443e2b86fdca639161702b8b22453c92e7f6beb
PJI,1515,1909,32566448,2020,1,69792b807cc2be180d1b16f10811186fee78ff14a5924b9dcea47fc3db6c98ca
PJI,1516,1910,32566143,2020,1,f2d969166a5bf97aa1a5216ccac0cf64468a80af7d3a6f712971f6276bd43c7a
PJI,1517,1911,32566141,2020,1,047d3a16edd5520893d5dc63b3b794bf3f2d0cbd7443209e794eed2bd4f1b8d5
PJI,1518,1913,32564969,2020,1,0458090509eedfb0ecda9b9299c0af9eba3a66d57bb6ec19b3ba8ea74ccd681c
PJI,1519,1914,32561262,2020,1,e48eb3385cee7f363f1d373c3e4b08a4891c1fec991bc940c7c574bf06bd3b29
PJI,1520,1915,32556384,2020,1,b38b3be9f8fc26528a4b8b008447831f5c7fbd440a9071609faeee29e771495e
PJI,1521,1916,32555089,2020,1,ff8969876a184ab5a1d5616506abfb3e5f687fd4ba5af42fa274534bc39b05a7
PJI,1522,1917,32546394,2020,1,1e4c973da6fd8a9f525ba1600487c077970f5881d1aa81a322d64ac0324a0fb5
PJI,1523,1919,32542450,2020,1,305c2dc9f1ba794f09a57240affc7822a8381681dd0668a0461ebabb8867060f
PJI,1524,1921,32540305,2020,1,fac1420327a4b5d36acf4aa057fb1bad81076c2e158435d93a9bc623b3b66d15
PJI,1525,1922,32538176,2022,1,87d89b36b3f4d948a4a403781b07e146f90c353e195b4c38b5f5eedc5c79a9b6
PJI,1526,1923,32538159,2022,1,fd00ef003c01288474dc2ba1f251c063bfd6cca12870287e1d08abe82ce11eaf
PJI,1527,1926,32507450,2020,1,03715563b99c630764ae198bbcf05df7a1180b50df898031dcdc095bf4869b79
PJI,1528,1928,32493292,2020,1,c4110b7edb6b4ff1cc8f01ea8a503707ef3a5c98785abf3c6d9148d5b2e80ed2
PJI,1529,1929,32490767,2020,1,1071c773cd19d5a168551d403d254a0ecd4fc88152a3dd1cdb2746d37553362f
PJI,1530,1930,32484406,2022,1,a9459629988d0c8a011ee73c48676b7826e3fb5f416a217ca78b85e4a16a2670
PJI,1531,1931,32482477,2020,1,44a016cec62ce545d648028cdce18d315a2d8e697ce4eb510764a289c0ab5dfd
PJI,1532,1932,32475287,2020,1,c8e02a05a4d4503386cf5c112ca4302d2f4fa809ecef6edc21a4a44bfaafa78e
PJI,1533,1933,32475286,2020,1,5cbcea6b0665a5537259e2c50e17e802db8ca36c8f92fdeb0affdbd7de33fe1c
PJI,1534,1934,32475283,2020,1,d6170515dc5b08f0d54644bbc838f183ec0731f27c25218b94bf2cbf1c1e98ab
PJI,1535,1935,32475280,2020,1,c4e5ef8b25db31a6daebc1881058c8db87bd8af93066fe1b07e0a9761415885e
PJI,1536,1936,32475278,2020,1,cd0a69f5e74460955ab10f354ab84e49cb3fc9d957049987cf296c8f3e99a21d
PJI,1537,1937,32475264,2020,1,715cf0d0fc5df4a167958e0a31e34620cd4c18214ab5e306dcd77aa68c97e6d1
PJI,1538,1939,32467789,2020,1,08b30f15797c72ff1b98ce588583c3d24ea354cb120ff7bfe39c24acc194b773
PJI,1539,1940,32461024,2020,1,2c088b978115af8bf5c69ef6a8c6764ff62680e52255fff23fb2d02af362da10
PJI,1540,1941,32460850,2020,1,fb246f3e8e60ced9ff30cb9915a36dba3fc5dda9b6c882513a5bf13c15c2049c
PJI,1541,1943,32455099,2020,1,8be00d64c088b036c3734f8b8ea3a1250b26b4d0688406fffd5c2ec04fa7d2c0
PJI,1542,1944,32455098,2020,1,cc2e2568602442f33e5c17bd233b96bdb1dad9029f08fed1712421e4d01d243a
PJI,1543,1945,32454521,2020,1,a71f1cbc09aaec7f2be4dfef97b69a666f18788406855338e14e278ffc424a7d
PJI,1544,1946,32451282,2020,1,4823bd4cf86b0419e6514822ecd8cff7c2e43deaf735b98426c1989212233b2a
PJI,1545,1947,32449081,2020,1,d5ce42a5cc1f9abef6ed4fe520992793090e259350c04531d2d434252c40a682
PJI,1546,1948,32449080,2020,1,2e57e1bf0de31a52d7f334461f3d3031d8c445f677888f03b93771d70d19d00d
PJI,1547,1950,32448756,2020,1,f78cf5137bd39238dceeac742119ee0b1c639a859f99c5812cd23ad249826430
PJI,1548,1951,32446625,2020,1,0b459e504177d3a61bd15ee1c5e191bb0a269b73dff97e3ee8b10efe23b67703
PJI,1549,1952,32444587,2020,1,bf5542f868f66fc8947f100778eed0678e0aa8c0da6309d654b2be9dfdced79e
PJI,1550,1953,32424439,2021,1,a887d924a49f2e043a1c070059dbb254853eb1ce3138037cb1d6d13fe614103b
PJI,1551,1954,32418318,2020,1,62c13e904d59a15d9815f04cd414f3cf10d7d1224266f7ffbe590bbb54c50609
PJI,1552,1955,32417046,2020,1,1b0e9a5ee821da927b1c70ec29b92242e1651be15756c4da3fe7d4dab046e95d
PJI,1553,1957,32402579,2020,1,144a26d66ed9bcb333ab98d6ae80902c074171b3c74d886a397e284d37706694
PJI,1554,1959,32392595,2021,1,afd93bf229d6aa90c6bbf9b09e28f1665834c1fa59ce843fead484042092be35
PJI,1555,1960,32381446,2020,1,f5814cc68b4bbabde08206e638ead0642d1cda761637438a5440ac56e4e510be
PJI,1556,1961,32379118,2020,1,19602085ee7535503260f209970fa58f8528d236fd59ea0a7bcbd589d2748613
PJI,1557,1962,32376167,2020,1,e6c9260b7f276712b02f5922e3e1c0501d9594f4964d82ac47aa227e03f6ef3b
PJI,1558,1963,32359166,2020,1,6e722aebf4a041866ff846b3887a9ab23cb546f978f9db3f6285c9097e285019
PJI,1559,1964,32358410,2020,1,f1ab2d33797790798448317e04facabe942d50300a3d58cd5a495ce6a8409206
PJI,1560,1965,32349594,2020,1,05f91423448652cc6ea88ca494852318928d6ea99ad951c5b0dcf68d21add97e
PJI,1561,1966,32334898,2020,1,f12e38e94b15a69742e7faf68c3d2175f253717a04e32b3bfa6d417a5c97967f
PJI,1562,1967,32334610,2020,1,a73492c3a2d0e3e671e441b1b85748fbcbd9646224d55f3c0a6c8b5a30db0dee
PJI,1563,1968,32330974,2021,1,1aeb2246bd2aa0ae88b8eee24c8597e883deb45a6be54161b6836b69895888f9
PJI,1564,1969,32328932,2020,1,ee313cb726e913af5c6c2044abedefd0037bbdf4bf3722904c4a49b518741184
PJI,1565,1970,32326577,2020,1,1e0c7b9e3529d0a8072069e91dd2e7824e49adeae5e4ae8734185ee45a01fc2c
PJI,1566,1972,32322941,2021,1,1081bd1709f0da7da355a749a18343e130c73f4fdbd1a3ebe1e468f2919cd958
PJI,1567,1973,32317140,2020,1,aa1e2d222eb6b2abff368d3879e8c8dbe01ee060442d14b4d689f2a0b2cf61d7
PJI,1568,1974,32296968,2021,1,32e35935847160ca2764a4472596488ff8e1079c6839920b7a751bde1a2c7849
PJI,1569,1975,32296908,2020,1,0aaee8735de03713f7ac234aea59b38b94c250086d021c81e4cdb2754afd30be
PJI,1570,1977,32296477,2020,1,2562ff52af4f702f030e8235153cbd78e5da5badf569de1cfd0465a9baada6f2
PJI,1571,1978,32289383,2020,1,992c6818cd2c19528a8dbb5e8af97c9f584833bd6a6bd6061aec94ba8802abf6
PJI,1572,1979,32284220,2020,1,1757966a44804706e278c567790ab1a1a63b39d813f802b2733dabb0820e6d52
PJI,1573,1980,32284208,2020,1,51dc3ffe43c79cc081db92b1e81eeacb81e67a06261412cb0abaeaf18f2af177
PJI,1574,1982,32282286,2020,1,1ea7c69ad09779870deaf4cce0a9e2df7b98b2564d3dc9bcb6ce559b0c5d959e
PJI,1575,1983,32281770,2020,1,d54336ae721d9e188354e2f20de2896d779326c074fc20ba65ecb007ce0e4e10
PJI,1576,1984,32279946,2020,1,52e108dac4bf06420df3ea8b7ea7e7245329c9c963377ea47324a4f1e5cc495c
PJI,1577,1985,32269008,2020,1,73d47e97e210379cc128cec7aa5b50e719f3712ccce727df83e8e9c7b5b08a8f
PJI,1578,1986,32269007,2020,1,f0ef13f624c957c9788601edaea148b86db22708eecc23da2bd54adddfb29e36
PJI,1579,1987,32247677,2020,1,fa63594bc8e6ce6a3128d55597d3e5e316328984961620b7b823bdfea4ab377f
PJI,1580,1988,32247676,2020,1,c049892bae9ea4569c41af85aec7d0c4ddf3c1d320b46e3f360d5c3749008df6
PJI,1581,1989,32247671,2020,1,bc302672765726244f0a11b08669c418ba34b59a80e9c7c64124264f68ab3372
PJI,1582,1990,32229149,2020,1,d61cdf13fbff371d2680e510ed75c65eba9828adcb8a01414b400b6c31aecfd3
PJI,1583,1991,32228597,2020,1,86166d3ef937953b815a8b99522da5717d28ec46576ea3b5cc6c48ed582f14a3
PJI,1584,1992,32228083,2020,1,2f55aef1ceb7f18b71fcfa915a1cf66ab182a913e73f83f7c761d87ed1686088
PJI,1585,1993,32228079,2020,1,3413c62d23cce9b1c61b1869dd6c504c435f4860d29671b415a81fcda55cefbd
PJI,1586,1994,32220483,2020,1,cfccdf6a3a7a77779bee106d6ec4e17d617dfb664f3650f878e4169153097b03
PJI,1587,1995,32209286,2020,1,83b3a552b12486279aed60cc06e4c75d4cc3c027b848ce0df93796cad9a7a655
PJI,1588,1996,32192834,2020,1,7c08786e1730e2f5068edb9ae3bba08ffa666457b5541638a5d5e98e08e7587f
PJI,1589,1997,32192832,2020,1,a7b323c629a1e0b460dada5dd027bd74b80fd9527d03788ca037b440332c3201
PJI,1590,1998,32189947,2020,1,7a39cca454b233244c2f16d13774ebb82a2776cfec10a0dc705339800432a6cd
PJI,1591,1999,32173618,2020,1,4ec85b0f99b3d2536289693e01d782f254319efc9785cd3f58103e84ee997247
PJI,1592,2000,32172315,2020,1,16564e81e84f190f944b0ba0cb8c14def476f6cac7c29418aeef2480b90d3863
PJI,1593,2001,32160487,2020,1,039468f49e141fb793795ebf2d12b4f4c54b37646f3f3c63a265af719ba350b1
PJI,1594,2003,32147342,2020,1,b99075304ae0968a052b819d129e0487f53290a80d107dd75efe5d2c8c0a77da
PJI,1595,2006,32133538,2020,1,536016e0d6d12ee38c6e580134d6240a658c12e0f3426050bdf90906f57d4671
PJI,1596,2007,32131100,2021,1,172e3325e974da924ecd1169d4f1f85111975004942fcd5eddad2c6e0379864f
PJI,1597,2008,32131097,2021,1,50c5cfe83ada6cca54c69904dd4e704c6f0b97abc91a537e3848d748431e2e88
PJI,1598,2009,32131096,2021,1,f4afe09d70633fcafa56c656a2388830cb8bc18bb2d20da528bd7e90dc9d835a
PJI,1599,2011,32126841,2021,1,9ff7b9c0dfcaf1c5060e667e967a6bf292fdc1c79c8d8007646b75154569a065
PJI,1600,2012,32122626,2021,1,bb73b6b53b1c1ec5f2a8f61b1676c1cc5ccd4affb79b1a3f4944becfc4afcf0c
PJI,1601,2013,32117689,2020,1,dcd7496218a8eff8df8701a34dcce78bad70235cc989a27250435027da63e23b
PJI,1602,2014,32117688,2020,1,562f185ae42e66a9d4d86eedb2e4d4a03c63e73b5f91e8349daf3a2506b6d964
PJI,1603,2015,32117683,2020,1,bf4c5944db709f65a1552d2bffa35f6b3793851bcc246a9a5bb20ffa4d1fb6b4
PJI,1604,2016,32114816,2020,1,b96ab78d5e795b30c356410924abc53ab557adb582a3f42ebcdd8cfe1d382ad3
PJI,1605,2017,32114807,2020,1,1f48b990853ed42593ea6e617716f31d28d3d3d0680c20d023bc24c3494883cf
PJI,1606,2018,32100898,2020,1,bb4e0cda5d8f8962d1ac5a7f726008fe498648d2071763623d76ba5414083de8
PJI,1607,2020,32095896,2020,1,ba1ed838ac0413f068da1965fa6f4d68a15f5758d7bcf6b0fa67221c16088c85
PJI,1608,2021,32089975,2020,1,6b362e55a6866e8ec07be31ae49644911ce7ca0587b380f448f4fb03d2d4cf40
PJI,1609,2022,32079872,2020,1,2a52648752414ae49fd93e8b2cd088dc1a515a19b37d83ca6e68f3aabe298b99
PJI,1610,2023,32075029,2020,1,d06fe38073ca0f511f99bc5440298d944bfcf5c524018fc91af626892033d26d
PJI,1611,2024,32074655,2021,1,09ccd638cfe70dcd8b2aaf1b7bfd1535df629afee9c9897de981ddfb14be5f48
PJI,1612,2025,32061477,2020,1,60adfe1bcacc98afec2e10a5028545f511fcc00b01aaa80231ac9642a286190a
PJI,1613,2026,32053936,2020,1,d7064ae0e77c8636404a45efcb2034875cfde766010fc92ed25bb5b2af653542
PJI,1614,2027,32051782,2019,1,f7028cc2dd0c678c324b0d49bb8715b08e1b5702402fec9daf16f6cee0a5b6e2
PJI,1615,2028,32046834,2020,1,735046d062d5d0b791e210bb62e89732ebd6dd621a919c9d1b004a9661cf451b
PJI,1616,2029,32046833,2020,1,915c7f37e3362836f9ce90ed4f18ea022c0b5155ab6b0341226c3500eede436d
PJI,1617,2030,32046832,2020,1,1e68a236f33378a401766cd90d0f150f5853c96a56cd1c0f213fb5ba9aaea41a
PJI,1618,2031,32046831,2020,1,6cec37865c4b281e6169da509691877661eda730b4cc212683483858c86bab24
PJI,1619,2032,32046829,2020,1,73ea1974f383c119930314a278e954ffb67557a235eea2067eb1ef51050eb5ef
PJI,1620,2035,32025115,2020,1,5e50cf2a14fbc972752596482b13979127155bf404f488b7aa1221f980210c47
PJI,1621,2036,32017721,2020,1,385f3b9a240748f884d767e96709b9a6ea678355789b76c55304e1ad1bbce82c
PJI,1622,2038,32001983,2020,1,80e4352b37afb30509b37314b22e707e6ba85bd0cb08840c8832e83c542449ba
PJI,1623,2039,31995337,2020,1,87664cfd9bfced0fdc2906319463ca3cfb6806a00cc19a688456de00e21fe89a
PJI,1624,2040,31983566,2020,1,f74baba1db38a04e8b57e55508e7c22b7977ea9116ec9e880f2f15cfc35e150d
PJI,1625,2041,31982919,2020,1,fc3ea0be9c15258c0e05d0f060fcb4129e6ab7f2af7a3d59bcfa7402c4dc8bfb
PJI,1626,2042,31977899,2020,1,ffcb8f3ffbb4e4fc6844de254ad3162bda2f5f6c86d7d07c95cc80deb1903afb
PJI,1627,2043,31969360,2020,1,c7c370d7ddacf06e46236a39ec70498c1ab1873d37b95fe5641f5ff6e773495f
PJI,1628,2044,31966962,2019,1,e2d693066d0601fb91f0a3690fa05b7d84aed6171044c23a1eb4b1286e99186a
PJI,1629,2045,31966956,2019,1,918639d179d063af67b4f6ff3ab2e0dd0f408496ee687e8a013d50f0dcdc1cc4
PJI,1630,2047,31960169,2020,1,8460c6bf3bd60d8b1409676d3e359e280b65c96522e1ffc3aa0c4045b13f671c
PJI,1631,2049,31958890,2020,1,aa4e33256e8f6c6692052780f1f6568209fe0533d1d1c2ca3623e36160b4503e
PJI,1632,2053,31948812,2020,1,8002ab88133f0558e9396dd6753ec1dcaf432fc2c6189d6ba66e5d59598434b5
PJI,1633,2054,31934926,2020,1,1224912c88bc6280a0a847e5d60e12fe67af4a5ad4f91a2f3383624c64fa3329
PJI,1634,2056,31932102,2020,1,c1d2bbcb922175b79186cf2727c4eb7bb75448d3fb2a006ed7ef799f2b913729
PJI,1635,2058,31929911,2019,1,d97d4597910762897e31b6208ec3f8ea6ef22879dadcf7cef9669a789c8a94ad
PJI,1636,2059,31924518,2020,1,a984ac7989fd8e1af1b9fcfdaee730674914fafb06bec8d11f7cd1d4c95cb0e5
PJI,1637,2060,31911095,2020,1,7905b2aa162a3b6d4b7bee7760f134d6d109277cbd730045eb432d05cf25d531
PJI,1638,2062,31902617,2020,1,dd07b8794dc4410f286a472d77f5ba23439a1d96cfd860f8d722831196135fb5
PJI,1639,2063,31900576,2020,1,15d46bb4288e194c7bd54f763f5b5c42a559ae591fb97d7f2845a210d259e41f
PJI,1640,2064,31900512,2020,1,0d0e091bb470f72bf43507273ca64b4fe0e5e9990b60a7fca2b079a2421871f1
PJI,1641,2065,31899740,2020,1,1c8cc55aa680e4a16c3238251f490c5327196400fe398d4be0a4d693095656c9
PJI,1642,2066,31899088,2020,1,63fead2e7b6dcb65ae2288fe8f6782066964d53a2bc9bc719af876dd9ed293ab
PJI,1643,2067,31888226,2019,1,cfaf02dc3540de964e01ad99dcfd6e336f6282620f9ddaaf1fd606a2ba07bd4d
PJI,1644,2068,31886393,2019,1,bd93a7337be49590552f21d8ff2971e83b2aca1001799ee441bb14170bcf3283
PJI,1645,2069,31881851,2019,1,6d3be5492c5ebeca40e8c8f00a73d86b3fff8f766c457f6216c5b3562d7141ea
PJI,1646,2072,31879158,2020,1,26e70999d05fff8433c316c8d5ffc8b6d48b38194e90deac09041136f58d7faa
PJI,1647,2073,31878949,2019,1,0c49ca03a6e28b1e60fa183bb630db206890ad138c0cab08535d0af6233b7be3
PJI,1648,2074,31877337,2020,1,a1ca85cfae7f00529aef3760fb01c5d864c8532f61155235996a6125c721a596
PJI,1649,2075,31870581,2020,1,75f54bcf0139f2444f7b8d34ec98d63036be440275519a59e36578474f02bfba
PJI,1650,2076,31868953,2020,1,67eedcf4eef4f09b94a3bbabda16dfb282c48d9e7463d98c0993ec6c216fe7e1
PJI,1651,2077,31865446,2020,1,f39b35a346e5fad09a2a0775896e84b84d72d4eb74b7895256b1023ca69dab0e
PJI,1652,2079,31855870,2020,1,653b0c2aed7e44fffcfca56b22e8bddf73424d19997fdc1eb6f9f40f94b9f497
PJI,1653,2080,31855128,2020,1,a7189a4007930f9b4cc9d48496e304f2b70c3ace7095da63a40b7573924846f3
PJI,1654,2081,31848104,2020,1,c47376088ff2ceba3e8e7d4cba5f16357158c1c89d98f6a688faf5f029eb4d93
PJI,1655,2082,31848077,2020,1,24c0bb80f949212cc0e1cf6003dff0ac98a3ea28bf31a63761b2cab48871a46e
PJI,1656,2083,31832172,2019,1,163950b5e8956a37acd17c719489e921c6b8532fa6c32f2ab561d023706e10a2
PJI,1657,2084,31830947,2019,1,9a4f2ea5427f435d017cf3083f84fad99dac11dcd6a97b6ee44cf8cda901fa08
PJI,1658,2086,31821283,2019,1,140fa4900734c6b57532eeb2e0de395fc2596580b3a3bd8e283a7b37267d2de3
PJI,1659,2087,31820093,2020,1,6d211745bff20c18cd2eef22ca4353a134a90a36feb3a1df190f3339e3788879
PJI,1660,2088,31815653,2019,1,79cf1352db2d196a6f1f31744699a546d13ce1fda224e748bc8041060831b621
PJI,1661,2089,31813812,2020,1,8c7af184bdeb8919272ff40b86e554c5d4d6e9d8849275eabedc11592166294e
PJI,1662,2090,31806507,2020,1,26ce85c52e7ed4e9f15353e083fb7f4fe24248cc31529b3146bf01da820fdd6c
PJI,1663,2091,31805018,2019,1,e95d63824e33d3fc7df88d56c682d2d032fdcb369cf94149e0dc56544680b774
PJI,1664,2092,31801510,2019,1,eff96a5897011a7b56411453f7a0400b1a10a1f2271a4b4e63e2eb87cba63942
PJI,1665,2093,35240761,2019,1,d07fdc4de4b59b5515600e4869992246bdb0612fcd8186d46d1ddd3405c2087d
PJI,1666,2094,31797030,2020,1,458818e1e8ff281fd33fa018cff884054a04168b32b10148f547e5ad575abaca
PJI,1667,2095,31785964,2020,1,dfc8f62fbcec88a065eeffe9b60a819673e82bac3617e5d456026b39feb733ce
PJI,1668,2097,31783874,2019,1,c48f16ce5f45eb2a58f6fbdc9609fe7d6d89057c89c8dfc9260cd3d906d9b234
PJI,1669,2098,31766882,2021,1,1274335e3e3fb0be3ff8aa902f4ed975f9dfb4c85d05d396e21af8b6596438aa
PJI,1670,2099,31759801,2020,1,f838a465e504a2b01eee62abb98667a6c07c4455d97895380412865b6e2d89a2
PJI,1671,2102,31750083,2019,1,75ec90c15e44ddf3cbccc5681576b28fdf8401cc4925335c37000e99da5f9079
PJI,1672,2103,31746228,2021,1,fd5c7a0acf850f558a61d61ce50cf8d6a0dbd10e0743885724cdd1866b11d836
PJI,1673,2104,31737739,2019,1,487922ccc89e6e9c490f3bfa5ac3c4205d37e47b155b682d4dbdd9f81620e2b3
PJI,1674,2105,31737738,2019,1,a2473ffaefffe7d76ded508f4482b7ef26573fdf87d38025c9948a3cd6ea5bcf
PJI,1675,2106,31735489,2020,1,457ae8a65184de3541cb10fc67641801313d1064dc5d1f282682523b224fc404
PJI,1676,2107,31722855,2020,1,1c4f9f3ef5ee1a24752ee6cf77340bbf2823ec97a325804ec6a68e316703390b
PJI,1677,2108,31711522,2019,1,f4455a54f686fe93258fa3d8fcea757dd7e46f55f5192c4d52d00ac2f6510f27
PJI,1678,2109,31708294,2020,1,49111f2ae22b8d7c0c0a1178c008cd37cb20e87aa38f6126bd0811a80d13b079
PJI,1679,2111,31700771,2019,1,a216a8be0b21d35ee2b4d5b5320716dc856773cc2d7291a289db4252985baa0b
PJI,1680,2113,31679975,2020,1,208f48a95dc0aed4cca93ecc11cdeee927e118326c17e0c2ec1de812cf738104
PJI,1681,2114,31679665,2019,1,33b6fe8214ea00a7f1dd5eaa0720d22139a604cf35b17003e983c06922c5fad4
PJI,1682,2115,31658475,2019,1,efaa3f12c95ef7c24ed3f1d5f85d3fa4f717c2d4f4ccedfd63ad381e84926a3a
PJI,1683,2116,31658206,2020,1,6952f5f49355892d3bf9f9e5ef4cf62d7eeceebd5a627bae91937500def32ee8
PJI,1684,2117,31640899,2020,1,bc0482965adf6da55c8560e6bde7d951ea1a8f8fe1557043dad6dbb0684d1b2b
PJI,1685,2120,31611161,2020,1,7b45f6d11c3666dfc74b53355a154bb1ef383092afde7130e0fc04c71e004cc1
PJI,1686,2121,31609889,2020,1,5910a190237cc3d781bab9b409a12971ce8a0a0baf258840ce25538633ec5202
PJI,1687,2122,31596808,2020,1,5839faf7d4c0c81190b716b5be47f5d45831142b07e0dd2640151c19ee9dc080
PJI,1688,2123,31587184,2019,1,f5d3c5e9015d3ebbc263574a97ed0c35725ba680a9a6c946d79447ea9695c8af
PJI,1689,2124,31578679,2020,1,a3da484f0f2fac8321b7c06e60be249c3ab872e94c6c08a2dd8ecd5f6422f050
PJI,1690,2125,31575448,2020,1,6676506b9a791b3118a81b9530b16942c3ba18d52de9417a71f518269fedd8bb
PJI,1691,2126,31567542,2020,1,cbb90b9ed822316ad8823b31d50e834ef763610bc73f5abe8e819cf993cf1a4a
PJI,1692,2127,31555507,2019,1,f62bec253c294b4d6306305128efaeb86f6d1c9d740af8a8be9606b6857592db
PJI,1693,2129,31555503,2019,1,462b2bf2aa9bf4e90516ad998f83432da4d7a2569b50cc6da644df06f83ee2ac
PJI,1694,2130,31548115,2020,1,35b6ac07299832b8ff1c1218ff52a1b555c4dcc3286fbbb2d33522f6f1a747e8
PJI,1695,2131,35240758,2019,1,c3f352f7084487071520b9925415b32d3094f3cb3d2c548106ea00eb5062a358
PJI,1696,2133,31537996,2019,1,a7de4860fc52f0d736d5c525d63f445b58bd4308428a56846c4d0908b048fbaa
PJI,1697,2134,31537994,2019,1,3fa08b08a5632f9d32735a00ba6259f46d204cb7a84730db48f0a8420bfeaa26
PJI,1698,2135,31533935,2019,1,7c8992d5b9ea919b71d3a9b0bb78ac43d1f3cf284f11f8ff0bf309b1a2567101
PJI,1699,2136,31530462,2020,1,67c093f9ac36f1d9787bfd319962ba6350400e52c5bbf02aae26712b7075ee3f
PJI,1700,2137,31526698,2020,1,96c510953e9940a4c50d515b37335719f9cb9f71d5c304b526b7697f4ae43faf
PJI,1701,2138,31516983,2019,1,3b313fdde07144afb94f58de76d4856edfdf88bdc1bb8894791a54be13ee3647
PJI,1702,2139,31516979,2019,1,ae019b1f4c8ff2115b5d585ad489b6a6cd1596bc7143e5abcfa3204a64c32ce6
PJI,1703,2140,31516972,2019,1,f5c2b72dcd495b277d73c94f534fe92fa2bb263b25797cebfccb1ca917a24190
PJI,1704,2142,31488935,2019,1,32a8e16c0b03f7261378769e1d9c2b9856d7c33efd96336e292dd5708f794c96
PJI,1705,2143,31474144,2019,1,76eb5c2283be97de85d5e70a36b814629b01678149e9237d53f3bd0e0da489a9
PJI,1706,2144,31471183,2020,1,2b3c21ad8e73c59e556ee5afc0db53924218908e47f634ee4529f5a2f32fc944
PJI,1707,2145,31451184,2019,1,25f27af6ecb85169de837c182094400322b6a50560a4a0a808d873f6951d711f
PJI,1708,2146,31447253,2019,1,1d4ca3524d020236d3f16f4bd579b695220f85fb6a34664a5bf539ec5a378f55
PJI,1709,2147,31432205,2019,1,b3b8c1f7224397bc160be522cc1c022a2a9c5d377e13e735f3704a253c8e3528
PJI,1710,2149,31424017,2019,1,5d2890b5d272d675987cda71aceb9c3f7a576047dd2aea53e8315b33df89dda3
PJI,1711,2150,31424013,2019,1,978bc8971d76752f3ebce1e09070b03c99e7772a3e3cdcec36f6f71abf5cab26
PJI,1712,2152,31417928,2019,1,45c6c1d21c5e8679dd5e2790ae55262213138b18095d9a00546b68c36275451d
PJI,1713,2153,31412841,2019,1,339fcf632e450096f95d4117b9e8ff39f92f39901ebc19d49f517651830214cb
PJI,1714,2157,31389725,2019,1,99b7ea01119e51a42a619a957ba3af90ddaf0e47c8968298fd7f3f382bef7384
PJI,1715,2158,31378510,2019,1,e8c87581424a48f4ce9eb582439844c6d67ed40eaa9bd8537920d8937916b930
PJI,1716,2160,35240762,2019,1,4cf9181c7e15b114756c59bf8fa3f2bfefc0e0b41c9db86adb8a6b1df477f9b7
PJI,1717,2161,31363471,2019,1,0eef1625d2d036c3ab1125fefb65479785015027c8ce795e6a45699b1d04b084
PJI,1718,2162,31362542,2019,1,d5210a322ed3dab00ece336fd80a47261d89027a35587a10b78dfdcae85bcbca
PJI,1719,2164,31358018,2019,1,72163a8a5a1abf43b5b6c7a22a3dcf3e86876882857849268a702c849b02ba01
PJI,1720,2165,31351856,2019,1,5f9938eb425ffbfa1175675b0dc38f229dbd497ea97fcb72b28e479927334abc
PJI,1721,2168,31335719,2019,1,e516ca04521e3fdb955ded22adca9a976cc047e005f82ce8f5753d80c6f2738e
PJI,1722,2169,31323104,2019,1,a1edb4a7e4b10e238eefda2b673b0d892dff4b47b090597c3e9e8ac1a79bbf39
PJI,1723,2170,31321457,2020,1,07f58a45777020362b1cd6fa7c13d99bc65cdbe6e8f240ea7d8937a76396d3f2
PJI,1724,2171,31319141,2019,1,96ef4460d3f3abe7d894ff65d52250dafdc9376075c39b7a59351673fae0056f
PJI,1725,2172,31316589,2019,1,1921dcf5dfd45cd80ce2d3d494f85ae7865a6f4e1c1aa0ede025f03fbe74be70
PJI,1726,2175,31300367,2019,1,2f19275849d6e03bf3dcd0b472a60ed625fc2f20ccd6a7b8767c5fc54c10232a
PJI,1727,2176,31300186,2019,1,139d3ef4ce1a13e6d8847e3a8ed0585e1ac152fcb491a593e6975032aa9c1261
PJI,1728,2177,31297577,2020,1,813a628fef5760e52a5beb42a21e2bc209190007fc180b69928450ae2e20d70a
PJI,1729,2178,31292698,2019,1,13442a7a854f9d9f9c45edbd517ba200c0f1015e54df44b6963abb0be408abe2
PJI,1730,2181,31285090,2019,1,15b03b6d299a9b8b49395843c3d0daa1450191b14daccb077d8f94b380dcd1e4
PJI,1731,2183,31279603,2019,1,9e630a4d427f98580c44efda104e59571330f8bff86181f1826eb2947faffd8c
PJI,1732,2184,31268424,2019,1,0f6db91ee1f2b51e2eacbea261d3b2c0ba37685fa2756cef1d4b89d6e5ac08b0
PJI,1733,2185,31266692,2019,1,449a1edcebf1f460a0135415205d809ec3e0cb475b50f3424aab438e9c4f33c5
PJI,1734,2186,31266691,2019,1,f12a06fc489201498f82bf15f7d0c7cc1704bb651fb235b82d608fdc20be614a
PJI,1735,2187,31255409,2019,1,c5dca9b049c4104bc3f436cd6ae380ad5981de29074056203113085013f01f67
PJI,1736,2188,31240360,2020,1,23ddd0742f3d59d440bb1abdd6eb1c3e2667c704626f109c73e1b5284d41a3f0
PJI,1737,2190,31221181,2019,1,29992ae78a7051b6e76e77ceebf9cf67db6972754b813ffe69e6fc02ed857500
PJI,1738,2191,31220022,2019,1,be90432c43306f662615a597a460718ada8966202934f8690dec92047a4921bf
PJI,1739,2192,31210788,2019,1,0c270b92ed45279f4cc8ca53bed67a672ccfdfaabf6e68cf194c456f12d787f8
PJI,1740,2193,31210644,2019,1,7323ad0a74a33845a17cbbe3d197ed3302ae9d439c7c7e20f1541738b3d48f3f
PJI,1741,2195,31192024,2019,1,6045d6e0892148dc50c72efaed73c52e760c4739e9ce95ab84b47f9f4d0dbfa7
PJI,1742,2197,31187256,2019,1,8d860b0d636dad437f5fc4ad32667257ede4c7885c871a5549ce0f7eae671b86
PJI,1743,2198,31186968,2019,1,fc372c3c6cc6ed7b77a25e12236201013cbf21d3c48c7638ab28ad96a8cd7555
PJI,1744,2199,31185124,2019,1,a4307efe4ba87acfb7da7e6f515a359ddfa436d5ea14a5c422ef9186edebd191
PJI,1745,2201,31182410,2019,1,81788d58afe4b0a2c14474332a10d474f0b57f14b62953c4cbca15b1de2f06ab
PJI,1746,2202,31182408,2019,1,68b6ea3341d1c82cec05bb62c025f16e24d7657098b2f155482ced6f28ffe35e
PJI,1747,2203,31178386,2019,1,a936a72dd1c51cd252c505d015bdd6103e427f202d1ca045720db1ca5b07a7ec
PJI,1748,2204,31177970,2019,1,ee739acfeae8c569f6835931560ea06e0197424d6818acea8091ca7d8d487705
PJI,1749,2205,31155460,2019,1,1923704f62f0b0ebd0d6c1f258ef977be8220f711d8c021aef193bb599612e90
PJI,1750,2206,31154838,2019,1,e9b75696deb88392207c22caeaef200bc39d511c23c411775f53277143c8214c
PJI,1751,2207,31146570,2019,1,fcbd059b4db1a4037cadc57e8329d7fb0c77c1f956abb51b4013d9c744a1fbff
PJI,1752,2208,31146553,2019,1,ed97c049ecc48f1d83e5630a4c537669fae48c60c1f07ee8eade03d723166654
PJI,1753,2210,31136438,2019,1,46e50c6ac76cae11400206d4cdaa2a77cc48fabd0436b00996bd27d2056aceb0
PJI,1754,2211,31136437,2019,1,a3005b230b954744503a68a6e36c81b4e33c52403d5c237fddceacaa1f99e2f3
PJI,1755,2212,31135547,2019,1,86cb96459648a735664ce239a2453c5b44aa094e9b80aabd98124395df440ef6
PJI,1756,2213,31122850,2019,1,d3bb831749d74e8e9edae5f23675e4245de67692be0f20e97c2423e977b74c90
PJI,1757,2214,31113411,2019,1,c289e4693330635f35ba11dd71ea2f3c52454bdcb6dd0ae289e1a933d7226960
PJI,1758,2216,31108503,2019,1,067d3cc8c4df92baf3d0c9212369338a3229792894acf5b3a6691c5f424fd46a
PJI,1759,2217,31106353,2019,1,4dd37352280b4888aed9a07022e12ec972bfc7d4c9b2b4191d76d6f24e48b210
PJI,1760,2218,31088508,2019,1,a637dda0fc9270e6050a720cf639c25a4f1281787fca0fcb1dd213cd5c73ef3a
PJI,1761,2219,31070495,2019,1,c39699beb64fd3896d77af36775c58d13ce2a27deb5590b25ad05798d6cd9699
PJI,1762,2220,31069072,2019,1,51a053df03345388572c4b039b3322f1b6c4e2ef524e865b0854e25fdfcd0f8c
PJI,1763,2221,31064725,2019,1,4436089e68fbe2a086102fafe49fd7c0cd91ba90ed54e73000807e5d2bd2f72f
PJI,1764,2222,31060919,2019,1,218ae665ff6fec80f3b16aac08a803fd0f841dc1951064dd7c97c78407018bc9
PJI,1765,2223,31060079,2020,1,16ad0d163ddd22d64b68ad71bb674e391974ad6f525433df534b8c0dc189335f
PJI,1766,2226,31047841,2019,1,6a5829cc55873cfbc1b823f68d33958f9c81e983a8c21af508d8c5a917d3b514
PJI,1767,2227,31039037,2019,1,72d926e70db354e3ce852606e3e744669498624a7864698918be13d2adcd57ba
PJI,1768,2228,31038999,2019,1,03e315dd2535a92baa0bc6ba038462ddd572331b05ebbbc88862a55ee33cd9f2
PJI,1769,2229,31038988,2019,1,182e91e38f53e2b5bb8c6c868ca27957cb3282b617e6b669975dba33a064abe6
PJI,1770,2231,31020031,2019,1,ead3178846acd173eb93eaa30ce4828082272341323ba403a6578bc47d4d8072
PJI,1771,2233,31017566,2019,1,e94202e5f55f69cfc87637e2490599b996a33e3af919c475b900ec340d346664
PJI,1772,2234,31011514,2019,1,ad9b0528049fa5fa1fec33e50bc3303e3c5ae995c75f1d84a9c5aa14117acd8b
PJI,1773,2235,31011513,2019,1,15c5ab171d9d7436af973c45b1eb6088fde126dc07f38e5003d78f154dfe8b61
PJI,1774,2236,31011511,2019,1,9f4124646f0335e3264211cfd5d565566b24cb5e095169263480a87f5e82ff0d
PJI,1775,2237,31011508,2019,1,7e5011e40a2b696f32ba92c03fb9875a5b74c9cb8a0e80a35dcd0c1e357e6118
PJI,1776,2239,31005559,2019,1,91b27780ca4496f31ecda270316fdae6acf0c80ea39479a93e286e58ee4646b3
PJI,1777,2241,31000405,2019,1,c58058ce66d97f10c25ed3fee5340d14521af6f592245613753f938000bdbd47
PJI,1778,2242,30998585,2019,1,d1f87b236b8a179497ae44ee41d20a566dd67f707d4e6919c5caf8231168a246
PJI,1779,2243,30994592,2019,1,6fe82acf3578f210407185fcb46b595c3bd3d1073851f10bc00caefb8c19779e
PJI,1780,2244,30994587,2019,1,0d5f0f9347846bc5a460c9bff6175e02738265883cc668766525c1ead1ffa675
PJI,1781,2245,30977885,2019,1,c976ce4efd52ac72c187b60c1324cab3da3a71885534effeeb1782829911b572
PJI,1782,2246,30977879,2019,1,06ff0d637692d96bc6f5bb3b060e75c787269ed55cba7a28bd63715e9678547d
PJI,1783,2249,30977872,2019,1,96cb86e468c3d03ebb706e6399c1825e7942a9ecdc6ca6ec3aced7899a0da562
PJI,1784,2251,30975479,2019,1,752a8428b593568cc2ba700e4ec077549d92ef38ddb154c00d5ead26773b0b40
PJI,1785,2252,30968239,2019,1,7091b116c87c385a861166369ecc65935aa3b6755ad9d50b9952950717e29a58
PJI,1786,2253,30963071,2019,1,92ca11efb192664030a6f76e6067d84821119c1a6db3f3cf3ad44cea7065b7aa
PJI,1787,2254,30959544,2020,1,9f4fd648fccfa3566cc75f68b3b9be4dbee1e185170584334228a1b999d02962
PJI,1788,2256,30952552,2019,1,24c4e878c3c2cce3a6d8bac3b29819624968b4afad623aa8582c4456ae196976
PJI,1789,2259,30946196,2019,1,ccf030fdb1a679dba985a5f1c8b658183f9a4076be311901cf1d8955716ab022
PJI,1790,2260,30946195,2019,1,4d97335247da0b346c898c953e12adc849c3d42fd8cb35ade2c6a0cda1a9440d
PJI,1791,2261,30946192,2019,1,f2f7f644d6dbb3e04173396df850d4b69339896638664da5bf32fc4de86d10ab
PJI,1792,2262,30938200,2019,1,0001941034e711d696c2e5f8cb46e27f2e037dfb2f35f3bf56f07c9cadfa800a
PJI,1793,2264,30936951,2019,1,48b92f4c8e2b382f6906fce2f8c684e7d433421432be5a9da649e8849ae6bd21
PJI,1794,2265,30930157,2019,1,c7945d9a2cc71ce47c7c1ecb0f2360c00bf942c012bf9701788b4e4c56c7251e
PJI,1795,2266,30930152,2019,1,de7a617bb46b186bcf5eda50824ebc37b26e41109aeece6fcf7f16da9b27548d
PJI,1796,2267,30929495,2019,1,cf398bd40a1681c5d7b034aff32cf4ad4efeb981a689937d86e612c353bb94b9
PJI,1797,2269,30922806,2019,1,a40cfa18a6d474929a8c38fff4af090b9abd6f1859fe78f50b818fe578c79c6b
PJI,1798,2272,30906119,2019,1,e679dea287012efe70d117e7f64caedc019dd17e2c8c07d473a38fbb9fe0ec81
PJI,1799,2273,30905640,2019,1,7477a6d31380cea9fb02a3384ce156ece4eb47dd92da72bd40d52dbf6d52c522
PJI,1800,2274,30905639,2019,1,c41e03bb064279ac331badf290c1ff00a46ebf7539b64e2f1018c56c89ad3492
PJI,1801,2276,30893266,2019,1,c52734eaf71b91ba52e93e1f9f7b3bed7b43b5d23a818f47717ad2d982580c9a
PJI,1802,2277,30887067,2019,1,2eb86875e4710d964cdf83e6442e007b3ae36dbd0eff5bda230de9b6dc8487a2
PJI,1803,2279,30879874,2019,1,fc9413c929b615076c5f6d0a99faa8e8ae5ed10ecf09282084ca21cec509af7e
PJI,1804,2281,30872035,2019,1,e0c56e23c51a34a928254a4cc50d37ff290a7fe298356efd39d9ba94a459c19b
PJI,1805,2282,30866970,2019,1,24b846650ae9afdd6a08a88b3aa7721412ebe6dba905451a9462b09e5dcabbd5
PJI,1806,2283,30857953,2019,1,7d2bf393af40f662ea863c954286df1efd8c9744888fdf8bfad464dc3be4a8e1
PJI,1807,2286,30837099,2019,1,9f6fa99bbf2ff905fa7f96f2b082ec92feffd2380dfee01e1a7af0764cca24b3
PJI,1808,2287,30832636,2019,1,b02c2fa7c166e17308f3a9d93e91149b6c42f1f3087e4efe574f280c875975c3
PJI,1809,2288,30826164,2019,1,07f7081a1cc4664f9ad58d3a812d849153cc7f8adcfebf7cc9d624b22c9640df
PJI,1810,2289,30824295,2019,1,c554e081972db5871d2f87902b58114b5259cc663e74c8c688339b91849fd28d
PJI,1811,2290,30811358,2019,1,f37bff08539fa469202feedd076856401cd2c19d0dbbdc510d999b6b10fec8f5
PJI,1812,2291,30794242,2018,1,03729810532d5811b6202c81534654db0d39d2ce5b705785b94406208f76a3f2
PJI,1813,2293,30794239,2018,1,dbaf9a92353fe063eca92a861abc8838bbe5e205b60cfd07c613ccf89f3f62d0
PJI,1814,2294,30794230,2019,1,51d9e61be7684b9c7b8dfd0ce171d05ac7c8b56a96e79795e931f65c982c5a50
PJI,1815,2295,30794227,2019,1,e08cb7ba95b0b633a01a7844e17101effc6f9a89c44d5213b66cc6a1944d881b
PJI,1816,2296,30794225,2019,1,c00cc0f917400013f54696eba454145831a041fac66fc2f249816df2b3494c5c
PJI,1817,2297,30778724,2019,1,57fb7c277d1d8a14065845146ebd8b9198eee8feeb6df1c1ec932f4da9513820
PJI,1818,2299,30769135,2019,1,1a783324515fd226a0ddc3cd29321c8b36e3d5aefa4614f477dc7a08eb1379b8
PJI,1819,2300,30740938,2019,1,1fa6b080b2498b49ee17026d47ee2d374acc11741f1d9ba5cf16784156891086
PJI,1820,2301,30736777,2019,1,d28cba5cde2225aa43e0aeca3dd3e805a80064a378379d455012d9adca71f47e
PJI,1821,2302,30735807,2019,1,17507a9e274b5a16b7e737b08394a23115b8a1eaea89b6647aedf5e5e54d6bd3
PJI,1822,2303,30730484,2019,1,e75ad3445ba801f5f9c626520ad748c5bd7c478ccfbb0d3d4f3f85f2ee540e2d
PJI,1823,2304,30730483,2019,1,b8ad2fd4f32ae8589437b897ec361f86c2e3367a411808802c7dc6a3a6fe210d
PJI,1824,2306,30713059,2019,1,fceceac4b94710946677d27be81cf8d08525c5da9ef4bc9b1778ae5caf20860f
PJI,1825,2307,30712069,2019,1,788be95f5668fa19b2601d3e3a7e0271af4879fc5c6f00cb1107949133989665
PJI,1826,2308,30704448,2019,1,d511ee49f951b6a7805e44a6ae050fd9d3fcbb1fff4db0290a5a5151dd54db6f
PJI,1827,2309,30702418,2019,1,daa56e06601ab6bbf6eebadf4761e84b472698a8877ac7a19d89510adb7f9fca
PJI,1828,2310,30700114,2019,1,10b52cc37cd2856015bfec6133456bfb6d3787e4a7b744a80794f68125bcf0d8
PJI,1829,2311,30691920,2019,1,7bf5c404381f42f0a992cd27782b822884390bac955235c6e39d86a112843412
PJI,1830,2312,30669912,2019,1,6566495692efba7e9f3d008fc9c7c18cebccd26c8ba0e334abf1986e5b9bd049
PJI,1831,2313,30665833,2019,1,67110484b655f2d95e762ca97f4938574cb9be399b98f9acb48cd9d8275bdb7d
PJI,1832,2314,30662818,2018,1,1c0811024bf13f3ca1677b6653178bba9afd159f1600dfb31c1175337de50a67
PJI,1833,2315,30659319,2019,1,8e2fd46dabe2e7b6df073d9d234e09302d742bdb52fb198690aeaae7ede0aeda
PJI,1834,2317,30656472,2019,1,3de20e1e0c9160958740dbb6300c5f18f6e7a18155435a1357a52947ada3dfe6
PJI,1835,2318,30652221,2019,1,22a7da892dea3df6b0fe2aa3a9b80783c709111c37d2fc61e2e354718a478af8
PJI,1836,2321,30637303,2018,1,12075f6be27db5714ee9b0264c7519219868027f5d83bf6c9c77019666fe2c0e
PJI,1837,2322,30601418,2019,1,06a9b07a9f8c99887d48f7dd4093505e7e3e62657227a0433c294c01ed0c411f
PJI,1838,2323,30601412,2019,1,8aaf8d1f7cf0e735a07c8d8202a4dba2f7d0f95f2d03f119239f75c04968ed51
PJI,1839,2324,30600122,2019,1,a32fdfabdf2c373e7f2d527ec0d356716c28cb93f809f04bdbff4e90a7f88233
PJI,1840,2326,30594575,2019,1,13aaa183952867e8229c9105e87a0ac29f1dab1a478394c840285b9ca253b1fe
PJI,1841,2328,30566107,2019,1,b1fea9caba58685f610be265ebf2738e0c8da49e8d9e1e4eac726b004cdd317d
PJI,1842,2329,30560174,2018,1,51c1664163806e7f959e4bd722ffe06e6c67e606c626cfdbfe59886522fa6ab0
PJI,1843,2330,30552970,2019,1,f19ffa3a149d214f588444b1eec2e40c90d46b55032b71a39d34040e04dc5f2d
PJI,1844,2331,30551780,2019,1,2cb242dfaf2046ee2a210ed955117c287a91736ec390d723fcd1cec4b8f7b232
PJI,1845,2332,30545653,2019,1,c6739e340d5c5dcd3b556cd11001baa4d604acd4e7da93ed57d2bffdda61d615
PJI,1846,2333,30541933,2019,1,97cd837819c5a069acffcb6f3dfe39ac4e0ab578ea6cc7d173fc44d821599409
PJI,1847,2334,30533595,2018,1,08e41860d20f3d85f6fd5d2ff564ef405f971778c29310a4fa8e5dc43fe38887
PJI,1848,2335,30533346,2018,1,dbc46e8ac38485d247002e4b6c7bc558abe1a216cf99e44371099f1c28e869d6
PJI,1849,2336,30527896,2019,1,d408458ca8bbe54630589ad55fa0edee98b6c072bb83c63eb750f59d92311bfa
PJI,1850,2340,30505410,2018,1,3fdc4205a385eb5003906e0870975a75c0df0e3f8d7266917367cf2fa22b55d8
PJI,1851,2341,30471785,2019,1,fd3f418db9afa1e2f763cdbec8c151d19154054a3425f017e56ddc13552e318b
PJI,1852,2342,30443674,2019,1,e39ee13a65d8da07e4031cb3ab110d9e43c1c79ee810039cdb9561a8f208c2b4
PJI,1853,2343,30430376,2019,1,0585aa5a369390cef25ea1218848cb03629ee865bbdcc282552b85980c866aa1
PJI,1854,2344,30416943,2018,1,f15403a6987dd3698debb660f92db085864b476da293dc79ae915521963f68f7
PJI,1855,2345,30415463,2019,1,db2ba74e33deb646a6598766e7231e3441a09898e5974e32f774aa882587bb1e
PJI,1856,2346,30414610,2018,1,7d50c89242f84cc1d6e762fd9b023d531c7ee90f50169abdffd643fd705d7426
PJI,1857,2347,30406131,2018,1,0f358ff53e66b36b5be2026f1f30f55debb61738da769afb2bc5a555e8a0074b
PJI,1858,2348,30401558,2019,1,c52af8a50bdf76d37d6152402fef151c37a6211ce824cac69d0f99b66d89d00f
PJI,1859,2349,30396205,2019,1,33a1235f375d03e0884a4b88372baf1ad2572e9254782d158ff610109bc3bcf1
PJI,1860,2350,30383527,2018,1,d4898ce4d4f5e9b149dacde45dfaef5258a7feaa91f67d25e7917c0e25ffeec3
PJI,1861,2351,30374639,2019,1,d0527e24c40f7ee4112c7e3315583b459e7c63f7ca590d890e2214cda2358a1a
PJI,1862,2352,30364023,2018,1,b6ed3fece586da82704713497c1c5976e29d8ccd5782860bf9eaab149e2a76a1
PJI,1863,2353,30350019,2019,1,67344f756962aeb36618a099b5b76518873d0b0f1155071926a5919262ceab84
PJI,1864,2354,30348572,2019,1,8ae792de8207ae4f67ae7ee0924bedc790149fa16a36d5053882cc885e3494fc
PJI,1865,2355,30348566,2019,1,ef42a7682c411419b8772dee33bdb256471eb4558360b9bcc97a69c0bb0fe994
PJI,1866,2356,30348563,2019,1,aa117298b6fa4df5aa3820dc627ba9011a36b69f16f743e7f3a1b3de4ff1f981
PJI,1867,2357,30348557,2019,1,befdd7c56ab7a320d698c5f423240fe33752cbd2794af6d3e4ed5eac3ec3f67f
PJI,1868,2358,30348553,2019,1,85f502553bdf87d323632508fe9d6636ea4353c2b70bc4c134daed8f451c30b5
PJI,1869,2359,30348550,2019,1,4731c1cc5603f3cb3f9a94e32bb8cd623276235fc2bd919c596ff57173b77965
PJI,1870,2360,30343965,2019,1,cc7ce4482a522082995a9f0d8d67fd4d589177d27d09bab090f0072b17dad40e
PJI,1871,2362,30312529,2019,1,72772e2eb39d3b29adfeb1633d7b365ea4bf34236bdb6336b2d47d3623ba99c8
PJI,1872,2363,30293858,2019,1,3afc6d5e6ae2f6fd92abcea5da32becf295cce97455b964882d527aab7ccb9f5
PJI,1873,2364,30281077,2019,1,d261d37617f7ff9fa230b10fa228da46e2825a1bb185c261a849a06c8eaba22e
PJI,1874,2365,30276449,2019,1,f8cf15d844d2cebf1aa176b751b731a59eb00d987e088a4550c1e69cf472b881
PJI,1875,2366,30268355,2019,1,958e441a7b49723f0f281574d9226db95f0a4e0341608d14d7b2f968a69d4b05
PJI,1876,2367,30266444,2019,1,01a57788662e99f3ff1f9d3c93d17139e668191164c0c28e4ebb9ea2dcbff522
PJI,1877,2368,30266398,2019,1,68c6e2ec46428b3e041e01a47a840ac6397773c52ef6bdb511da3f2034a3b537
PJI,1878,2369,30258571,2018,1,e096fd8f4b661253df17c2944cc3d355aa048c111199ab19ef1365c8272cffa2
PJI,1879,2370,30258325,2018,1,6f76091f9f6467f22274fcdc7f6da6bf6ed45a016c3c73fd7818c12af00b2a2d
PJI,1880,2371,30237670,2018,1,6a1f439e4e9049e993227f7eae4559d212f857faf8239553c8451d6cabbf6047
PJI,1881,2372,30236495,2018,1,92b6d64e524e9af7df310c14c1e3480480a7e8b80b1939e09a86cefa97f6b050
PJI,1882,2374,30233819,2018,1,5550a12b6223ca48e2ff36540225723c54f17cfc6f624c13da40578591a64b02
PJI,1883,2375,30232525,2019,1,c1fd1c33be41cb597692bf2d20fbb75745017f4ef8798300d57115832e7f83fa
PJI,1884,2376,30229341,2018,1,c8702f22cc45e34ea86fd4dd6421bec612e97c5ba3d4489f50ef867087e0a7d9
PJI,1885,2377,30224100,2018,1,77626936b4443c9f2e234b2b7849ba753d46a4373bff54eb1ff001b200cce755
PJI,1886,2382,30192830,2018,1,4cba8b2d17ac6cadcbd6b09405612537eb1999472e3988b6a009f4ebd8e5f185
PJI,1887,2383,30187096,2019,1,0f81176dd4362ce89de287bdd657b8f3a0035b1a3ec35f83401a0ed454e78b46
PJI,1888,2385,30182141,2018,1,01626dcba95bc0b7140c603a410910ad331366ab976ace02371f0c985e5e9622
PJI,1889,2386,30181007,2019,1,c05fe90f5b8e6a51d55ed80ac4e68b19ab46ce1a07fb4497cb942a711e1f09e5
PJI,1890,2387,30180056,2018,1,29e31c3276f13708c8ea0fd5cca0e8378cf7d29c1a745dfd1e48ee54265711ea
PJI,1891,2388,30179927,2018,1,bd96e1b830c5f9710ec8408e79bd18031811a3749e93ab3cc288a45f1ed8e1b9
PJI,1892,2389,30168769,2018,1,e28449019275a98c5cde551d76d5eaa09b2c576f4659ce8816be803614b69874
PJI,1893,2390,30165763,2018,1,2e942c7f408fb066eb3eaf816ad44fe0d2cbf27a840eaba74e977024464fb8e5
PJI,1894,2391,30159324,2018,1,b361ded90b4542903c45bec74a6be094c9c69440686f1ac1bf096b49376eea95
PJI,1895,2392,30157882,2018,1,5530e658a1eb6f66cc47448b1a93dcf58e707a78de52f0124ce7f2a7e00b06bd
PJI,1896,2393,30152610,2018,1,02eda14c6b02ca0b86cfda92554aac4b2bde0b8f63b0f7632f7cdda83d57df33
PJI,1897,2394,30150154,2018,1,33c9784bfbee449e0c5fe5a73a263f489677d16e3c59a44cfa8d4ac5e62fe783
PJI,1898,2397,30112681,2019,1,67a8346f6b0f47f0fb94b7b162e0b4c8d60431585f58368ed88651e1010f1909
PJI,1899,2399,30104101,2018,1,bd3b727eb6bf8c401ac5f5c4b3af549a1f633b63ef1004e9a7bfe9253ce401f8
PJI,1900,2400,30100137,2018,1,b387f85bea98367f0f6f0fb828240af1745f4e1470581b7d4187f8940e983e65
PJI,1901,2401,30100135,2018,1,58f6662a4e9a32a311e4fc90a334ab0de7fce2080893a61b7ab9ec85c4ab96b7
PJI,1902,2402,30100134,2018,1,58655e44437f1cd398598798c3f38765ce1744b0f6c5d0f7cf9d40f469216aff
PJI,1903,2403,30093606,2018,1,fb402b5daef3e0c347af15940c9f85babade6e5b925328daa6fe2644cc70bd39
PJI,1904,2404,30072185,2018,1,bb15abd07d3896d0bd925ff6c88b3b15008294f6b6191c630e9fd61b8a754a6e
PJI,1905,2405,30056097,2018,1,24d0f377a71cabea90689c27bd9e64ae526f5d6a0aa787d16a491ec7f1ce7ed9
PJI,1906,2406,30054812,2018,1,7fbd42c4512b370e0814cef5b11ed5299cdc4c611aa2db667d8bc95b6eb86508
PJI,1907,2408,30045830,2018,1,4b4b9ac5ae9715244c052c26102ffbe46097732b4e27f54c60e10fe62df847d2
PJI,1908,2409,30035117,2018,1,b10cfdba9218a9f08f7833c0cebb31a95052a9b745427e13990bcae6572e9dd9
PJI,1909,2411,30022230,2019,1,48bf6955806f39c72140d6a7cabfcecd3f286e845a36a675dd21b69a22bd40e6
PJI,1910,2412,30020150,2018,1,f24394369e21ed361474b53236255f12979ef41bc8c19dbe0288696715c0ad7f
PJI,1911,2413,30013896,2018,1,fce9bb6679f66fec6cd323ae884ddb88d9e01f60aeb89fec2881689d68b2df73
PJI,1912,2414,30013892,2018,1,237c47ff808aa9164b61513eb8d2217e70c7840173e6a71c531c0a19a54ea99a
PJI,1913,2416,30010488,2018,1,d850345bd7a2fdfd0b28efe046eb0fcc98b3e6c75ef36880c833597ebec8fada
PJI,1914,2417,30009171,2018,1,f6494c4cbd9517b08ffd786285130cd22b6c5916425cb25514521cef8a2dd611
PJI,1915,2418,30006109,2018,1,2e812ca4169c357e6796de6c28099d7191c5bfbb94db559d6e13c9da9995cca7
PJI,1916,2419,29991149,2018,1,39a35f97848be0cdae7d4d2330213bb2410b4a5435c723551019305edc95f361
PJI,1917,2421,29972076,2018,1,19b3b08b2795b8983212075cff61345060fb6b6a16afd7c7cd64cb30dcf6789c
PJI,1918,2422,29969950,2018,1,e563971aa1c2eb015e1946636db58c5e87be7ceed19f5f920f69ff60b8514b9b
PJI,1919,2427,29942159,2018,1,caf6153334ee8a67d3394c47f39805e64c5de1210f14a6278367030f00e00db4
PJI,1920,2429,29927991,2018,1,66a26fdf353b41fa416c1d06de2fdcd002e9997f1f3fdf83f28b574cb1af2326
PJI,1921,2430,29922852,2018,1,6adb0439126c4d7f3e06fcd2794da4186ad6ebbaf5460a78ae31f4c2721a1c8b
PJI,1922,2432,29916927,2018,1,521c5b5af00dc64db20d0dd8f071c98b5ac2c4495362e108a87dde2b46a129f2
PJI,1923,2433,29916191,2019,1,38d1b7539c281656f35801243599eac9e3ba3835c47aa7b1b10fdbf81b3fc96f
PJI,1924,2435,29907913,2019,1,8dcc1a40f8133df5741663f3b75e264b08d608496ac9376323dcca0d9b14bd6c
PJI,1925,2437,29891399,2018,1,4037f0d57a4939ba62f3388d497c9768518ad6cc26bf0a5f042345aa3d3ba79d
PJI,1926,2438,29887359,2018,1,c7e2763e73d2f93bb2615daf4d38b341c981971ea7d22dcffe47cddb6f8ccfc6
PJI,1927,2439,29885971,2018,1,5d89682adeb23e7bd4599949cd573dd6e2e9b1f99ca3a05476f2a3451fae5a5f
PJI,1928,2440,29881219,2018,1,3b14863120f071fb82f0e686e77a8540b1d5526520ec39e9115e8599b2d67a52
PJI,1929,2441,29881161,2018,1,89736be876938c6a98ac3d7f38cb29ed69b1639956fda9153e93bd0152c3060b
PJI,1930,2442,29870449,2018,1,281e447cf1c3f9773f74f7bd3fed794ca450b220173eab89bbbce15e545c204f
PJI,1931,2444,29868943,2018,1,f17c3913e789436822c0fc218e3d16ac2bc5a2a622239cdaa508e5998b13aa4d
PJI,1932,2445,29866503,2018,1,c60e5e9afab0845899dd73e52bbb760f6e669130c08d051eda65bd94990e79a4
PJI,1933,2446,29855250,2018,1,74170237e05b92683014988b2f4813e28633a9317f53b3cefa1bc09ee07ca871
PJI,1934,2447,29855245,2018,1,f4aba0943141d2c15eb656bfc5710d15020e679dfd9bf395f3deeacb8698954c
PJI,1935,2448,29853307,2018,1,ae73766e9e94c55ca9c7587b2c4739068c614b6666f2a136d0fc4c2fee41ffc3
PJI,1936,2451,29807787,2018,1,b7009ec5d85348d9c2c2a9deddc078bd3370efda5d4e51a7d1c7a3a088941196
PJI,1937,2452,29803842,2019,1,06f277a7022b551cab9799ab210cd9342073a1ae1449a5a1ef02b209e2beea14
PJI,1938,2454,29778657,2018,1,470adf5db116dea2063a04b87bbe7230ec6214f139c905cba064f97354d37907
PJI,1939,2455,29746950,2018,1,177d49932e54a710fa92cafbdb826e909c16b9bc46ac799be61f253785e4fc82
PJI,1940,2456,29715553,2019,1,b4795a1ceff2f99037f2bf618be0c56e437a75b8176a431e1207956dd8c23b71
PJI,1941,2457,29715226,2018,1,d608b5cb8e62d0af21cfb1817a3e2fc8c7d8471386d4099ce43325ec7621076f
PJI,1942,2458,29715222,2018,1,f6be317d369023938aa0336bbd5e3e6237252c2990faf1f6eb85538eb4472729
PJI,1943,2459,29706257,2018,1,13efda18fc3702aceed3bc81dd2875d8539ac4bd1484afae2b82009f4409a4be
PJI,1944,2460,29695923,2018,1,90dd52b746a8af85da6f3aefa74d8dcbed6ce6aca84b3da0ce199386a33846ff
PJI,1945,2461,29691181,2018,1,b88c8ddaf430067134dfb18d2b35ec591d985493ca0754b7d22d6984cfe4de15
PJI,1946,2464,29643202,2018,1,1ba3e019a60f608eb18f0d16d3c21d29f7cc584ca78798fdea4f29368587cc9d
PJI,1947,2465,29637295,2018,1,348e6339b897741527430c78adcdd06bef613846c53fc87f5b294f4d03f81fa0
PJI,1948,2466,29636249,2018,1,dda95e702ea9f1f8720094bca7c29bc367975ca618e79ddeef304656610179ce
PJI,1949,2467,29636248,2018,1,8703a6a2a0e85d82a86247fd2b3a667f3a070a51e0f2960e6a46da8cd16f0d93
PJI,1950,2468,29631860,2018,1,367779a6c766cebeb8232b4804f126baa95f9d2ccf056381a1d2515ac12547d2
PJI,1951,2470,29628696,2018,1,bab226d6ccf0a340a6bf63cb120511c1b6a0a4edc8c6f315de9a1c6a3a9775d6
PJI,1952,2471,29627258,2018,1,e2f96ee97bc79bcc01c6d2ee306d6da83ea0d7a4d532c8213eaef2d1832d75db
PJI,1953,2473,29619553,2018,1,39a35769d211739e685c247e5ab2ef7a5e691af9b7d7de2ddf9152c19f0978cd
PJI,1954,2474,29610010,2018,1,c371a525e586d73678cfa6af3cf4fdbdb0b55180eedbce1ffd2bdc86202da810
PJI,1955,2475,29610009,2018,1,f205fa41c215d52b74df549f94614ef69e361e953a910fb155a1a1a291ae5cbe
PJI,1956,2476,29605153,2018,1,aa05c9fa9c43278366f8fbde49594dc6678185249f6f5a0881d4cc610137b36e
PJI,1957,2477,29573912,2018,1,f87f338bb676ecefbbdae987405734adb9100999017d89420c380a474adb266b
PJI,1958,2478,29572037,2018,1,45b442690c58998a4b79e69d94ebfacee7d7b16b3baf8f7621d9191b0490fc67
PJI,1959,2479,29572036,2018,1,dab69d473b2e18880f273c39a1b7982df3ed08ed512a92acacbf0f47a00cf033
PJI,1960,2480,29560398,2018,1,9101f1726755c0b8e299ee9d9c3ae7af497b95c09d444d01a7951ae4277a1d4e
PJI,1961,2481,29560397,2018,1,7fe0905182973d8fc400eb3de92a692c2505de9475b2e50bb8fffd1a23ad047e
PJI,1962,2483,29555498,2018,1,a71ef0481df3a904458d4396d6f95516f0f6e7e192f2bff781768cae49f38afc
PJI,1963,2484,29551303,2018,1,7bb3ed1b76ba926233bd96697033c11dc5e117259248f18f33ff742c552f181f
PJI,1964,2485,29549387,2018,1,2d3670a37b065a7f3079ba0ab364185cf5357e4fe5d5408a4b3aec4894f06758
PJI,1965,2486,29545994,2018,1,05be4b5ba89734503901869d4bce5b66072bb26a1770311f6b92f7588bcaa9ae
PJI,1966,2487,29544969,2018,1,54db939e464a4dd5c125e17a18d2f34a537534e1fb671a9d640e9970adf2b49c
PJI,1967,2488,29540099,2018,1,929480739e64e9ab7b2c1f4c78258ab9836912d6e2d432b532fb33c9aa5e014f
PJI,1968,2490,29532449,2018,1,4823795c666fdaf6460d05b5646f7fd28d5310ebf0a27f6aa0fff9a8fd21ec16
PJI,1969,2491,29530521,2018,1,15512e1ab21498daa870cacbde03c5770a990bffeb01fc7e9db8d5ceb565ba1f
PJI,1970,2492,29529700,2018,1,7eb96e0bc7e226f7c4fad1fbf35aba731b0e9215ccc6cb104d394f98731abbcb
PJI,1971,2493,29529667,2018,1,5806aa63217f3892a2e2f44dc6d25691deabee547ba6c0f4b68de7f3f02197d0
PJI,1972,2494,29526331,2018,1,751037d2527b513d09229ab50b028491475a9bf38e1f96701d2067faecd41d8e
PJI,1973,2495,29508664,2018,1,7f2a1bd158c8ae24fc6e8d410dbe52f6dc90c6d826c6405616325d1b11b1e4c5
PJI,1974,2496,29503100,2018,1,3f18cfb54a476fe90e88ea8ed317bf519f7f480734e97dac63ba72757ed6b6b3
PJI,1975,2497,29503078,2018,1,28bd80b56e012d3f96ffd005d17df01c69bd9fd9f9d708e7d55ff8f4ade40508
PJI,1976,2498,29502963,2018,1,af3030947e00c62b77920b7e58032d7f26694c37a66cbedbbcbc0cc7250c0200
PJI,1977,2500,29472140,2018,1,ae0a7892ad8a08bb6899debf3cc46f5d15bd04d846fd57c7b943f030fe9ba6d3
PJI,1978,2501,29470235,2018,1,43ffbbba6ba24cd4a20716867f02ea48fd72ab191e0ec04f0ab4e4077fb5ac40
PJI,1979,2502,29455937,2018,1,6e629e4e6f8ff97957856c29a2a8563cba73c1655ceab0a81d14d61ce2e03bee
PJI,1980,2503,29452973,2018,1,00d45e72f2588e6f402ffa0d34c7893d6095e51a70a3bd88a9db0633f578c506
PJI,1981,2504,29451943,2018,1,42096be95af5a23e9f627ebab9d7531ca837a1e603ecde32753dff63afdfd012
PJI,1982,2505,29444666,2018,1,dde808fc08efa47d8d9f8d0dcbd36235645ac2a4f09514b3d5aea2de0aa4a17c
PJI,1983,2506,29435622,2018,1,aa9241f18f4a743091a1b4819d31c03b385a35106f7a361d56142aac9d16128e
PJI,1984,2507,29432263,2018,1,f31df1e9d607614a30100371998ebdccca3770e43626cbce5530c02589d23385
PJI,1985,2508,29430604,2018,1,cb113b5d6bb0782418c076c2827cc6c91fe406c80392aca3215dbd3db01376cc
PJI,1986,2510,29397413,2018,1,e0935be7c70dfb8aaba5870e4b1365931f6ff35cbd7c632bbea63a54b55eb77c
PJI,1987,2511,29395719,2018,1,6310b248ccc8525701246f30b24298d3e5b628055fc8e6ca382283295636b371
PJI,1988,2512,29389759,2018,1,9bd6e3baf376b4ef4e4368d595185c63ee6f712fac17eafa4e2c0a5cf1034abb
PJI,1989,2513,29389758,2018,1,4bd66c88d3fb6edcbf488aa7aca9b5f88fc11b1b723a07f0a0a2e29f153b9999
PJI,1990,2514,29383856,2018,1,79bb5ebc6ed4d63390a4e4f59150bb71666086defad53e58a2c4e42e03e96c60
PJI,1991,2515,29382603,2018,1,cb2d361be72458db1721572d7e13068bd8ec9ca26502eb2c1c6f710be093a473
PJI,1992,2516,29368238,2018,1,c17c3e11c0b3cf41aff11c751740c8f8ec400c97170cdd0638032e0deec36226
PJI,1993,2517,29366392,2018,1,1817bbc7dbc2f776782589b500074c1693bd365819bfb7ea0b66df1fb539cf4e
PJI,1994,2518,29363518,2018,1,54b4f93278302dbe8cf8499a09f62e7950b8fcb733e600d2d736d9e2ca8f89be
PJI,1995,2519,29352690,2018,1,c9806aa62b3d42eaf13c73d934120d1afdc5bbebe5ac26c107640650c5244325
PJI,1996,2520,29352435,2018,1,ec33c0a600950ec7c659c28fdc77af6d89408ad0fd69dd08b4d589a599fc0e76
PJI,1997,2521,29344701,2018,1,175d4fb27b1fe9a42c48741883d41f83636b5ecca1e69672d13e1322c631050c
PJI,1998,2522,29342496,2018,1,21304012b4abcaee4354f19fb6a54ab5c02b5de58040355f01031ba23f5b115d
PJI,1999,2523,29342065,2018,1,eeda93d3013054d99f96e6e944b1d7da1e5940a875be46554a46a6704c27c366
PJI,2000,2524,29340736,2019,1,735491c150cb0372e6c658e160991c32ba20714eea80a972519357a55c8c888c
PJI,2001,2526,29310922,2018,1,fecc4a0ce15464635f61cb617df2fe15d5a3649909dc0516269b0b61029acac6
PJI,2002,2527,29310919,2018,1,d15aa20d6f8cd7b9e961d8db2299ea173be4b10f99d80dbdeb0133dcd60debda
PJI,2003,2528,29305426,2018,1,778e4e92a6a5e9f528cd387a50e8fa3c6141433b3aeab7b95f1ea296e0f08980
PJI,2004,2529,29305046,2018,1,5089820717d1a169ca5789f5d212f14c31b3e5b9ada059f0341f001455ed9367
PJI,2005,2530,29298259,2018,1,7df8525afe367f54788ceb74ad15d8686a494fbab36858acd40d0cbc1dcfda7b
PJI,2006,2531,29292333,2018,1,6fcbcada4770e9e1e70e8384782a2daf00f1f1198510392e6a2b395b3881f249
PJI,2007,2532,29288184,2017,1,02e81f21250eff0954830e385d5cc78ee82702a436136a25ab0833a3450e1c30
PJI,2008,2534,29286460,2017,1,b1e1dc41c09f8277b9191725da3f875f488de56c23d39bf5594382cabe47165e
PJI,2009,2535,29277515,2018,1,25214d43a7f310f2147765fe733932404c1ab8c693240d1ff8f2889202a65f79
PJI,2010,2536,29275114,2018,1,9593e155f617d4ba2e5d6b4299f37b17ba8914deb8ca45c7a177640690aacb69
PJI,2011,2537,29273290,2018,1,f482c350f99da5bdc2009b4faf18674902dfb6a34e8e84e644f8e9314f8f0423
PJI,2012,2540,29249326,2018,1,1260f1df777e542ff055fe78e71a44969fc03eed723efd778dae961d3cb041bd
PJI,2013,2541,29243060,2018,1,0647c69b8dc26fd4e01967607ec34c51457f5f57485923e48070bc2ac689cfe4
PJI,2014,2543,29224989,2018,1,cefa5e1cc16131f74d82b9cfbc04201f96447201a31d94cff708b82db09772e0
PJI,2015,2544,29218685,2018,1,99b056309e816989eeff50390aa7fde6ec39313caf16cb2e758b19b7c1ef569f
PJI,2016,2546,29201302,2017,1,a0e4788d0845c65f7e138c47a25935ca3c3e2d6ff91050d68c87c399ddd790e7
PJI,2017,2547,29191466,2018,1,9e0227c5376707c90ea5413dc3c5f5e2d0c55c6b9606874e1247d51da9bc40d5
PJI,2018,2549,29188677,2017,1,d51c1926912a9af2d15aa4a4da6c4a9b28d3f173296aa443c094fb326ef7554d
PJI,2019,2550,29188172,2017,1,05279cfacc2e4dee2b8e8d98a949fa0608f7f7c99685da90cead496f985d7ce2
PJI,2020,2552,29178982,2018,1,a8982fe2c21e553ccd6b457faf54235eddf309f70db5e23ffa61c51d28556b24
PJI,2021,2554,29174408,2018,1,b2678de730e70be2302133ce87b808963cf74ff33f743d599700f133877356a4
PJI,2022,2556,29147744,2018,1,21e1de64f17b1473e6e9e274e741d2a99a071c3ba5562f5e40e75d8c68815d0b
PJI,2023,2558,29137901,2018,1,c4356029c0a3dc9ddab333e7e09e5fe87aab0a3c25fb75fe99c644b2c8b78248
PJI,2024,2559,29132347,2017,1,626055a75ab7c97609e6790f1427f19a92da6596fa370f862d1772f58b9d03b6
PJI,2025,2560,29129618,2018,1,49ec7b2ab809597611f96968ba906d69c14ccacce6ea845395567a471a1f648d
PJI,2026,2561,29119076,2017,1,cd0ec2e34b23e29ee28c3079cdd4b19db86d77e30ab6043cb2d4395f7f529ade
PJI,2027,2563,29107499,2018,1,f2558817e0050fb336ef954ef929745be5648a157dd20c8b8f7306cded3daca4
PJI,2028,2564,29103776,2018,1,f8048844fd6fa5d3ba3ec40c40f51b9795feab84651d3126732ed10d3078b335
PJI,2029,2565,29103074,2018,1,a141c02cf132e9668b937cf39d3c588203c108cf4f9408a49cede53a6a5c5a0b
PJI,2030,2566,29097373,2018,1,a0e34c408cf2fd42f592443d36b0557b9c1f8dc8d40ca62ee9fbdba4df3e6694
PJI,2031,2567,29092988,2017,1,948470cdc95740a5fbdd4955a572620fc30c6d76528b958a3d41a7d64b4989e0
PJI,2032,2568,29092987,2017,1,e59cf239939ae6e88b8c5277998f6d4f509f7f302a38748e00011253ac01279e
PJI,2033,2569,29083362,2017,1,6477fa83830bed64e894f715ebb726dea91d2e9a7f9447de8c82015e7002211c
PJI,2034,2570,29075808,2018,1,3ae3a6d7988357a241c61e1076acb568c420e994f7b5c52c83b4dcfb468e63c0
PJI,2035,2571,29067626,2017,1,e089711548d2d9d33a002fe8c09424065e3b6e0b32390ac5d39cbcb7a6b8b5ac
PJI,2036,2572,29048688,2018,1,f182ccf8b285de3db1db40165adfc4690af132dbf9326f7b713076f13a66fa5b
PJI,2037,2573,29037535,2018,1,2d7aea6b0bc17bc19650e6eab7c4305470dda83a3ff5145166d96c98576a233c
PJI,2038,2574,29033158,2018,1,b4de3fb6ad13607c8e63a6a3e014257d661974ebe359de9dababd97638d16be8
PJI,2039,2575,29032478,2018,1,72017af3424008b8307d2d710a35660bd2b3e3db86b06504568dfa4adc44def1
PJI,2040,2576,29020266,2018,1,8139fc9183a9bbf9e4961d6fd6928778367f4aa04a307b4e7698ab5551204406
PJI,2041,2577,28988303,2018,1,96512644928b38c3accf333d83899dcdbd20ddee2d6b5f950fff8ef60dfbb6f2
PJI,2042,2578,28983214,2017,1,1299b030235e3bd2aea624da537fc3a230ba4d389a42c754ec1307fb2603c375
PJI,2043,2579,28958659,2018,1,7c976213caf2dfdf024c9c19edb589b4354d0a3f548021307b570297b1f867a4
PJI,2044,2580,28932957,2018,1,973a8fe79022177cb2c6a6759d05d697170012697d92c63e13966837c390a519
PJI,2045,2581,28915961,2017,1,2e88aba15bf2314dcc6c863036d00175e48d71ae7810a08fdd4092939cb7eb61
PJI,2046,2582,28913404,2017,1,6fd283b89ee0852bce8040b852669206a02a9506d508bd9c0d509347e6aa2879
PJI,2047,2583,28876459,2018,1,fc48a962d706bb185f3081228eef172327da0c8233a7140dccdb17e68b6f97d6
PJI,2048,2584,28874245,2017,1,3ea9bd6460806ae0359b6e925a3dff207dea82a40ff74098092a830445a066eb
PJI,2049,2585,28872523,2017,1,044db45e1fd874b442cb19f761479a1348c972906353534eb3d575af1cd4766c
PJI,2050,2587,28865425,2017,1,19a97a134b8a87ffded4a4ae43b9384281e8403daad55390011cccace36a6efa
PJI,2051,2588,28860397,2017,1,bc9a4c7451efe119710e022674296ff837980d571005c69de697363228903ab4
PJI,2052,2590,28844629,2018,1,8a36d4ae54b82e0474982cd3c69465d76da0a2fd15823590169cbc2fd25002d7
PJI,2053,2591,28823593,2017,1,bb3713cda17659d808798291e8324cfa277f8f352590fa1ed623cff8370feca1
PJI,2054,2592,28811108,2017,1,6337632bb76dd24983894a99b8feaccb018b37b92eb78879265c0f8b7a071b05
PJI,2055,2593,28797875,2017,1,aef80ddc783b45ba2861391d25dce3c87904b013ec080af1495931555718863b
PJI,2056,2594,28791884,2018,1,f0f7f6996aec9f6320fb1fda76b725ad7601307362dafe1f96ff8bd1bb20bdc7
PJI,2057,2595,28790468,2017,1,ff6b139a810e1593f94039c58058c130e7458c71707e51e006f042bc098f0425
PJI,2058,2596,28773989,2016,1,58ff5c69ddd18e1094fe568c479aaa6d24d3581663a16f0c95468525f003c056
PJI,2059,2597,32793759,2017,1,9e5c827f008ed71f87a51eadac6b20fc4b38811628e2d2668b78c7e7953261fe
PJI,2060,2601,28731488,2017,1,104dbd807ecedcb76c4a6a8db51c7acfc2380d21891cd928dcf61fb958bc3cc4
PJI,2061,2604,28714050,2018,1,878db0083ce99f739e40b9a61148204d466c85de446fc110d6785ea51f30d35e
PJI,2062,2605,28712799,2017,1,cc5f5b09a9359f5d0b2d939e864a23d09f1bad1241ced8ad2bb08f51a46234e9
PJI,2063,2606,28698316,2017,1,3c6c2e7c5678da2aac6eca97441779ef314c14506cd3f91aaa0acfba9b993513
PJI,2064,2607,28690039,2017,1,7a590ca995a70d9680d2895b4012cb479bb1404b322e756b9278a4a6740ef9c6
PJI,2065,2608,28668678,2018,1,1651658cf9655cdb431e62a6ad0bf79072da7c75f84a6c4ec48dcb240acd57af
PJI,2066,2611,28652437,2017,1,5bda586b3ac4a6461607a2e79d48e8d883718d93d69bcf32558cf206a5375733
PJI,2067,2612,28646360,2017,1,63ae3335f1a8b028aa8bfab0532cfb7d3e02656f0b72f0f03928a6d51eb9314c
PJI,2068,2614,28642256,2017,1,f794fb71a9add06079104696b846c47331853fd76a67ec4dcf99559de91fcbf6
PJI,2069,2615,28623686,2017,1,212058ef5d1e0f71f793b4e4951cc434e44df9817a7257dcb29b1e1a4ae78b8e
PJI,2070,2616,28622842,2017,1,5a71a9eaad886fac3d75aa69470dea3396b21c4fb518dafc63b65cd7c151277e
PJI,2071,2618,28606121,2017,1,447a073c9a0fdcfc01d371959f9e4cf8868bbbc469d8d728e5384b3742a486e7
PJI,2072,2619,28585995,2017,1,535007069f0fd4b58b863edb8082e90b819ff2aa25283cb292436deeb953ba0b
PJI,2073,2620,28578840,2017,1,f673aaa48a671015c6709f21462692c4d26ba53dbdd4f41d1effd787abd81954
PJI,2074,2621,28573549,2017,1,01b8073ab38cf54b6782a87dea99e5e458dbdd9b1e526f83f32628209ed93e98
PJI,2075,2622,28566786,2017,1,6f3f5c1e3325e4b97b392e66fbe68f7d400e8168f057f659bb0337fa127bb79c
PJI,2076,2624,28550428,2017,1,1f2aca0799a13bbc61880f2a661e8bb09b4353d6e14aa3efbfb8411a77565968
PJI,2077,2625,28543707,2018,1,6e2f27337f2c85704aac224ba5a0b83e4b6675e25cb5fe0945ff876d79007faa
PJI,2078,2626,28543702,2018,1,bb1282281098ec132eb49d8fda6bc44328fe0a4de1c339f91175b21e53fba115
PJI,2079,2628,28540146,2017,1,a46c2a27f5e37b532c13429564dc00cc13660738cab70e54414f0ab1b3577faa
PJI,2080,2629,28532409,2017,1,30c8f6482a4ea8686ca5528341460cd259786816bfb6b793ae3f1ce759645ebb
PJI,2081,2630,28529867,2017,1,e8f6efbd89fa7b65e362abd65f3f703b6d44bff01b9b99b2deaf3e72639451f6
PJI,2082,2632,28529855,2016,1,ec687488777017497990c18d676410f4fcc152e323fbed08b1a5b5948493456f
PJI,2083,2633,28529849,2016,1,a5e4c04e149d4625a0b7dfdf2d3861231f266d13d2d0709c9eb3dc6d0c120f34
PJI,2084,2634,28529848,2016,1,d3ed11790f3d14ec5895be51640dc840e8b3642fc0f07e6fc51693c39ff2ede0
PJI,2085,2635,28529343,2017,1,bb2a5272637dd71e5edb7b266674cfd4e24b8519af1623687d5e2ca5919e07c8
PJI,2086,2636,28526202,2017,1,1e25a0aee2aae85df0c13e6334c18898cc9e3299852afc5c118945c74e39af79
PJI,2087,2637,28526023,2017,1,65600a9386ae293cd1322f7c4503cfb4302adb451e9e76b0363545d2c20bc6b6
PJI,2088,2638,28516223,2017,1,5bc22483d1c893ac676d01d7c9136936f2273cbdc27a8f412c32a3d9e1c0d3a7
PJI,2089,2639,28506674,2017,1,a20bc12157a7dcb0d83a35912d9eb01e196cf49c6c59a51e9382077eb3b252ec
PJI,2090,2640,28503214,2016,1,4b4aa1b273ad79641bb8a506d63197291c8290edae2ce0904220f5a1329e6588
PJI,2091,2641,28488017,2017,1,696251bedbdfb2b4861a81b3d32e1b306267cf33981ca73d344fc6dd57ecb7c6
PJI,2092,2642,28484579,2016,1,e810959cf4d95e72dcbb20f5dbc2bc326ae7712bdc848bb9fac6f766ab0d5838
PJI,2093,2643,28483211,2017,1,68d679a2c228026bdf40bd6888dbb44e029bed4cd862e9b2dbe290ab1c4e3b8f
PJI,2094,2644,28479056,2017,1,bad940af2c7f9296169d99853c3df4b5e4dc44f85125260c6abc14b95c60d43e
PJI,2095,2645,28478188,2017,1,ebf4594a4ab934bb7b160bb35aef017bfbf089a4497901862f7da4303308fa90
PJI,2096,2646,28473963,2017,1,8e4c1e98caf9581f06ae3199f48380f93ed3e2c8931b1da7f49d984b66fe9e77
PJI,2097,2647,28464821,2017,1,1e038ed181cdefeb29d213b7daabad582e22538c25427e81254dc80e9ec1c422
PJI,2098,2648,28463919,2017,1,3a3df13267d5a7341ef775416e4ceb5790c17f235e96d3f47190a640cee45845
PJI,2099,2650,28456562,2017,1,99f8eda09f10304b52f877d86f284c99d97752996425fdf08f4f073e3cd255e5
PJI,2100,2651,28456558,2017,1,ccba55239463d3f805c3375cc7cbc955c3135e67f602850f85082d4222290229
PJI,2101,2652,28455476,2017,1,fdd4542a9b2d4f77902f202683dff03f17509bdde6d65ded0c13b3a47f334880
PJI,2102,2653,28455475,2017,1,874036d6ba3c1f75114a4220b456bba80b903090c29484bbeb75ffbf230468b3
PJI,2103,2654,28455474,2017,1,40abed2d2d12d8d2a743fe4f85fd7798ba66d84b0df8d7d3a29c203603eef9f8
PJI,2104,2655,28455470,2017,1,66cca7d6695ea81a1956e87c7120b3cea4f2f0d36d8f89e05b3f62c5fb2d8c4c
PJI,2105,2656,28436397,2017,1,ed5a88c7b3d9c2c11f2b25f3dd485a442cb9964108715e6f9300616427c8a5d8
PJI,2106,2657,28436379,2017,1,3c2c76f7b2611c12318dae811fdb9ca2c448c56a55de536d996052729a98c321
PJI,2107,2658,28434697,2017,1,4d2e1030c46e86fa3feeb0873af6ac71c2e28b88d5bb0b50366159b2fd38dcb2
PJI,2108,2659,28434696,2017,1,c77cf65f4540b738ac8087ba5dc3b00fd2529827a5f19e326ed9a9a9787901d0
PJI,2109,2660,28418574,2017,1,0320c87ca120e0de217d10bbb15bbb80f8e5594ff7ddbaedf68594c90bc77cb1
PJI,2110,2662,28403859,2017,1,070e9251b5b83dcd88a3db9245c6e6fc2a641a6ca253a4f8b4e50678becd1a9c
PJI,2111,2663,28389865,2017,1,08d305534f1e752915afd096698188ad1e7939d097cff4f7e3fc5b36a99961ab
PJI,2112,2664,28385345,2017,1,14acb0cec22a2a0e2fd483de8859c1f267c2b8438591264934f48caf723b587c
PJI,2113,2665,28384558,2017,1,3dc762b8bc908fbd04ff415c3f897abf23a575e43de8f5dc7a0d30152130cc93
PJI,2114,2666,28372917,2017,1,cf7a60dd0878f9cd22aa6d2868b79cd3d201048fdf7cd63fda16db0b80e9bfe4
PJI,2115,2667,28372916,2017,1,163c3a92fb81517f74310b8441686e115edad3a7be3ab305084c0749892b4223
PJI,2116,2669,28343870,2017,1,a1ddf8ff1fbbf390f946a3a606016bf88ce4e22ebc36b22f94cd1a5f81fc8e54
PJI,2117,2670,28339315,2017,1,eddc3d9599b3828035a2ff4309c9aaf380f9809a3a7079954abd786ad54f96ec
PJI,2118,2671,28332761,2017,1,96b925458324d64f69c58389824d9cf39e8abd4ec7fc7c6740f02890e7ba7299
PJI,2119,2673,28318862,2017,1,f5eb18a22f920a313561e98226a83649cebe8c3765f7d6c5563c2670bd86d304
PJI,2120,2674,28295126,2017,1,63877ba14908e32993d58a936f7dbb6ebe37237fcfc73d126edad2bc28a833a1
PJI,2121,2676,28287012,2017,1,ff70809e0ead5ad4bbad54eed40bd2f7ed429f8413377ce41c5d4cc8c4821617
PJI,2122,2677,28285036,2017,1,d9d01d4d89367c2016de8ef368deb2607f01abc281772c82be636b512db8bd4e
PJI,2123,2679,28259167,2017,1,bc73f54099457d383a9d74076440f8a02af81cdad8ddc5ce3ef43c8d0e123281
PJI,2124,2680,28249975,2017,1,257f6ffd2dfc42fabf9ced00873d3926ed31729608665d5f5f79b6f3f81d6929
PJI,2125,2681,28236552,2017,1,2f4b606aeefcb65f3ace1358bd59f4a0baf3afeb229ad114e648ce4afbc12f07
PJI,2126,2682,28236084,2017,1,98140c75078f9c11998681e55ff2f2c13219c1f1fabcebfba61966cd02fd1956
PJI,2127,2683,28236080,2017,1,b82b0c6961d4296c79d6068f2937584284f0a6b82723d5c25332f0ab6a4afbcf
PJI,2128,2684,28215967,2017,1,f4bbe218b4fa1f3c9786255b58241ce38b0ab9c11e856eb88efe61f0b86ce302
PJI,2129,2685,30229209,2017,1,d76be8946981ed9f06218c16b3f5ab2927319e1fc7dd6e67b5efea0ee1c6b03a
PJI,2130,2686,28182821,2017,1,c4227a5165f4c21c53407692f51a491decc2d063d4b8214156bdc5c57e5d549a
PJI,2131,2688,28162880,2017,1,d9cffd671cc9e5aded589d2a24f95eedd33738691209195710fdeb1ffc8161ee
PJI,2132,2691,28129484,2017,1,a0a2db0dcdc1f9d650e402395d6ba7647a1ec24e1c9e73aec327f16c26381bb0
PJI,2133,2693,28115247,2017,1,6a10a2f353e2b178257134a7dfeade8220dc96ad7a7eb1d4ab811825b0e31b45
PJI,2134,2695,28091802,2017,1,9eadd55c5a1469b55614522a48e271376927172bc3057746298b59507cb21f1f
PJI,2135,2696,28087166,2017,1,6b1ef2c58cf1057da81d1ba2f81711a81e8ced2e3b91ae2874a4cd66f081336e
PJI,2136,2697,28083755,2017,1,07b2128314efe16edd561dd10d8ed46cf8f00ceb2c3ffc082b2e6ec4ea48ad3a
PJI,2137,2698,28074774,2017,1,84ea7ab6bbb59a0e02d5a3fa5fe1b7573523ad4871fa26366a13d411e2de8e8e
PJI,2138,2699,28065627,2017,1,8a6bc1a4e71864da9755f94c4fee790fc132ad0166f178ef43af5c21b8500b80
PJI,2139,2700,28065625,2017,1,4d0613767f58c1247acf337c31d3e5e4ea5a8724cbb20ae77766dfb47e3541cc
PJI,2140,2701,28054327,2017,1,c76527d2cca1613e722959449174625cf01e8f0ecd1aa3b9a817aa8e23eac5b8
PJI,2141,2702,28053260,2017,1,f8e3070b45670958a3bf192aa6d58d6dca4a4ba5f9b513208d8fc53bddeb70dd
PJI,2142,2703,28053259,2017,1,6f936fcef3fd9843452b40b3685fd3a9aa61bb65a2e74f89bd3335d886f6fb9d
PJI,2143,2704,28050296,2016,1,769eac552c3f8d32112658062b9f89c5b875ddea9439f481e496015f574e282b
PJI,2144,2705,28032700,2016,1,dfcc600d69c81de36bed617f1ce4cef22d14e9fcb234361be7c543055e5e8e0b
PJI,2145,2706,28027814,2017,1,56a56777524087a1c8eefd36f9a38b803e449179f445bcd792b1ebed98d7f075
PJI,2146,2707,28018092,2016,1,ae4eb3efb51f97df6cba4eed42e9c32aaa0d6f639dec0af17fc177eec2309e78
PJI,2147,2708,27993444,2017,1,6ea84b192df6203af0db7a863998b1e841820046a9dd1ffdd3e0fd45a40319f6
PJI,2148,2709,27986623,2017,1,5c4aab17c22b7b57b12154539a649b0bd2fc1e46da2e5b04e716e2242ed45d0b
PJI,2149,2710,27925502,2017,1,04ba9ef0872bc9390150bd390505f0c25991e9312d70633ee37b8826307c6e51
PJI,2150,2711,27911455,2017,1,005b99f3eb9b8155d2fde4435b550bf76fcc37ebe485e5fc6721bcc606218bfa
PJI,2151,2712,27876465,2017,1,8216d0c3bde9288a3e2001a132eb1a4c4f3e6473d389e19d81fe0acbb215ec24
PJI,2152,2713,27838014,2017,1,cd27196a9bf6b0cc0d51215ed2529509153f6c9e0b86a0ada18144a42e41306b
PJI,2153,2714,27833769,2016,1,f9c61ae2ee4ba2624678a28df011b79b21e238438c599026c4538fcdf9b92f9b
PJI,2154,2717,27816369,2017,1,0d1e78f4dd5deef84c2c2555de4323bc0f0f30b1cfb6ff96e16d351cc01e9654
PJI,2155,2718,27807152,2017,1,7ca0b85bf93956de61ca10f7ef4d0694e23a94345a09d1a8b865fcb42bb96eac
PJI,2156,2719,27803221,2016,1,22905b0ff47d2e0b210c95b392ed63f3f86e7706a9bd35a1dc6bea32acdf6f11
PJI,2157,2720,27789094,2017,1,8de19ef2da435886afcea1b793d8629129e3f265b4e0998a18bd9f4ed07a461c
PJI,2158,2722,27546866,2016,1,7c84b4a68eac9ee4899c620ad89ce82839f7739ee6ee7e69e0665333e895cb52
PJI,2159,2723,27769073,2016,1,6208eb7be0015f61b2654e6228481d85675c45dcc20cb3e77ec76d10dec2f22b
PJI,2160,2725,27387172,2016,1,946e709af63e2bc5c5dd88e4ae0cb75f7443129c4769fdeed59efe2c9706d92d
PJI,2161,2727,27215191,2016,1,f9ddaca61951a82b52fa40141ce1a5757de0af88f0cced90ea84d1399acaa7c6
PJI,2162,2728,26332762,2016,1,ccf9a21acb7218660d6ab96c72eede54aba16bcfd478a89d1e98d9034a8981b3
PJI,2163,2729,27734146,2016,1,79aa88e4326a93150d0f89f2c36b1d2c34eeebd10c20e7d35b92b169e5fde211
PJI,2164,2730,27720413,2017,1,9856f3bdf4d54aa53a0d6e0b0e8e64914fdbb676e1a6ad7b37baa538b5d74273
PJI,2165,2732,27689557,2017,1,6a872c716c5ca05bc00f53f6897cd957ac36bf381058efdddc517b80bef6eea6
PJI,2166,2733,27682068,2016,1,ebbecf1421a2611463ab26435058c2ba8a991d6dfc39eb031afbd0dd0980f8df
PJI,2167,2734,27680718,2017,1,797c9935f49798992e675f42e77337218daca4732e5ca2411ff3b675872765d3
PJI,2168,2736,27672013,2017,1,daa844aa12bdbc326f3424da85167d5cd6a2e2c44599d4c28f63d71f30e56e41
PJI,2169,2737,27658856,2016,1,6ccbbf43c91dfd6a2ef012bd2dacaaf47e9b2bb1923657100303845f6980fa6a
PJI,2170,2738,27650276,2017,1,4a37497987472ee49f4dd9d6ba92017e763736f3abf8a61a7aa88fd65e3d92ae
PJI,2171,2739,27646832,2017,1,7db94b2d0bbf47bbe82dea7ded7c1fa94da3bd42b3eec65f2eab9e24b6acfbfe
PJI,2172,2740,27605689,2016,1,e51fea44e7fe015b3605db8e25a4ee2c1320512852fa52285f76f53c34f15414
PJI,2173,2742,27583925,2016,1,7edb9fadc58bdc0429fc8b8cef97998144c2381d6b046ebc756ec622329988f7
PJI,2174,2743,27567914,2016,1,255c67749b9e00b81f1b65ae27ee2bb6fe9aac87336f00129b5396e313660376
PJI,2175,2744,27562787,2016,1,90a6bd1ffdbdb1d7f721f348aa117211c7419c72c7f8f219caee784ef0a0c6c1
PJI,2176,2745,27562546,2016,1,aa52f37428ae580552ae984f06a57695467cc2034d0e8bdf8fa8dbc55b816119
PJI,2177,2746,27549423,2016,1,32688f7883136c1f4a0eaee8feabf180e55d9a9c3d29498353b936c7e0301ae0
PJI,2178,2747,27528869,2016,1,b252d21519a337bfe26f8a4db492d8c1ea5197d478702432de8158a326370d7f
PJI,2179,2748,27514634,2017,1,7ad0a2bac0597f43f810d361f595b45d56859670801b16f02df16bdeb40c1139
PJI,2180,2749,27503696,2017,1,dad22f3debab852ced0f5bc5db6d49c2bd196d71b0db7116a789a31b13e938e6
PJI,2181,2751,27497462,2016,1,9221f4b5d95984aa34a96ed834d590b4ece46dac83cf2a63e7ace4b4e021757c
PJI,2182,2752,27489323,2016,1,ea4c69248d7f050140c6aa3037859bd2e2b43a98bb3e040ce3ff9aa8fc951ab4
PJI,2183,2753,27482018,2016,1,6d2c808fc703f852e2c54184fd60229f5563327454db0809d4f752fd46ca33dc
PJI,2184,2754,27449715,2017,1,6337b1c87e0f2789438b1e38820290767544c0abfeec88a746ef7c4fe5814af0
PJI,2185,2755,27446310,2016,1,0b90130cb0da59a27739b1799f25f1ba7c86f0ae9370c42f7debc49b487ec9c2
PJI,2186,2756,27444849,2016,1,821a437da1e318403e7ecfed9a3c8349f7a908eddcbab6f676dea7fe094029f1
PJI,2187,2759,27436498,2017,1,9b6291056c51ca167f6f6a2d43b8fcb0f2533a810c523cd2c5dbadc49fce3830
PJI,2188,2760,27402604,2016,1,18d491c4ba3907d93cb94940c6bdfc6ca2ea17b61ad509c8ea4a743e9ec4a9be
PJI,2189,2762,27387759,2017,1,0b649bd532caac1c9b4c5a14a684eab8fdaf2c24a0c100e22437be431ff55379
PJI,2190,2764,27366173,2016,1,e5b0a42a009f720474a916f354bd32f1f0a106b9681409d06351db49be4677e8
PJI,2191,2765,27359283,2016,1,9756b2f71dbf237aac8bc9886e1f54d8c0cc466bbf6881aa7c699ea2695e6b24
PJI,2192,2767,27343056,2017,1,fb5dae96f656d93d228f7582dc2f7bffcf9dbbfc274ba9c0c983c545359392e4
PJI,2193,2768,27334323,2016,1,8a23ab3103cd902c1b118dca663d3bc25c6975d06eacfe380cb2618b3e4a960c
PJI,2194,2769,27329580,2016,1,f014802c0912e3883d18d1dfcd40ca07652f71ceb03542cda7f2b9249833bac6
PJI,2195,2770,27249955,2016,1,8c99deef6ba1c5a477495f4461f97faea06140409c3560e47ddc62ee8b316b66
PJI,2196,2771,27226691,2016,1,7a710f4c92da42ac0a8218cab556d907c4b7266b1e8c0d2430471f22bfbc26fd
PJI,2197,2772,27174065,2016,1,480deaa48ce213e4f3ba645db39c16f77b8a33b03b4e17d073a4b15b356f2a9b
PJI,2198,2773,27172366,2016,1,d39920a07e38f21d0ca91f757f3ad2d072361732a500727fe8bc6a90c47e85c2
PJI,2199,2774,27132531,2016,1,4833f79609600523e907bf9afa19ea4239e14d7c2a0a501f41a7b15fa9876efa
PJI,2200,2775,27132530,2016,1,813bf0de9499074b28171e54b9af30f4e9c5195804ba2553a38464c9bd8081cf
PJI,2201,2776,27123818,2016,1,f902b08382437101d2f9221088851a639592d0a935dadf1534f6df0df1591cfe
PJI,2202,2777,27113946,2016,1,b89fe15aec050b91c01c6bdbba34065daef8e36b84b93a269c6dca4fbf4be53d
PJI,2203,2778,27105139,2016,1,f6f2f84155c098a41b202a70e0982182a2c69bce13703cbd4edd34d4496c3bac
PJI,2204,2779,27101774,2016,1,e757014d89c8e24ede6249e73d7cac550217387abd34c3031e3c1105350414cc
PJI,2205,2780,27094243,2016,1,4441a9cea38ae5c99aee155375b6dd7e36ff37f27b752f96f44c41a2c6b9502f
PJI,2206,2781,27094240,2016,1,3bb115b93d3c0e1f2d96d4b899fe5cb80e7cbfb0cc4e0d9fd280f5114b7d9a71
PJI,2207,2782,27093862,2017,1,470a2007bac56697242b363595046f64703e4e0dca5812f89b9e07eefee1bb18
PJI,2208,2783,27062354,2016,1,f1cb74d0b4ba2e025520a82999756de50fd67519dec7fce8232543cda92f50f0
PJI,2209,2784,27053803,2016,1,2252030cbdf4cef3887b90633ba9532351b9aff26e1e2c671f914de9824136c6
PJI,2210,2787,27036925,2016,1,0bcacead8f380f17eb978e3316c6aae018485b1504991ff47a0563c90e70df63
PJI,2211,2789,27019271,2015,1,24b80a3748ade964a0c6d18e30851144cc3122edf065bff5024b4a3e5753e1fc
PJI,2212,2790,27017334,2016,1,8d346304244aa25e6cc91fca28c4a199f35c2731769ce55cd17b834a17dc45ff
PJI,2213,2791,27017206,2016,1,b0edb7d1ef6e6f8d0eab3e483a29cc4e157ccbf9b4b7dab49211ff005ea175d6
PJI,2214,2792,27015812,2016,1,792768903a2ab5bd07d85d9a290be8747c0b5da534bdfc189b20c92be6bdc8ba
PJI,2215,2794,26994651,2016,1,ec736c769fdc5eaca7c3461620a97de474e78ec42f287a7cac97ecf1abb03b2b
PJI,2216,2796,26963072,2017,1,ce236370e5a9f9433804a711db76e326790de208af90a903ef6733c71d6c6e6d
PJI,2217,2797,26951549,2016,1,450ce23819b4bb939764ea622cc0b43cf135bad66ea59660353dcaa5668528a1
PJI,2218,2798,26948131,2016,1,cf2d14ac4e6132c32d75381d0f324f74af91b26e9347a95627cdcda98a0a525c
PJI,2219,2799,26920958,2016,1,ec9e838a0a79526f76d0882aa4f7f0cb58c09623cbbcfeb68acaf1f2725d5adb
PJI,2220,2800,26920956,2016,1,b413f7e0aed563154990b751f52b31fa31be1ea4a7dbdfcfb1fc4eeb9729ab46
PJI,2221,2801,26904527,2015,1,bc61a04661b4132309db1d17c6ac6f1046dd870989aae4a6d08df724944bd138
PJI,2222,2802,26883420,2016,1,c9e5800443f5ee9d98c06c89a9178d98e751a8e5a610f7f80ef4cabb96d7848b
PJI,2223,2803,26874447,2016,1,28eab6a6e24d9471247589ea9b5496fee5a199530c294f9985e149b64fb24560
PJI,2224,2804,26869061,2016,1,8d27bbe365d421d0695c9fc1ee57a3b60b54f98b28a9ee876021771708b33728
PJI,2225,2805,26868114,2016,1,dd24b8a8e952fc11e5eefcd5d8a92de635a1557ba0411ecdc9ca248e9200578f
PJI,2226,2806,26865683,2016,1,eb47922859de0b527806c3937ef88ba8ef7cf5510341ca3f531ba04e9e76f16e
PJI,2227,2808,26830838,2016,1,ead472c875892dc040297325771eff11845fc9709881980f475d5e6e34544222
PJI,2228,2809,26821692,2016,1,1e5e1d32397530cba45c8cbc4065c2030f3ab0176546b3bd01d39f079bf70596
PJI,2229,2810,26796778,2016,1,7c6511b7ba893ada01fe63f6e1cfc05fb5eecd7eaacadafb3247b04fd4c67bde
PJI,2230,2811,28529844,2016,1,4457a4dcc85adb7fa223bc3803be76915482b476a1419305ac936a5fc47d58ac
PJI,2231,2812,26777546,2016,1,c8c3d09c8d262002375024a8266b4d1c4c3b031fe16a6cbfbf8000777ba29b14
PJI,2232,2814,26757939,2016,1,58d3ac3e9d80cf958ce519f08cc344c2e94cae7df2bba9653262ece95ad11ea6
PJI,2233,2815,26733637,2016,1,1beba7441f2a9f3737a26ceb4071bc63e0324581503998e40e1eff0c861cf1aa
PJI,2234,2816,26733067,2016,1,4b71dbfde80b9a64f0d062b402b8d19939daaa26014fa26bf8d5a27aaf896356
PJI,2235,2817,26718779,2016,1,fc95d74686e84c47d55c34885229712684f8d546c24d458ae4f8d9b01abae90f
PJI,2236,2818,26703194,2016,1,7762dd01b0c2f70d2223f9f809e30436cac3e67ff7d13982348521c09406d6c4
PJI,2237,2819,26692244,2016,1,77676e94acedaa4bc838f15374e661217425a4cb332f988c1d0a874d63d3ebcb
PJI,2238,2820,26689583,2016,1,3c9f7310b162401bb582773a73b4f5164107a6258e9d761974d82ea305e74457
PJI,2239,2821,26686498,2016,1,f9222b87e16bb0e71e6910b960744ebb12af6a49a2cb3a628daad2599e1d4234
PJI,2240,2822,26665252,2015,1,6779a1a2416fd72572e70eae5387d31529f378f98e57deb8aa345dffde7ca62c
PJI,2241,2823,26644124,2015,1,d79a61db2441ff7e7f4e4f7454a02426930015c3940c6b3afaa9a9c588715b45
PJI,2242,2824,26631285,2016,1,cd434615377427daa3d2e930f5416571fa32dc834abef0854090184c2828c4a6
PJI,2243,2827,26587060,2015,1,a87add1e0a21baff730b286c52e0aae0646120cca89330e6925f8f95f0c90e9c
PJI,2244,2829,26545577,2016,1,b5d84d33aec744ba08a1897eac5890aca153ec351d5b21c4658d88028b4a1782
PJI,2245,2831,26521130,2016,1,ec75f49d6463441684b659b4c476be9fb310daa82cf273d6d52932e404cc52f7
PJI,2246,2832,26495248,2015,1,c5684317c51a63b7a5d2b0f602fc76603deebb379c223c7b9b3aafcd56cc90b0
PJI,2247,2833,26432673,2016,1,859683f89abbc161a95a804d35549353001e3e3bc7c704e915891ddb4de5e65a
PJI,2248,2835,26421600,2016,1,be24812ef9b9fc37621e45f2fcd3f052bef6b1d555746c90314d7ed3aba283fe
PJI,2249,2836,26414972,2016,1,4b9768c968a744a6f155438a42c415b8b4cdadf5bc91a8c0b5788ffcede3c169
PJI,2250,2837,26414110,2016,1,e4a512bcbe83b6a5aa1fcd0fccf65cfe310a4425d2c5dc63b3c33d77573faa53
PJI,2251,2838,26408993,2016,1,bbfce80d4838446e4700a0c01f4bc8c598a11ab44ad183753e2d4ea88807dbf6
PJI,2252,2840,26395472,2015,1,265738ecd7341a77a34df90908e154c19907da9542945d06b235e29472631677
PJI,2253,2841,26387125,2016,1,52f99e43fff69d44f109cce86f4de36ac43a1e77ae476116f9df79f1f851be34
PJI,2254,2842,26378265,2015,1,c49e6612cd8f40146d0c846cbd1ebf9af773d50e133b15e52864a894e36d8e3b
PJI,2255,2844,26350385,2015,1,e3d68a7add0d59d96fc7007402d34acdc476e5c960dcddae2eba983b73648ad7
PJI,2256,2845,26330591,2015,1,4fc9cc6793d258ca236bedb46a99eb9bfce2c8e29754df2750f4288d083ec085
PJI,2257,2846,26330590,2015,1,ef23acf92bc0056fcbbd448bac709b71c79cc36093b6b5660759f9ba2c170b6f
PJI,2258,2847,26304510,2016,1,5c93b43ec3326df9226d490819b804c5fc11b515bc1cf5ff610209895425aeff
PJI,2259,2848,26280978,2015,1,74bd159c4299a7a340430c0deb7451c7e017e063c5acabbedf91955c2edd8ae3
PJI,2260,2850,26280681,2016,1,05d6ad7bbaf6d4e7467d88ffb32faa4a517dace58ad55d40d2e0b84532ab5223
PJI,2261,2851,26279625,2015,1,9b584c6e22e9a0dbf62f34a2cf7dc3c1b8bceeac799f2d1401f75c7e6b9326e2
PJI,2262,2852,26279499,2015,1,392c3521b402c9840f3c134e2d35057f3dace09f21ba4ac95ffb69dd3de90034
PJI,2263,2853,26253269,2016,1,3fdd2d50bde1fe14a63fa4b63daed6bf5b2102b0215e8c68c1b261dc8f0ba7b3
PJI,2264,2854,26246256,2015,1,07fe020ec3801541abfc2663f3ac05dda454fde1fa893bb26610a18ac026df60
PJI,2265,2855,26241469,2015,1,9c99dd2192aaab35856fcaf06da30061acfd0bf6616b6260f3fa5af6fb5cbd3f
PJI,2266,2856,26224611,2016,1,1393c6773d78a30391947ca73f57ea6afa367efb3e1a5a0234681ee0a915922e
PJI,2267,2857,26183140,2016,1,cd81c2ab733f89fd7e96146d82ee4b80362870b1f12dfcd6c30db8d623fc9cd1
PJI,2268,2858,26178890,2015,1,ed8ff273b0ca2f25441b39998ddedc99442b06815726fc10ddc46065ce459296
PJI,2269,2859,26154882,2015,1,e45337b02a1146f5b875ec0f68d8c3d20ffeb1950e9c080660466f5a00cdd0c1
PJI,2270,2860,26130349,2015,1,66faec1f072fa69f869aa6046c1e016e2c74c77897ca168a920b99e25e502954
PJI,2271,2862,26100256,2016,1,2bdb9dcf57cbd0c521134cd2b3411273fcd821628deb3176c51ae137280d6cc9
PJI,2272,2864,26096072,2015,1,59e0587e69ece3a224c17973237d565d21357c91ee344d297d86dc0b8d4ba53f
PJI,2273,2865,26091228,2015,1,1cc20af95d1fe3eadad3f0be646964876451e605b3a6140f0d687ad2d71d42cf
PJI,2274,2866,26084830,2015,1,b2d27cba80c94382d67aaa6d3a38cb9101a5c82959779038db3a7c8a2801321c
PJI,2275,2867,26064901,2015,1,1690530860b3da0f290b0766b7e5095688413bd917245bae59fea390430deead
PJI,2276,2868,26060606,2015,1,fcbc3bdc3558de6db9401ad19c71c1609266e1283df9d97180a77389280da11f
PJI,2277,2871,26040966,2016,1,fcd2b3b7695ca4bd64e40f8792a1e6bf09ecc900b6d5b7a65efe7c63ee77441d
PJI,2278,2873,26021312,2015,1,fd5797e63715c4f54131fa0e8b40b4b1b92a3d7eff83dc5ac61129957f5f0dc3
PJI,2279,2874,26013149,2015,1,7c1d66c7fa804f238efad8dec9f30eeeafa64f63fd8ee3deed25c23f2a768cb3
PJI,2280,2875,25959106,2015,1,eca1f135dd830b1c2ff7c9bba6056dffa31bbf98c061e25ff4caa5a93e49e00c
PJI,2281,2876,25949746,2015,1,939a2fff472b0fa2b5bdccba91b5b39d62ae9d7e4c9069b8e546dbc7bb976217
PJI,2282,2877,25935234,2015,1,5cb087812ff0a5f9d78b3b1c9c2e17cda7edd9004dd60f18e29b87edd9f5f24b
PJI,2283,2878,25922125,2015,1,b40449c45803d1c686fc3bd69cbed8d93d3ed18be53a9ab63404598f888b5c47
PJI,2284,2881,25865815,2015,1,5eba13380e0ca4f55fe7b2456a8f66a996789c641e1293498fbc374b61d0d559
PJI,2285,2882,25845948,2015,1,e735979e515c8b1d08124a98bebc0a86332f83ffd8e91944ad16493e4eba6122
PJI,2286,2884,25829328,2016,1,852de02b903955b7cfabb9cf77eaf2baaaaa192ae427f92a7b9cda93c653c986
PJI,2287,2885,25820839,2015,1,95dc6a9778a91b46bc7e9ed79525ed7c38de6fb0c8511039054a1c4d3c02e6b7
PJI,2288,2886,25817184,2015,1,5b3a01de564c8b35330312d7e11cdec598b3a02946f3d2a5b2e88a9bf75bf7fe
PJI,2289,2887,25800641,2015,1,a4fe612af2757bc636c6bbd1d9ddd7daf90cb11184a7ed8a6a58d40ddf490960
PJI,2290,2888,25775739,2015,1,4f1eec065aa3f7d23c1e7b6bbda07efb99e8bc03681a7d9028ce66b4a875bd5a
PJI,2291,2889,25769740,2015,1,f4e19bd1412ff41bb7e8824717b9dcc21feb3115468c384b0147892bdff5e50d
PJI,2292,2891,25762781,2015,1,52c40417941e77b1c8dbfd33f164e151a245b2aa45d1824ef234ac70df16c873
PJI,2293,2892,25753311,2015,1,c5f70d6f87020655f4f5d3a009148871570d79e62d35730dc755ce0b29d8b7ce
PJI,2294,2893,25750905,2014,1,f03f01fa7072d54fa73eef112bc81931f45ba3f7550bae8f3198d4e0d4b9b29e
PJI,2295,2895,25729519,2015,1,2e1819237895648a84e9266fe5a373dc5e20f693b2c2ffb3066d286a7115011c
PJI,2296,2896,25728568,2015,1,773b72789d66c6430f7ea95a6d5b8ade55918f9efb6bfe17fc64a7d812cea0f1
PJI,2297,2897,25723705,2015,1,2b21338fa3fbd58d46752217013f624a13facbda67986935ad1dc5ee6b5ac5cf
PJI,2298,2898,25695985,2015,1,28fb5b36c0320c5354bcab98d3144c9fe739db2043cfcea11f774d5780821eec
PJI,2299,2899,25690169,2015,1,ae9b909e90d95d7a97c5a9b839aa52ecbd1c3df1411108dbb5082fc2b59d12ad
PJI,2300,2900,25676891,2015,1,111044ca9aa650dbd8d313dddf05bb372f49d2e042bda6d96eccaadc18bc49fb
PJI,2301,2901,25672257,2015,1,bbbeb6f485c7a0480561759dac4ae7a8d9413cbde59ad2351c7e2bc183b4437d
PJI,2302,2902,25670655,2015,1,78810c1ede068b045421abc84ea9f2e2853a24a3724f6cab046cf8d785e6b767
PJI,2303,2903,25658716,2015,1,d2b47b43889c3af3d48194f52355f46ce4c8a984a65ece3eb214e6a0b6c2e729
PJI,2304,2904,25648058,2015,1,a7834b9498e8817f568e78cfb16bc10fb5eb7664a47f98a133c14e28d21c2638
PJI,2305,2905,25631172,2015,1,8198a312712050d57060d05fa0c9fd39089733ae366364dd920f7d4b635e42bd
PJI,2306,2906,25628278,2015,1,27b7e82e2e20f48a770e3ed2d9275938c8c90232d08793f616864b80a389ea76
PJI,2307,2907,25595360,2015,1,5bdc73e66accc5ba5c24eb6056407d54a50e3ff20aa1afadb1849818491e2637
PJI,2308,2908,25568416,2015,1,6879656ac7a8e6c1bdf2145ab58f2a4ac022dfacc1c1a604401b5fc6ad3876d6
PJI,2309,2909,25568412,2015,1,d83b0ff002ac4364fcdbdc5b7f391ee3e0e6219f97e4219b863a8ce4ec423045
PJI,2310,2910,25568396,2015,1,c72cf3b1afd34f7f181a37cb9f2abe371053b99f8088cbf856f91542c45371d6
PJI,2311,2911,25560958,2015,1,09080022ddbb680465a5d5e14d192983c8787012a0047485b30d885589cb9769
PJI,2312,2913,25499119,2015,1,de5380306a7ba88aeca214bdf7f4e1acadc610ccf2d4d798427657b6109315cf
PJI,2313,2914,25467934,2015,1,0144fefff28e9d3c5f246416ed7d7a149bedb4d26cb97da7d464c71ef7641ca7
PJI,2314,2915,25467789,2015,1,b536225a3b0439494ccca394881826bb8a4bcaeb76068e2e32af195a65addd27
PJI,2315,2917,27536586,2014,1,f7693dad2972084bbbf7e780ec7659844d126b702ed57afe8a6160c6c92574ff
PJI,2316,2918,25428415,2014,1,ecf72ed5f4a95ff71c746c17f2f66439596e22c44945efb6427b5a6913eae600
PJI,2317,2919,25416208,2015,1,d9a5a20c3a750fb1bfefc6a3dd7599308a36ba1f620652949834f8c9d54c7704
PJI,2318,2920,25410511,2014,1,b60e4597c5ff33f4e8b219badc80ac9309a062b1dee12aaa6ae3b0658882ca94
PJI,2319,2923,25381411,2014,1,b82ef5ed2ab8cb94aa3882e7602bae7e1a0eab58cc322aa30d2706721b7c229f
PJI,2320,2926,25328467,2014,1,f67d82dcdc999c17613c5f699dd3c5c620a821202ba455159e67f57c03dd1ef6
PJI,2321,2927,25320195,2014,1,bc464d98eb6235066033548bfa16bef96fbb2697d6b3dbe1420cf8f94f74f282
PJI,2322,2928,25317311,2014,1,9165f1880f205de0aa30cfa8749e41ece30ea9f584f579c61eec6bdd8dfd859c
PJI,2323,2929,25277762,2015,1,a65315686d2b997804c8b3f9b11c5b2eda6a62976a5d6314953ed347d27a79f5
PJI,2324,2931,25271290,2014,1,8c5947a8a2ac0c7aaa14c3f69fcf69e161a79732cf17bf186dfddc64e09f135d
PJI,2325,2932,25261284,2014,1,86625bc0b8b4f3fcc7dd132208bb48671de76b4fd76883b8e5ec86446040fb25
PJI,2326,2934,25232084,2014,1,2c3b8686420822e12639551673f59b0fdfe501b531e6bf47e0bbfb24d39f1023
PJI,2327,2935,25205371,2014,1,30c1ffd1326b399f029db6bf03b464fe9452dafb859995d2353e942a9ffac29f
PJI,2328,2937,25180846,2014,1,ee473d36770cb72c15b4025b1c0714a0858038f85d1b82721ef49c0f5ae167e3
PJI,2329,2938,25171935,2015,1,a915f656552bae56aeca06dc962f6288bedc5fd3d9597dd556bf3fc6b0008d92
PJI,2330,2939,25155137,2014,1,45900afb07e5536e7f583bbca9f4c4a3040c6a45c8ae3f2d95180fdf66a85c02
PJI,2331,2940,25124809,2014,1,cc97f552a0a161ff91bdd3a615719d7dfc78ea0431d6de9495e8dd132f4f4bcc
PJI,2332,2941,25117573,2014,1,885a9ef8f32035706028a66a8c894d41153b1fed48eb727b3a07d6a7ede74381
PJI,2333,2943,25081508,2014,1,a1fa762a021b421c696764cb3c74e8bd4d193f90e3079cc41c36487886a55985
PJI,2334,2944,25077990,2015,1,d03e38108b44bae02f46b82b951676dca2853272f09ec43b71bde8fdc77a60d2
PJI,2335,2945,25070920,2014,1,d067c6aec7288d2c29a37bc8aa41ca79dc0971fe9cda35efa34b8eb135c3a22b
PJI,2336,2946,25068844,2015,1,e9d8090752e261fe398ad017c26911be94a00f2afc6c81f7abde9b469078d6ab
PJI,2337,2947,25044048,2014,1,81583e8f450fea1802b684ea68dc1eceaa088e2c2e87ce6b56ef1d3c9aea2381
PJI,2338,2949,25025886,2014,1,9a8ac11cb9ecd4f4b16eb9d9fce629011137db9ecde7634d4898cee5cbdc8989
PJI,2339,2950,25024028,2015,1,de5407fecfbffc0f3d8b02453ca1865e9c747a4fd1e45edfc90446580b8f0546
PJI,2340,2951,24992055,2014,1,f5f0dd193e6fe141900bd819a72410d1d21dc626b7dc7d9b342139f2004b23a8
PJI,2341,2952,24963476,2014,1,f28a75ee7fcec3028ac5f1761569e8544436477d755e6bf8fb86469aefaf3e8c
PJI,2342,2953,24963358,2014,1,0bc2aa7666034ab5f01697cb29561ab71986e6331f84d1ff628f63ce19da02de
PJI,2343,2954,24943469,2014,1,e832ffddc37c59da362319cc4f3e7daf5fb9b894879d8fdf33236a081eb51e14
PJI,2344,2955,24923669,2015,1,d51573c8d2e165f783741d72e0e8731d5492fc155729507321562c5b07cfd19b
PJI,2345,2956,24891575,2014,1,d948178806376cbecfeb0a4c0f9d417a69818d97e10c39cb49f7cf4b01f17030
PJI,2346,2957,24885168,2014,1,88a91fd724e660a72d2ad4dd29d2374980ef6ee04c1caaf6df8256c7075ad950
PJI,2347,2958,24867449,2015,1,b98d5865bcde55d991cb8ff2bdc9dd550566456ad381e52aa98aa97b02a8322c
PJI,2348,2959,24861245,2014,1,113a69c70e3e1dcccfe9058d76f0be7048cbead5c084fe9876b5189da5cf1d01
PJI,2349,2960,24851790,2014,1,462976c68db827ec96f5301236a152012a3ce8136b7b879891da19478e70619b
PJI,2350,2961,24851788,2014,1,5a008003b10acd269e00c9c0541e0cda4076acab499620324a57b5f97d39502a
PJI,2351,2962,24827968,2014,1,f50ed80285ab253daf9e28068b8ed83b1df57a52c18b52e90a0d44fe632bf762
PJI,2352,2964,24811854,2015,1,12693adb38c04e5f72ca31e8c055cab0c4499ee2cd1cac3b390fc47da1bd1328
PJI,2353,2965,24798194,2014,1,5bd5788e4436c6bcc6284a94ae4c22f551df6fb56a008f38266ffd84f6e775dc
PJI,2354,2966,24741380,2014,1,e4aa03b3772e0e2e70be7bea2987f9f2f3684dbce6fec22e562866929c71037c
PJI,2355,2967,24737149,2014,1,4cee9b098cc0ca0f0e86b0d25088355c8c17399e25365a85c214c4497648d6cd
PJI,2356,2969,24695918,2014,1,9f194aa3dc41766ccd8ba5332fc4e4c3672060cfe6e8b1c08b43f994f989938e
PJI,2357,2970,24692616,2014,1,2e7ec016139ba66f7b17e57d764db6cf2fcd59eece5fc2717bdcb1ac84679845
PJI,2358,2971,24692611,2014,1,cffdd8f85190c679f8ee7826dad618b48bf62477f9f99e3dd38e010418803be6
PJI,2359,2972,24664829,2014,1,90e865e11f44d0b8a6e4137295a85b17267604ddf5ec08cb63d11d64da1d227b
PJI,2360,2973,24658903,2014,1,e12ceee282809ce4690fc7146cfe1413fb7d98e71249da0faee7cb4e5421251f
PJI,2361,2975,24638215,2014,1,26c124274aa51cf32499dbbec837cd6e30d13ad4eff21f1f88eafa1be4e67f8d
PJI,2362,2979,24586496,2014,1,28c98c40d8b118e0437878a64446ee0842af893a66620edc3a676f03415ae770
PJI,2363,2980,24581900,2014,1,dc69acb73135904c44bacafbe2a0ff2ef15f778d24ee6534f5a238aa89349b94
PJI,2364,2981,24566888,2014,1,1d274a4ab0e8f9d7404ce8e1fb70ecd0e117540a1b69d921512733d18649b5ab
PJI,2365,2982,24482620,2014,1,4417e63322332119d9f5d8da669c920402a11c554fd9533529d69080c23d725c
PJI,2366,2984,24474624,2014,1,ee9a927870a472a8a8a9e587aa645f06901c0d8748c8b5022823b522bef0a400
PJI,2367,2985,24461248,2014,1,9ba2a24e9114f615db1270e647bcb9db0caffdc16fcd8e383bfb2dcf92ccfe2d
PJI,2368,2986,24426866,2013,1,f27a0b152a09a77e97b1a78f9c172686e8b621cd4d4afeaf4a87886cad7902be
PJI,2369,2987,24418770,2014,1,16fdd877a67053872f7d0457b93060e1fa05320f803f3c9c7004c3b31832352f
PJI,2370,2988,24399349,2013,1,f8f100ee292a87ca425693b4d77c0b65359fbc6870016125c930138b322ed295
PJI,2371,2990,24352771,2013,1,e3910a38152aa9ab59b23c7a304321e842b2528a6b19161e2db40ee40b6ceb8a
PJI,2372,2991,24257683,2014,1,317b37685d1e475d480e4a3c70e677feb8e73848f97f564df81e9f714ac056ee
PJI,2373,2993,24199997,2014,1,6a2e7d2e89d40e92b4aabc4f99e6d84262700aafa02254eef3c4b61bda42c7ed
PJI,2374,2994,24192225,2013,1,dfce69ab444ea42747801f92101f34cb997022f7ed88b3815ba12718e7d5f8d5
PJI,2375,2995,24187360,2013,1,9f7b80035cd55ae410fa3a141aff055c6d303338caecaf70cbec06da738fbab8
PJI,2376,2996,24187359,2013,1,30b5401cccae9c6957bf007e6d1f033d8959e43b3db7e70cf01c9cb7c9c0b565
PJI,2377,2998,24142302,2014,1,69a4a8821d1867a011e9291ad6b26155b4a61118342fdbabb794b86fd41cf228
PJI,2378,2999,24133317,2013,1,f375de62883e873acdf8dd57fb250a1a560e4434ccfb279713568b7ab8393114
PJI,2379,3000,24064293,2015,1,3a50ee7a079a907e92e504ae27fdf9a404f3fdbe7fd41c4fea94b77feec1a341
PJI,2380,3001,24011668,2013,1,39e11c21ec2551f4ba9e1e55649d64d19e5153395f5850ed2cac93516bf9db67
PJI,2381,3002,24005202,2013,1,fe995dae9574602435858d6e6062cacdc46858c5efb902d321449c31038b00e8
PJI,2382,3004,23990969,2013,1,bdb205037f0c543344eee2c766c88ebe9ac09bc740b67a1d66c224802d67cf0b
PJI,2383,3005,23932758,2014,1,809a0a0eddba9a154ad360a1303bc07b4ced00539d14b1af46f91fcd9c86b50d
PJI,2384,3006,23917317,2013,1,99ffa086213077fbd869779913ccbe1e8ea293c4df8170d9eade838135e35e9b
PJI,2385,3007,23904245,2013,1,5252b518d002fc2760b31021116021a6328b01287f744458f5506890b828e176
PJI,2386,3008,23898353,2013,1,f5e805caf88959e7eef9633e4aa75f9131527dec74193ef6b33d7148ed1aa233
PJI,2387,3010,23893822,2013,1,8f3ca11ac9a6b8de88bf7b4c967a1f54c55b32e899690066250a684c73794e5b
PJI,2388,3011,23890832,2014,1,8afe92ada6ecccc74e382bdb4693688432878da9efef15bd2543c1b4b7c1f7f6
PJI,2389,3012,23874252,2012,1,c9b9d728a44c779aaad244ecd7a1583f61e2fa06f28d6b2f9803550a582e16fa
PJI,2390,3013,23851647,2013,1,61fc5190f64377dbda83d262e97675de4430db6249cc908fa51dc2b564c0b52a
PJI,2391,3015,23775450,2013,1,32a83d8d9326959591a6aa499f3f8b2f8208f47dfd60e38b538ee50e5c9a834e
PJI,2392,3016,23707344,2014,1,d6bebcc55ebc3a4d138e57a2125852dd0afdb1b31ef9dbd3df6d7c01458702ac
PJI,2393,3017,23690154,2013,1,b2f40caab1a369d05fe069e45da1d0f8db6ab2d118e3e61e879f120d5703ceb7
PJI,2394,3018,23683515,2014,1,1677b4770b49a5429f3f028157c91db072b624851dbf386c7265d87197605804
PJI,2395,3019,23658273,2013,1,adcde966665f8d42aabc1a87ced7211b27b03604aba91e46de63e82e8c68e415
PJI,2396,3020,23645338,2014,1,a7032115207c5bf5fbbb4bed520250c5a15d77a89633100f0e717a5ab9f281d6
PJI,2397,3021,23633187,2014,1,cfd37bb266e15364fcc45cf81a74867136ad6bd481b0a6623732b15a60c868b8
PJI,2398,3022,23633184,2013,1,52a168e7759e9edb764b678663c148d5c12db4ea0685d107f722f75c2ebbeae6
PJI,2399,3023,23609811,2013,1,621e92abb645727f0b2e467913afe2cafbe45b5d8e76f51971d8a471e8ff08e7
PJI,2400,3025,23587491,2013,1,89200723e5ec2455d2348198d54564075ce3185202022c5f9b5a93e88e3fbd4a
PJI,2401,3027,23568679,2013,1,c3e0b8bbe57d24ab93b5cef25b228432d2d5f66bb9257d89508355c0eea8650d
PJI,2402,3028,23553300,2013,1,e8ddccef8ff7e8cf37ffce74c0cdb4c9d0c760b09ccb88c43e99fef4b6b4aa3c
PJI,2403,3029,23540539,2013,1,809de43418b858b1dc6dcdb7855e18fc82bee3a8354bbd2729ebbafe12e145b2
PJI,2404,3030,23539710,2013,1,6175815fa44c55f42b35fbb08819d8b8b8a182670911bfcd7a06d51475a93992
PJI,2405,3031,23499404,2013,1,a0245d6e67c328ad41faa009e31c878f9b761b0d27086312e71f5489b652d294
PJI,2406,3032,23480104,2013,1,100b87515c84355e571a3121ce2fa460bf5274765bcd75ff2dbf57f00cb6be13
PJI,2407,3034,23318615,2012,1,21cb4ed952b1b97df32d78105f7edc15c2956db1e4a90b99989ab4a81860c232
PJI,2408,3035,24624484,2013,1,5cc9c58cdefd5787ed21d9a6fa51b5ca5d0c30c4d3c61422831d143d118039b6
PJI,2409,3037,23146367,2012,1,38acafbfe7afed17d4dcf992145f53c7fb70e3cc7bdba97a551682297280cbbb
PJI,2410,3038,23138701,2012,1,c5d90577bf9fe08f735d3783abc3ed61a269f24d3f10c92c9dc5a2f38c971a15
PJI,2411,3039,26662756,2012,1,7b652810921a8153a2ec3c9696d7c6a606290f7cd55bca57a97a563efec9f7db
PJI,2412,3040,23097026,2013,1,f6c263c8a592f55fd5302f9b6705f70ab46be90ef653eab8c681521722981bdd
PJI,2413,3041,23084482,2012,1,d6ac2bc92ad5942bf666ffcc45497a6e787aeb4ee0d5ba0768bcb96cbaa4eee9
PJI,2414,3042,23083433,2012,1,b1fc4d1bed1aa78205ce9b4e18a2c6db15b8a93771cfe9c9a8e919a9d50131a9
PJI,2415,3043,23065873,2012,1,0cbf0dece0b2881960a3a7fa10dd024cbd508ac68b6e4ca3851bdb57fe63f0d6
PJI,2416,3045,22992877,2012,1,13981ff463215f7bc14526b21865e168024f678294536d8b4572c069a5bcd994
PJI,2417,3046,22987265,2012,1,915cfd95903a8af1ad4cf6bf013b6809a06f2ad7d47f75e27c09d106e6454a2d
PJI,2418,3047,22983683,2013,1,230ac86d49d03cc7658c2393967c60e2cdc363a851ad3cd2c6b061fc8b0d635e
PJI,2419,3049,22908174,2012,1,04215be61b83f017062f4107031ab7aa04013e315338d0ec57463fd75e81d35a
PJI,2420,3050,22893669,2012,1,4242b85485e1d8bb39a91d29891533976dc45bdc5091feb8350285d897519f25
PJI,2421,3051,22841381,2012,1,7990e7dd75277f47779490bb81ad884532e870b75aee2bdabe32c06dcee93b62
PJI,2422,3053,22806261,2013,1,d712e0df65e079b436fea43b4775fee6e71b6e7e7b75ba4206dbc8ed27103624
PJI,2423,3054,22733184,2012,1,e0d42ea248f0ed2d11f8b8c890e38e798ea6662095f97867fefe9d8e18178cb9
PJI,2424,3055,22708114,2012,1,4aead251818df14ad60e6c614aa7b90825cb79bf37dd454e256f58ba468c0c8e
PJI,2425,3056,22682043,2013,1,7a0cd1cf1ce369f02370140013b443519cd76ac7db519c8e36880633fc255f1f
PJI,2426,3057,22608689,2012,1,65c8d2ae9fb1b6cc9811ceaa2f8f18464cf5d5ef9ee9329f38ce24dafa62142d
PJI,2427,3058,22560655,2012,1,592fb57dfed7235507036b8260f9e3f1c9dadc17d25e0a093e227216d9a3c10f
PJI,2428,3059,22554729,2012,1,2dbe26dce6880de6b547c03b65df1f0936b47050a8302f6f66ce11f4fe2496a1
PJI,2429,3060,22552769,2012,1,d4a980bb7d2f0a945490b081bd8fccde0765a7f51f12b84425388fb452252a0f
PJI,2430,3061,22543180,2012,1,92b09dd1e6162d072c92503308c61c7618f9998a82e8c61022bf10048809a164
PJI,2431,3062,22538959,2012,1,097c0d85c83797f2642241059a4d00a2153090c671b0bf1bfb36baba606764d9
PJI,2432,3063,22529086,2012,1,c5e9e7cf873a72839b3cc9a8ad34cfc6a5f4e01c62fe4f1bd13f99dabdc70204
PJI,2433,3064,22489892,2012,1,4ab2908ea384d39654280006b6faab3fb3bad2c6f08da175c24e203a91f95014
PJI,2434,3065,22451336,2012,1,379b373b053e608b338890dbe4f348b1bbc9a37817b6726ad9b8eaef6dbfd5e9
PJI,2435,3067,22402229,2012,1,a27e0126324648083be0cbb19766577147cf7329c8c0fb819d92b32caa0fc9a4
PJI,2436,3068,22386605,2012,1,85762c22ca11e1c8b568c3cdcb430298f0399a2c45cefc94dd9afe6229ddf099
PJI,2437,3071,22302655,2012,1,34d9d79ab598996df326086bbca8f3fe33bd593f48165463c3f811b6d6681a09
PJI,2438,3072,22258769,2011,1,4c7b9532cbd9cb74ae7eb598c45b290c7c251e8f344cef846149782a31b1b416
PJI,2439,3073,22233936,2012,1,59ac2b10c8e39610615bbe5ac994115586d75bbc01dcc68b69efbabd4bdca57b
PJI,2440,3074,22159856,2011,1,f26a80e1dd13ce9fe72dc7a5db83d329bf21a647a4f79c08543461717385b7ff
PJI,2441,3075,22135023,2012,1,4552c08e160c5e5db2efdcda3b8508c23acc82dba1d499c7ae2f1104a97dae2b
PJI,2442,3076,22124526,2012,1,f56c28c564bb5fd0c6b3e07e4343cce2e5ad4ff7f3e5751bdf80bfe3d5a9170f
PJI,2443,3077,21866421,2011,1,2cd4898ffa945ac8056d8b7547cdf77799b1c2b3f240022da3db2a5775e624f0
PJI,2444,3079,21851478,2011,1,602efea828e01cd0010e579de726a3ee466f07d2d3dd1d539248f44b48f36baf
PJI,2445,3080,21786056,2012,1,fd03596be5d97aafa76cae88e8b20cf6508df6224a303735d0d15bc75e2e945d
PJI,2446,3081,21751038,2011,1,a8ad587193da44a6007a6575055eeaccd89c0a0a29ee990f076c10a6eb37cf76
PJI,2447,3082,21671078,2011,1,305f24ac2999ea8b50053d7ea8c70c7effae84e8370b540124078b8013d0efa5
PJI,2448,3083,21641762,2011,1,9cd0b422e1142c3d9f6d9efe7fde6a4bfa38bb6682f69512798d08bd637b7055
PJI,2449,3084,21621955,2011,1,7e4ec6dd3cee4462bc339d1509fe58f6e18ce34c037586efdf2cfa6bd23d11ed
PJI,2450,3085,21570803,2011,1,dc929aaf1f8cc20915c234958f7b921a2dc24ae15aadafc30f8da1ed85bff891
PJI,2451,3086,21565806,2011,1,c058996469161b1a3ae697c0f5b0aaf8df07a0f37a12d5d2abc4b2ad4e346b0e
PJI,2452,3087,21543562,2011,1,be7f7b0a863cae809a46cdd516bc9d456a57e4b1a2343ee69a598595dae84365
PJI,2453,3088,21365337,2011,1,c80acf85200d13f41a32019ba80dcc92e63072b5b4b3f52d8e02482df77e176c
PJI,2454,3089,21359591,2011,1,d0e87d2d7913b6ba77110d11d18479029fdaef3f8f90adb6aab5b975793413c5
PJI,2455,3090,21131917,2011,1,faf7222ebc69c7272b31a11e7f0c360e5dae4eb8f6847c02e1bedccc2099ae7f
PJI,2456,3091,20965101,2010,1,9be31bdbbad2e6363fcbdf7b34d356489b18409361e751ee340bf5d0d2e25956
PJI,2457,3093,20839679,2010,1,6f441674fdae5b4d5c9ca399b44f8bca381aad40c8ec0f7e47e8df73a2707068
PJI,2458,3094,20825439,2011,1,79d5b9690a7b918ef77a56cb9cfc24c5509ea64d1b41f82a0af5c1c544afc258
PJI,2459,3097,20669762,2010,1,76b06f2af14954db6b4f969dbd2bc4679c7dba2c8ca5f1307fd2c8f5374af076
PJI,2460,3098,20635512,2010,1,f834fbb527da8f1fb3c5f1306096932eee3795c860d480022e0308972da01e9e
PJI,2461,3099,20570479,2010,1,bd6acf1f5d00f2f6016d68a7766079876c381ecec9cb805f80c54b3ee8054e9f
PJI,2462,3100,20540962,2010,1,f447615305c9924d8978390000eca74abf57756ac94b2623ca18cfbf381a6a28
PJI,2463,3101,20419507,2011,1,cb462c7f81ada26987cbdd50445b9713e2c1c256cbbb9c9b47044ce285e0082d
PJI,2464,3102,20349859,2010,1,eaaa16b2b0d3dbfea014c02133f975bfaa3c386f0af79e56ebe15d84c49b19ba
PJI,2465,3103,20300903,2010,1,d066ccdcfbeb5e7e6a3b242cb559065ba7ee36929c56759107c2be7330a1a943
PJI,2466,3104,20165935,2010,1,16451449555aa62d5d64ac91910d848b8be2a73d695c15677bec81d053108242
PJI,2467,3105,20053693,2010,1,9756fd3c205f20617fec219ad9e0eb0b97a1c5386b1aba422bdd8a11bc9697c9
PJI,2468,3106,19691430,2009,1,b11eb7993a3aeaf7186f9ebcd78dd2d437d0e3e6aba5ec45931ee54d767d0191
PJI,2469,3107,19669386,2010,1,70c7d4c2218df57f554ffd501f88cedc0fccbf39b31aaa10ed8817912dc85a58
PJI,2470,3108,19525087,2009,1,f951d9abc460ad4f3f09d0713474295d9b5fd49c87badfdad4f140b0a8e88663
PJI,2471,3109,19493644,2009,1,bc13b8499ec9de671a1aebf6ac8d610f6bfabda53f1e0aec06aec157bdb87752
PJI,2472,3111,19408061,2009,1,102bdb411f153215e6c2ba1acd7fe5d8480afada67ebb8eed669b5cf7b0d0d83
PJI,2473,3113,19241115,2009,1,b84b65c8b5b8eaa478eabbb92a673794e14e006b37714a0b581b8cbc3cecfefc
PJI,2474,3114,19035425,2008,1,d0f7a3f0bd568a92f15ae415d094b339a7d56f8b6dfd119d3ab6ddc776d865f0
PJI,2475,3115,18937579,2008,1,859e571433a8e6b380d62542d2b30b87cf46c3ff28e234d9444ad37dddd7651c
PJI,2476,3116,18832459,2008,1,36125f991b23a36ebef5a276e6b627d527dfb8ce578209cd7e7c4a7c2c5e90c2
PJI,2477,3117,18789633,2009,1,f15bdce45c179074432a1e15ee0b62647a2617128614b724d3cb6620f478b017
PJI,2478,3118,18781372,2008,1,252c0bd3939becfce86ad6da1869db977a340b57f7b95760a3b5d599f09b4fbc
PJI,2479,3119,18754743,2008,1,9ce407b9a8c23f4c51a7c698bf4543ade1da098d63bc859508adbbac016d317f
PJI,2480,3120,18644107,2008,1,c76cb99736b9090b9ae3879de163ab9ab0f00166295bdf5c4a348b18796ce33f
PJI,2481,3123,18444859,2008,1,590ca1a950ae04a7c280c984e9f4edb13e06bf6cff8a53a2372e0eb82c061140
PJI,2482,3124,18437847,2008,1,4da9daf53633b1bb9ae23d2ba84ea77d5f0d6e6d7719ac99b2808e83dbceacd1
PJI,2483,3125,18421538,2008,1,4860011b81e1971dfc775e3c6e9245f1601dadf2480a79fe56993e2d2dd8d78b
PJI,2484,3126,17918072,2007,0,bd60b854b355fd271a7c506d134e99fe1307add18d0758e685ac7e162d94b15d
PJI,2485,3127,17699815,2007,0,16bd832b8358fb65355925893b2f8ef64fc3fb2be92de5147c43492fc2e143fe
PJI,2486,3130,17418419,2007,0,ac5ccd42df87486b70ed048f904afc21fea0a4298cf0365feed64b0dc822865a
PJI,2487,3132,16983605,2006,0,379e5cad619563aaf8d9cf1b95d1048a6dce61b12373391c41ded9f89df97185
PJI,2488,3133,16856967,2006,0,319e11bca765ca5a3fd4378195ca85c35bce486dea5052dea7dee04516ee60c9
PJI,2489,3135,16466894,2006,0,35efd69aeb08749b221d3a8f61a7901d59b9891e4f3202c2aaa3868825aede10
PJI,2490,3136,16355332,2006,0,867c603fd89673e66e158ecea119d67eea3c258e5721f6b7bd06e73d95220fe4
PJI,2491,3137,16205135,2005,0,03d501bf67a5afed44b5677a8e541ec8bd7f30b05d9565aa361d376939ecc932
PJI,2492,3138,16170403,2005,0,6b7a2d1975cd380708e15924ec2f2ccfb7c28543c5f7e032c749bd51cbb733fa
PJI,2493,3139,15705640,2005,0,bbde789a25f4592a5dddc72d2f0d5f8cc0e2dd33dfcdd218901b974d41dec3ca
PJI,2494,3140,15465503,2004,0,0e6297772539fb415d3e070eaca6eca98d0f37f46638b298e4ac37c705e5cf20
PJI,2495,3141,15461890,2004,0,a4cfaddca405cbc79c4584572455f20fd64a5ae3208e0336001c297d0f1cdb6c
PJI,2496,3145,12966277,2003,0,9e1248f3455005e7cfdcad2054dc5d0e3dcd6d4ac8f646e2c6a5e5180f5a4e75
PJI,2497,3146,12715311,2003,0,83ff6f6e8008616e07f1a35e3dfd1ecf067e4e20f26544d6c4bc0dd257a4bca4
PJI,2498,3148,10810483,2000,0,e3928d45e540b6e3650ecc379d645bd1a912fd524762316566081ca078831b72
ACS,0,0,39989693,2025,0,7ade4a645cc409333eb9919e4a39a052fd0bd13ff71c9d8cbf9eea02363ae610
ACS,1,2,39944730,2024,1,ccc07e82293a8b04ba38b3df86cf519e43eafb96c8a9a43d51c6e28278e7e912
ACS,2,4,39808584,2024,1,c4cc8e28d76e72a243d4237adc43a94a15c7624846321440e741e6bcf77fbd04
ACS,3,5,39797154,2024,1,811c19d78ec877841f429a0aad6207f1d5ff4e3a8c22b748bc5ad93771e8872f
ACS,4,10,39719651,2024,1,12a0ac67b3dea623912baa616096c24f0df55a79419580833f2a39377e126e4f
ACS,5,12,39711887,2024,1,f05db50a7d64ad353e8957982d64faf8a76c335cdfd89e14dc052949da5701e1
ACS,6,13,39708229,2024,1,1d7cf547f7561f203188589f7b7f680696df5bae4783eec43ebc3ca5012398e1
ACS,7,15,39704858,2024,1,4c3d6eb846eceef05a9c8a5334016d4b48496e19650b3bb55e9297c1e42601f6
ACS,8,16,39703728,2025,0,c33145e55ac15f35d7730aea86808c79f9d955ee0cf2b98d85d3adccafe6da88
ACS,9,21,39669045,2024,1,db76d3af82b261b881331a424276e582691309c83edc08bee566942bc488bdbf
ACS,10,22,39669038,2024,1,8e069447a98721b0422d452b74d15cad13d4a5819934541ce6ec1503fe7339ae
ACS,11,23,39668421,2026,0,6acc59bbf64c1a8155e08f73d0faecad77a411abf234432ea6075cbce294dbf5
ACS,12,24,39663302,2025,0,dcf8ec9f102007125a7c713ec4d5e9761ad9fcafdafe8177fbda35e507494ffa
ACS,13,25,39662373,2025,0,013954c126e49264d5cf1622a0aa9ffd342f633339bf674807c82c599fd0070e
ACS,14,27,39653431,2025,0,6d8d6d717fc80ffdfc5e01e3fe14fffd9c1c5e007a31dbf4286432e2c05feacb
ACS,15,28,39649062,2024,1,80ed8bb42d217d6dccb0c475fda441e95da955d7170447010bde47a72421b942
ACS,16,29,39649060,2024,1,02998803b540b264b85b04e39f644c61c502de0c32ec2e2ab3bac06da37407f0
ACS,17,30,39637603,2025,0,7dc215a5b9d417629a99e12540948d599050d9169a3612019abf7584d3dfce1d
ACS,18,33,39618523,2024,1,5d721b3cf255a3862741ec1767ae3f4fa0273b910fc8fe8895bdeda41f78c4f7
ACS,19,34,39587634,2024,1,3a93e90d14ff12cb9183aeaee4b37a38ab616fce0023e193c74b439c0a0dc425
ACS,20,36,39578884,2024,1,eaa7c3d7218030ab7fe8d1680a0eb9f06d72248bfc6906ed42016f3aa5f45423
ACS,21,37,39576135,2025,0,d49df7993e742b1921510ef7b39587a690e201b57e8481b54c587dfe847e82fd
ACS,22,39,39559972,2024,1,27851041aea2cb70b27abdb00c41c1d9905bdbe76630dbd4e9c7de0860c70337
ACS,23,51,39482931,2025,0,06f246dd42036005fbf6413b982313f851944a28222bb5c7f0fa1acf1d456a0e
ACS,24,52,39471760,2024,1,b07382051e529ec1329bd6fe56d0bad0df4ee0e11921db860a82fc1293910be6
ACS,25,54,39434455,2025,0,a2714b91f829d09fad7ce0bc0ee51984a15d23a58ea3cdb825671fcef8c7b7e6
ACS,26,55,39432120,2025,0,494e84f506181458b64da87102ecc699ad571413391a967ae5df171c5c7c3a7d
ACS,27,58,39407848,2024,1,56c954b345752191a0f984d4703d2e84675dde3674f0a9cab015e818ea33d5ba
ACS,28,60,39381279,2024,1,f00a522fc5635250646e827ebc84fab715d4ad9d91ba7f40e58064764579eb71
ACS,29,62,39367457,2024,1,3e904e164251f47ac07f89464adb547c17c10cff619b1f8cd1b64e40f9a388b3
ACS,30,66,39341722,2025,0,4e4cb8540a61eb9108d84b83b8caa3ffedf636ed13d83a9f2e3514ff6401a3a0
ACS,31,68,39320667,2024,1,9e43260abcd4739f4cfa253a084c51dc45c2aa187bbad5de76c47069048f019b
ACS,32,69,39317599,2024,1,0b1ee72f39492d31ccea52087d6994332ae57abc64e376afbaa17d5df3a3fc3a
ACS,33,70,39305834,2024,1,6e62769bfbbbe50a55430553d9c74cbc717bfcc96ed5922d8efaa2111a7bf109
ACS,34,78,39251201,2024,1,b9a825446bccc2d5b3007411301b9ce9472abdebf3aa63e7162c160769261b02
ACS,35,80,39235618,2024,1,dd6620ec35b1399e1b5fc2e9abf79abaee9eb620816578a239b7e06159b0db44
ACS,36,82,39214881,2024,1,c48c9487480268d3974483e03556788461cdc57e3672812854e7a969794722bc
ACS,37,83,39193403,2024,1,25829ea46dd1b5e609d3a56b264187cf9883d8a98f0453f57260d4a1bed4118e
ACS,38,84,39166609,2024,1,19e5a7fd127e9b1da95cde266cb9bf7a7384b780841216f1b92a6640c14b32ee
ACS,39,87,39160890,2024,1,17adb39667eff7b9298ce824664832c9825e2956bdba9106fcb7da15d501eb0f
ACS,40,88,39143675,2024,1,146bf9ecfaea45fbb6556647a1b2d95762b19c5bf1f9326505fa5a668f57f45e
ACS,41,90,39138669,2024,1,dca4b61f4b55b7502a315cfc079271f3e50ab4fffcd897e9400e61558a95e346
ACS,42,94,39077299,2024,1,74092d6dcc6867bb82cb338c64d3b5fd5371a246e2fbd933e0965374df74f478
ACS,43,96,39070876,2024,1,0d2d1b1cdbc57b5ffa79fca2cf292a908b6a0cb7babd9508cf575b23130046ac
ACS,44,99,39028252,2024,1,3cdebb628556cae6baef72cdb81f79dff7d19589bbc8ca08ddc29f40fdae25cf
ACS,45,101,39021084,2024,1,466b9efa3a4eab67467b955f637c85a13456ca3c912a0943e2fe77c2e1e31a41
ACS,46,102,39017929,2024,1,a11289ae31387a22232f4ea82630021533fd68b2221574f281a2388937c3cd49
ACS,47,103,39009971,2024,1,a686f506e94e792ff802bd1efbe16b03e2fa3dbc9c6364de460cabd935d3ceef
ACS,48,105,39006125,2024,1,ca3c3023deca80655e32df9bdb461eafefb8839be6fa63a8b78134487c3d8511
ACS,49,106,38991785,2024,1,513ca1075b49bbb00ae797a3a47649ab9570f63daa473beb206af75308ca1f75
ACS,50,108,38981358,2024,1,ac76faa9d1a28dec8f986c9a7ad2903f08a7b3cd7593409aafbc440ffb509b03
ACS,51,110,38969914,2024,1,2a3bea7f0e08a9de71bba35acf292e28f1a567c7f9c5b302af6bf9f9aff4c439
ACS,52,113,38960901,2024,1,5bdd84034b82351b6317e286385badfa12952423c8762dce104e62b0bb183da1
ACS,53,115,38941266,2025,0,9cddeca3cf504f5a8fc099bbe4f579e14d4e7d40b80f670700e3a1373cc125d9
ACS,54,117,38930622,2024,1,55368938fb6626c095efa44aead42d7c7f5c5da1265e30484428ca64b0f76a46
ACS,55,118,38929737,2024,1,71a41b24f1efabf0567304bfff3d1e326274ea71c940ae0a879018fbcee1e138
ACS,56,119,38924563,2024,1,bb70a5d348413bf263bf6090350006e805ef2e5a8d4c66c38018929fd3559543
ACS,57,123,38897069,2024,1,a2554bb758717f77e704fb74af87d2e817330a4b7515d73ded98f61e3d5ec747
ACS,58,124,38881409,2024,1,41239c6d55d8e3301c21e0b2c727cac4b744558a663210a6bc7d044580043d6c
ACS,59,125,38874669,2024,1,fc88c0c4d5a839933cf94b9d23574ba25b81dd8d75cbb755b03c9781cbea50a7
ACS,60,126,38869344,2024,1,0be19c6d0c83f4b3eb988f6f9fffadf5f42f60054bd04319cac2acf9074b9fd8
ACS,61,130,38853742,2024,1,3dc93b860c9da7037d6981f4f216d17fe98347abdcf187066b695680c3125b8f
ACS,62,131,38841048,2024,1,1facce383502b7313bf8602d17ae08a4cc4e336e2d8a2089120734303173dcdb
ACS,63,132,38819489,2024,1,63503415b28bc8e339def748cdee02be44a669d4ea7a7727eaeb50f44b32d375
ACS,64,136,38804837,2024,1,6e21415faabc0941f8777e10816086b90f9182968a1080cb697288c400ad3f22
ACS,65,137,38794858,2024,1,d85a9442cfe3784a1f123ba302d18bab8cd623af7396f49adbc61294412b8e9b
ACS,66,138,38793059,2024,1,0d1cc704cf85ef3bd05def09f73e16a6e5e4f1131bbdafc62a293297d71548f7
ACS,67,140,38782365,2024,1,6230be2d3966bb155ae2907ab7ff4aa4d4b26f13df3130f3a879f9ab2d36c197
ACS,68,144,38739294,2024,1,1485e08e90095a644933c6c61d5106fbc765e7350972b395f5d8a003014a4be2
ACS,69,147,38723910,2024,1,75c3060f2d58513856e5a2c7008dc3d6a3d4b09622e7c36d38d5782a2e2e8b3a
ACS,70,148,38716912,2024,1,8f85829d3307efe7e9c3064ac14c00dac38b6435a85fe656ab584112548cb47a
ACS,71,149,38707942,2024,1,138cd9dba96033c1b9c7e695299307432a5c6ae6b929e533cd3232d813086ff1
ACS,72,150,38694644,2024,1,bfae4cd6e837f85c2c1317bd81f7af425774b1efea8d1b98eceb0d7ba3b22c68
ACS,73,151,38690978,2024,1,014fc18fa39dea2f9ff28f420f72190b5598545910241d875848f4d1cc29d5c5
ACS,74,156,38666189,2024,1,a927e29ec8c8bf76783e4ebfe6bf19fac7cfdf572151f8bdcc59d2acc787fba3
ACS,75,158,38643123,2024,1,dbd993ed94c7c46fc951b8ba261a2a1ae6febf216ac01e14a45524aa7cfbf100
ACS,76,159,38640595,2024,1,04882f7369477d1c65d59a0284b33a4af947acec07badbdc7ac4f478a7a6656b
ACS,77,161,38623265,2024,1,11ffb2a7adb6ea139006f7632c63fcb2114487d215ddab40c592d8b8d142680d
ACS,78,162,38593603,2024,1,23f4bea8864059403b5603d856aafb6a1aa47093304830db7ac9dd89c36afc99
ACS,79,165,38590003,2025,0,c27f41c9930d246861e3fc7345f89448f67cca6d2cfdd0f67e506fdf4df29faf
ACS,80,172,38561722,2024,1,84591bb7e0ea4636f7466a89a8f0e4a3383c8f16aee7eb21a52f0ad0f81d57f7
ACS,81,174,38552955,2024,1,c170bac4d4140c1eb4c485c52908291e495c58ab52df16fbed664bd99ecb290f
ACS,82,177,38533159,2024,1,b674a424ff7f29ae73fd4b48ba98da8db63a20364faf20abe36d7d2841e778b9
ACS,83,178,38506391,2024,1,2939afdf581519a08f1f4719c5c96749e0636c71cda3df9c08c1c990ebc27e72
ACS,84,179,38501573,2024,1,edf81486d46fa88ffa0cb7f9d6f30aa2299df0717f6ccf35353fea52786559f7
ACS,85,180,38498026,2024,1,0e5939986787a8e90a12ccd398bb0508063da0761079b660dd549a1f1fb14721
ACS,86,181,38494170,2024,1,e27439e6cf671fa11d8cb19398475b72d2c74a2fe666c79a3bc159cc094b69bb
ACS,87,182,38466820,2024,1,a9a1e5be221108e347b7eedcf6698de421631341ace16ca9bec9bb8003ed6a07
ACS,88,185,38448942,2024,1,465db242e6096240a55ef1d21ae3218cd01b94335945a1c814035c380bacaa4e
ACS,89,188,38433801,2024,1,f289d243ae92971dd784a567de263ac9ceae578733abee5ff966a2b80197a553
ACS,90,191,38372690,2024,1,16ac32a8606b435da9845390aeac5c2de39ddcba10ed914fe7c0306dcdc02997
ACS,91,192,38371210,2024,1,ca37826a10ddfdff23e3cc38b07838f28052053878d4e932051086214feb2a11
ACS,92,195,38368158,2024,1,2e055ea4a94569a19501200a6ed6ab7e13041859a80b95878959eb1289ad2363
ACS,93,196,38353196,2023,1,03e0508e80d4e3bb49e8d12f240707b4ce55b8f7feb6e23ccdfbf23080345573
ACS,94,197,38348363,2024,1,4b2a4bb005e14656b55850fde2a2c7494b0fbf1adff0c31cb60772618a6e4fdc
ACS,95,199,38313878,2024,1,57e9fc1fe4f4c475220a0799ee77e8c9ebc73364c0b7068b85d3c77ce755e13e
ACS,96,202,38307694,2024,1,2c3a74615ecbd1c11447cf990818e39ec6e6d801abd87c21ee4f22a9a87bf284
ACS,97,203,38301807,2024,1,b77ebb49fd7ee3fddbad0f3917c16c3db9c17ee940203e77dc3c560c65473ab9
ACS,98,206,38291485,2024,1,84fb80a1a0ba64a595944bc238ba311badc41c6be9fa6c93b6fc85a99ea7c820
ACS,99,207,38291453,2024,1,ab0c20b2011058903fc8f6288c98ee60572e861dbe3df5bbcfec3e5e0967b32f
ACS,100,208,38286678,2023,1,d4c8acd4d1222cb7c172d98be4c925e46865187077cd823a854334928a41e0ce
ACS,101,210,38282098,2024,1,508868b097312e0023606b174ab1cca1bf268b88e3a4b35d1257e394a759565d
ACS,102,211,38281889,2024,1,9b1ce8c4067196896e074e1c9a4c5111d9d718aaf2a50e953312173677857f0e
ACS,103,214,38257617,2024,1,5192454f0e9e064a93159c5e8b4f50c6e86870f5dc3350dbeff04d58c7a7b240
ACS,104,215,38249782,2024,1,f101ead25891de0db0d6637903778b225ec0a4b74e8f2b7e5998b0701488723d
ACS,105,216,38244251,2024,1,5b85ed44d5f819b31548c97d54d647afccc19e5dcf2c954f49c68455e8949779
ACS,106,217,38236095,2023,1,d10855ccaa91fe7cf475608c86b9d5bf3991f6fb0c43354b7832737bcfdb4b0e
ACS,107,218,38199074,2024,1,b02aa4526f95eeb9802e677365268e4785af61b88bed7bc0c252a694bb588f2b
ACS,108,221,38193578,2024,1,55f71e0c13eeff230628782ccd0a2206ddad5ff30b2b355d410b61f1497589a7
ACS,109,222,38164839,2023,1,9e88e428680c303e0f0905cceb493ecccc198db1a38039b49f4e75e724dfe75d
ACS,110,224,38124260,2024,1,48cf5c4cb2dfe12ce33ed0f53ace6f608c1a2f1e340355adf0d4e8ee58b006d5
ACS,111,226,38103807,2024,1,038980b266ff298d9931e78d49473e3cc545018d42a420eca89407fc79a5fa84
ACS,112,227,38084741,2025,0,1b979ea4f540b51b44ca7d3d6934913230502c81b064fa3db5ca1555400df21f
ACS,113,228,38084004,2024,1,8c75e7c30e0b7acc2dcfdc1c8e058a3f52daf2a82310ff937360e975704b3445
ACS,114,231,38059216,2024,1,7b321ffd33d6ad8e2895a0898285f83b087445868be95a275e0a283a5006a625
ACS,115,232,38052507,2023,1,6b9caa01afd1f66a7f3f56607dd167ca6d7ae92abd86af7f6ff74e95d431eda3
ACS,116,233,38050601,2023,1,55a76bccbf8d8b21a1d936ac414eacbf9cf3e36f99e3b5f1a2dfdd73dc157cae
ACS,117,234,38026770,2023,1,48d71cea5e66cac4c6905967d30aa36ebcc45ae5a64baa90497ba113301f19a7
ACS,118,235,38023645,2023,1,31535e998577a4a402a05147d30c0837f3c4906067a08c3c99549c12e3b18d52
ACS,119,239,37987864,2023,1,0abb23b2b9e5edc8693661f7f6c0ba7ac86e241ee291c9b68fb169cebc772f85
ACS,120,240,37977555,2024,1,d4c7b075bd90843f15ab4214ea5d99105bbae3907f9b70f024a937250a87b477
ACS,121,241,37973030,2023,1,34e02bb2ece1e1830837b2c3f8827533a16f02b51d3edce14dd5e3d441c4511b
ACS,122,243,37964317,2023,1,9ab4c04762f8eff32d02cd44245764a345f2863acdecce7b80a61e7012525b3a
ACS,123,245,37948268,2023,1,516c36fc371bae27c79ba1db18a8ffe1718ebd27cba75df6a822f1486c2e5e69
ACS,124,250,37907364,2023,1,6f3688e0c32d5d2da0d4b8bea7f761da13c65af3b27bb430b178b52ac5edf01a
ACS,125,252,37890523,2024,1,a4cc285d35d0166454c592861b087e9926ad3069b8eb375a4cef5f7a86e7a41b
ACS,126,256,37861668,2023,1,b3063c47a993392b7e5e71952400c007a68b8d68da4336d8e7226cab1f3876d7
ACS,127,258,37849453,2022,1,c36993965e5c94bdab88ce55ace0a0d22fad53e508dc1b9747830f3a2625ab55
ACS,128,259,37841991,2023,1,0805e2b24bd9293604e293394318aac41931c4511146ff8b5343c217c3bf2b58
ACS,129,264,37812286,2023,1,5794cacf73b6161bb075ad23d5b6ab529431e6f65e9d3ffbc5de4096b3efe62e
ACS,130,266,37794551,2023,1,f9f4b9a94008693680f2634049c8406c0aeb8fcc8e5c814925116bc2c45449e8
ACS,131,268,37752435,2023,1,869c3aa4444c1f3541c6345e8b5ba84cd0b5db7733d0c25c60b4d2672cf17f8c
ACS,132,270,37750274,2023,1,3cc1f0b4c4206c9f25f5d7a69c8d2ad8af8bba02e0cc11746530d7962fbdba9e
ACS,133,272,37733064,2024,1,8971cb3af1766f8ceb7b6d7df7c77b9b7cef3d4cc66706372f28afe3a381fb5b
ACS,134,276,37695367,2024,1,52cd698b4ece7e1d4a154c9d2e7961fdd2e21f22b05970f77c9e1f00fdff1c21
ACS,135,277,37694238,2023,1,e752e4f2eb74fac3fd3fec8213d71863b515cd25821cac9cf7c60a1db9038f80
ACS,136,278,37678211,2024,1,80ce8b0197724f9d4c0b79e5229502ff9b29ae51095003ffb94a8956737192b7
ACS,137,280,37667241,2023,1,9b1a45ed9cd2f0b791ff9288620a2a3a0dc1d76eb7e87a9df1d88f46267b752e
ACS,138,281,37667112,2024,1,9a003204a7d0249541a47180e687b26c8e0c8ade7296de9e9e8ccec87be273ed
ACS,139,283,37658328,2023,1,3ffdbadfbdef406b5f13956e870c1e813d16cc893a56fcea65411cb29c3bddac
ACS,140,290,37636178,2023,1,cfc5be5d506525ba1e1980940cdd815a44cb8d5811cff8345c6e2e05d080d971
ACS,141,291,37628383,2023,1,a70bc6667bfe3879a1d92d5a031c26e7608183d5b8130e4bbc6875560ba26132
ACS,142,292,37626380,2023,1,525745b207dba1facd7a0883d8b831ac1fb433bd42ac4d3e31619a6a7f7294a9
ACS,143,293,37609025,2023,1,a829dabf48ed25e2e9ded2d988ce2555ea77d547d78fdcea9443ab7b305861f7
ACS,144,295,37585887,2023,1,330b9452fa6a6c466d4ba724c49d4bf2f4c64a49c37a02ab46c978aa61173514
ACS,145,296,37583522,2023,1,bed0ec80c951cc83b0e2ebf984a55785b3198abb848905f9f626413a00cdf67a
ACS,146,298,37576534,2023,1,3531172319479df837a14d185fa86fda74990a7dcee4cb0909a4c9ecf189ce91
ACS,147,299,37571958,2023,1,b9ca9273ac474f22a6ed517d818a1f51c770cf338a2cbf70824e706e1fa961dc
ACS,148,303,37540968,2023,1,e28eba20af09b93163d3ef1f7d5c1f42e18e3694fa7dbc1b2f9c38bfd8496d3d
ACS,149,304,37535098,2024,1,90a1eb3128c98d989d85cfad0558775f15d8d8a5ae9a556ff76177f0505ce352
ACS,150,307,37517926,2023,1,731898825257bd955ac2c2480a9ee9a1126b837e00335cc65290b953f0b3ff5b
ACS,151,308,37501149,2023,1,823631ddee21a743a65bac9ad79568e6174ea0925975ab314163bdd4c4927bce
ACS,152,309,37493738,2023,1,83f66736db2e6d5d54314e2e140f0aa421f3da88c50b111a795adedf8f0fa02c
ACS,153,310,37491711,2023,1,c03ed601174bb740f38aa8e55479ea120e73af94f8f8210259d0c65ce85cb8ef
ACS,154,314,37465766,2022,1,4c3eccad7b065a14f1bb6789c20f9bb97db03bd5e4473bc36158d16a99da6194
ACS,155,315,37462662,2023,1,d3a05b913e470e7f467c0022edb11988d11309b93d46b84c3a0372bdaafce0c5
ACS,156,316,37462660,2023,1,c06db63d7a4c934334e87289d424d79912f787c3d1f9acb17cd542dac8bfbbd8
ACS,157,317,37462658,2023,1,e633bd28bcc05fc7679968d0c66ab59b481df06842c202fc38d4dca04726b443
ACS,158,319,37453933,2023,1,836674c3d87493e4f2148d4e5a6421db31f253de99dfdf9d2a4d521161884d25
ACS,159,321,37443436,2023,1,fd6e60bf4125a64f138ae6cffab2e9d91b4a6ed703a7c4b9c12d2d8e39a9da09
ACS,160,325,37405735,2023,1,f71bbccf4a8486126f8aabc8cf16c05e0de5ea240a80b673e335a7cc6d64d7ce
ACS,161,328,37376744,2023,1,a309e4f43212dd0d3f5f6b5606ef149db8855de03abf13ada9eb8168122f9c57
ACS,162,331,40309154,2023,1,e8b125c51d4669dd401342416d849a694433fbe79bd096765e7d873a742f0cc5
ACS,163,335,37297916,2023,1,9d1f7972762158dcd0cdca416c32de8d35a166ee0fbba95f3a9a5d7af23e0f7e
ACS,164,336,37296085,2023,1,e1cc3ad30724536cc3a94a3e2db273a816a71563643ab70619809f76cf99c18f
ACS,165,337,37294195,2023,1,028474e3636532c21f23f76e01e0a403a9380458b68af607b4d997f197982753
ACS,166,339,37284984,2023,1,cf5acfbc00e4ea467bcfa4fe0639ba4277fc354da5093d6528d0228c53c30235
ACS,167,340,37280480,2023,1,5507c0495e414a1a7934476f6dab8de46e11da68d91a2d693483a98ef6d965db
ACS,168,343,37254722,2023,1,ce49cb9cc586a1e266cfa3be9b7cc53b91bca20dc69d969f64fcc8fb2435672d
ACS,169,347,37220117,2023,1,849ecd89ee9b3cd715012a2c3bf9d2f7234f55e15fc687c7ef0d9f1e2aa8414e
ACS,170,349,37208986,2023,1,27d1a3935425e336e893a57cce01024869763a4837dc712b4bee1f1faa70abc2
ACS,171,354,37185028,2023,1,3ca11be8f88e86a659d0fa539e2e4c7fb090f17df028132fb23a077088ac4976
ACS,172,355,37171978,2023,1,a9c8dce97b7f952a44a767b9c5ad949a0dfbd8e030e191050feb0333f5e01ef9
ACS,173,359,37142500,2023,1,94eb36f14a9146b879607b01a348b7cb36918bb76b4a143241b6c018505c6240
ACS,174,361,37142120,2023,1,f8f6cb9800ffa1793fb520df8d84199b68e3f66142d76f5f7a5105975ada3e24
ACS,175,363,37120064,2023,1,800591ee96df2098947743c18ede7ce25fefd5decaa9262e77eb9d9258ce038f
ACS,176,364,37115944,2023,1,39d745aa74992ac6f2557bd08ca6bf33ec35eff148ef8c4f59d2b2557f7a74d5
ACS,177,365,37090725,2023,1,ed83d8eb43ef553d0520974d7897b16626e94a56063593e1a1675644cc3db26a
ACS,178,369,37078915,2023,1,a14e31fe06961658a6cca8544eabb7b07460d4d68040f98e32974d6a9204990b
ACS,179,370,37072917,2023,1,57dd2f66168d64654b669b12cca9300205252cd851a2b95511770f2baa249aba
ACS,180,371,37056585,2022,1,adf0c21a068dada6fe3804d36940b336cfdb5dcabc4a35a12472872dc7b1f774
ACS,181,372,37055015,2023,1,12eeb6e9f41813fcbfce898469ec0d81a83d0e7115dc4d616f2a0d1e75777ecb
ACS,182,373,37052284,2023,1,feb5196ac7a110b74fd72d392cc1bdf9a2ca4968628aca3f50d01b4cb5005fbb
ACS,183,375,37003357,2023,1,493aada57e6d5b669cd144a5bf8f3e442914f01ef31c633db20513031d1e6560
ACS,184,376,38680908,2023,1,fa33a4b909fe4e436ec001bab7d37386bb58089384152ddfdeceaae9a5bf6e75
ACS,185,379,36951383,2024,1,e7cdf1ba51a590010374a4feaf97d47392cce45532a124212931bea4eb6be62d
ACS,186,380,36945953,2023,1,2ac656c447152fa74829bf68c16bab624adb9bd181816da40c229a3f8e80ffa5
ACS,187,381,36945006,2023,1,7700bb4c43a322a3205074259593344b84d1f75bc814ccec21abf7a470154354
ACS,188,383,36899292,2023,1,5555098a7d5d4433b7dcf0ffdf4a1426ba407d4eb7261d83d95b7c5cb86a1543
ACS,189,385,36880514,2023,1,0f5354102fb74e8ae4d40066c7ed64eb26b7fd05405314737ac96c9ea147472a
ACS,190,387,36872058,2023,1,1b15c4a0c029e135e8e4a5eb6c43ac0cf0647b719c7f70d357364a9d1c60bd23
ACS,191,390,36856510,2023,1,668e2990d89de3bb2aed7a7825a093a4afae50bcfd8e282e4b36c8e8e6784957
ACS,192,392,36846814,2023,1,66aaa1830c05e73ff1130fa9f040bd1b86c53aee3b7b58b327d11c4cf31cd2a6
ACS,193,393,36808120,2023,1,bcfec3ed36c4ec13c442f69ad7bf8c737976276a4963eba0afda9edd83a4b369
ACS,194,394,36800953,2023,1,3cb150f392a0ea2f9f9f451d26623bbb80f2bcff6d0a983f182adf437e3b4bf1
ACS,195,395,36782284,2023,1,9a081dea0e91d7ef6749149fcc19913a6ecae2d198bc260834ffcf9e13aaf5c2
ACS,196,398,36752518,2023,1,b7fcac632034cbc09c1bc934956ad788846f758a3ce330789c91dba8022cb5b9
ACS,197,399,36741037,2022,1,9949e4bd2fbd856e5b84b625d598e174dab417f41a6a281e2dc689e2bd886d95
ACS,198,402,36696536,2024,1,06bb4f6e689a70d4920856ea27b7a1cf4c7191a89526d894d615ac9417a66e3e
ACS,199,408,36604280,2023,1,a6e49ab54ced10dccab8ff3b8400ba5f5287a99efcdc6fd6f210fb39b3eb0650
ACS,200,411,36595864,2022,1,5c2f9e09f25ea0160a211d6b40eb8b7cd9c145273d22b95e3afb79d89e8d782a
ACS,201,413,38551231,2023,1,e29912ba5b84bf431ce5d51799c8db08d7a7650838c07e2edc4e93fd1361612b
ACS,202,415,36579030,2022,1,4a594572c1731413f9db54856326036f33e2599f7f522aa8ae65f2577d060508
ACS,203,419,36548435,2022,1,54af0c756292782428e333944db5d430ac07bdef84eaae5845f11af3acd33c51
ACS,204,420,36545516,2022,1,1e50942da371d0c5dfeadf2a4264f8546db714e2edab7b288fb7e3c9b42e3013
ACS,205,422,36520811,2022,1,1b68496eb952b698a73c40caad9311536cff4f69565b6761353ee84d1f1b9a2c
ACS,206,423,36518619,2022,1,6559b591adf59e1f3b5213f9b61f5ca0b1dd34697abd12347ad00cc435223cb3
ACS,207,428,36461685,2024,1,7d2efc282260dc4ef689a4e0d1340d331e5c823c27279b76fb2ebf1b87747025
ACS,208,429,36452754,2022,1,74a793f9b38008a36f604e2a814e854d68f01eebc878db4da820c96157f7eae9
ACS,209,432,36444371,2022,1,b524ace8dc3cfe43ce8fba1ac9e9932efb53a478f9b5c0d4588dc8bc8730786c
ACS,210,439,36378282,2023,1,ad2c714b4d577f563a9f812d7991cd52c3c7e363a98b9f7d4ffe955f386fa5bd
ACS,211,440,36371514,2023,1,71243e4393936609ab215290fb7ce46297a577535efdcac675171771fca286dd
ACS,212,443,36355329,2023,1,dbe971672f0732d54fb40814beedf527446ad1c628bba8c967917e03aa1d9ab2
ACS,213,444,36344794,2023,1,a527b41064cd56798fe47a13a3b6c9d4710b75764ea4699f7d8c4ff28526203b
ACS,214,447,36321057,2022,1,cbbab5952860e112862d95a20eec1d7cdf43639b2c012e5e86d6f29ce7099a01
ACS,215,450,36278253,2022,1,3968206f95c960a7cea38321a097d614f63c941b044f742beaef38a8362fb106
ACS,216,452,36259105,2022,1,50ca6c16899dd97d8a1473bbe01dd70f687c4157df2875826e75fef533159f76
ACS,217,454,36258835,2022,1,ad1886593993856ab2c5d36fc5471310e00c3c935d6355f77b69cda15c9f5850
ACS,218,455,36253481,2023,1,e26708ff55e0da35b36a733e795b0f516bbbe5a81bc7cddb89d353670cf8f31b
ACS,219,456,36248401,2022,1,63ab2e701ea24a68d39f51bd2446f848da0e2b6af9b1fbfb8d786789c48facc7
ACS,220,460,36224517,2022,1,5476ff26b40744ab2fdea5b2ea9f4598fa14c6b9a8fd39f39b56e8ff15164f9f
ACS,221,461,36219778,2023,1,75e7ed0765dccd4575c32569dfde4b68e6a50e718a99f1c2c5b882d8e403e256
ACS,222,464,36201376,2023,1,7a3442fd3b3d68add4b3ba8177f008987dea3bd759a4d6986d55bdcb04dac232
ACS,223,471,36168743,2024,1,bd62455aaf5971cae66f69cc69f62ac237770b98b16d547092185d95f6bdab8f
ACS,224,472,36166161,2022,1,639e88a6b57f630c61af827aca788bd9407f58110f3e1baa3161e96506c845b6
ACS,225,483,36075569,2023,1,bf46a96866c9cbfce550d0dfbdd2b7c4ca08c458c7f8c92337451a4804e5bf25
ACS,226,485,36064758,2022,1,cd54cc65ca8ebbd8aff178b38c0d622f9129dad50499ef2308ace44f122095b2
ACS,227,487,36058463,2023,1,e4801823125c3b81463cc15b84b89cb4bff216c0cbf88d74096f87e28d0dcc78
ACS,228,491,36036860,2023,1,89eab073262737f1dd47aeda1abb85d1be4ca0b19eb47fad948d7c8df3bc0e63
ACS,229,492,36031494,2023,1,6aad68d5a400114c2a10b0896f1cb474aa73f9ed39859fd9371ca0e2ccf24d33
ACS,230,495,35971439,2022,1,45d5448a48115e707debbd670ba4351d30021507a12bad12aa5cbf54d7c2f725
ACS,231,496,35968996,2022,1,67db7d1e5c9cd9c05b5d3b53127384d061d2d36ce02d694a46b600c57726687a
ACS,232,498,35966879,2022,1,a7d9812ca4fb921b1a4b9e6e4d3dc038d43d1a8025a545c2a6c00277c2f3fd29
ACS,233,501,35906118,2022,1,5a006367208ea3b4da118d42122ed80e584b882ffcf10786b99c610802002983
ACS,234,502,35904751,2022,1,c18203d9e03a6ba1937028719c90d3e11acbb600c7951f64b68a92524bbb304b
ACS,235,504,35900468,2023,1,8e53037ea4089f7eb8b8eef2065cc2b7c6c7c56f8e4859e56760a468694c1f00
ACS,236,510,35858717,2022,1,37ef4bbed3d68b344b29069edaad6e525d60e24c2ee66480c55a95d714e56641
ACS,237,511,35855127,2022,1,dadfd7780ba339a725f7487b87be03a1e96d5eb3fb6a54169d00c9dc0e05a5e8
ACS,238,512,35841081,2022,1,becef4f632ff8b163881a8d76f4c972d0ede83ea4fcf0c73f95b5e358cd04cc4
ACS,239,513,35798348,2023,1,edd488a6bf0742e433b53c22c8a4588dbce8555deb8a439d9ec8d65827abb533
ACS,240,515,35793788,2022,1,f4bc31e0d3c2dddebf7e898a4fc08053dfa5054b1f10facba7828b1a6548cafa
ACS,241,519,35731449,2022,1,d37332b7bbf530a85fbbb305c7dec8891e5210f6b43801289356c66980c5bd91
ACS,242,521,35722180,2022,1,7a3b302c80f0f599278f76cee8312e45aebc29514dfa0a68f8fb1ece5f6a9c97
ACS,243,524,35688920,2022,1,9522b69a42175717d84ccc8d6e2af9aaab4c7cf813b3d828b166d778fa5f1e1a
ACS,244,525,35651380,2022,1,fb062a849008ecfc75b60eea3fe90c92fd59f39c07ec6316a83b4bb1ab241f0e
ACS,245,526,35639334,2022,1,cff608298c37ff3e7dae8a65ec003067b30e8c6ca3c7d9002816caa9d43a9489
ACS,246,527,35620192,2022,1,5b117c49ca6cf29baed4697925a709132565dd13206f922cdcd143db8eab125e
ACS,247,530,35599790,2022,1,bbe16dfb3e2ad2b1f198b9abad18b3ce4c5ad196cdef1775e05c1f8d96cef590
ACS,248,532,35580490,2022,1,3fe4d506293a29ebe7b1e1fc25705b97a2c07c832b3fb50bc9e20b28a90f1ca3
ACS,249,534,35561467,2022,1,78349646d707bf92ddd8ab623a0018928c05e62b5ff46b44590608f06bfa9669
ACS,250,535,35525991,2022,1,b7580c2bec9dfe80f56193a0045890a86a18dfa5ff1e4150e685630912952959
ACS,251,537,35505909,2022,1,932edd2de550bee6147a4c92e5e5eba32a800c4492f10f1b005bcbeb1a16f3db
ACS,252,539,35501102,2022,1,f89b066e59596851093c62fdf8c56dbfe4721fac3b4dc0366cd8340a850242b6
ACS,253,542,35473922,2023,1,bfe2e57931557735be31ff3d032581dc9099445abb2f36b6ef89ba4c91fef2e3
ACS,254,544,35452408,2022,1,06c09aad3dceeb5a5777bfa581abf43cf9f67571f4de690fa2546f9abb084129
ACS,255,545,35451270,2022,1,16db647eebfd8b3ae9f6e8ca9b6c1bdea34f7e7b4c0bd81dc3336916f490729f
ACS,256,546,35432648,2022,1,ec10f91bb16cd1fbcdaa831d65a2705986e73d3ed4c7901bbaf5f30e7ecd2f00
ACS,257,547,35429781,2022,1,72651127134465472632be7e1c056676ae653147a800b447c74848c7191137d6
ACS,258,548,35420573,2022,1,726dcdf2604bb28c98c2fb2364c2ab14c6bd255dd772fc711bf2149b1a6f1f31
ACS,259,551,35399368,2022,1,2c0771f48d498395a734abcb768be49085c1cae855b8f29ad13a218c38d5fa0a
ACS,260,553,35384025,2023,1,b36f7287e18dcb05fcaff7ac9010034d9ad460a20553ebbc56cc53b04299ba03
ACS,261,555,35373956,2022,1,ae89c82c1aa46ccec1e04cde024d63ba2391587cc56b0a4a82d2967eef1a38e7
ACS,262,557,35348473,2022,1,10501c9eb586ec12962dbee578905e05b703232fd4e7f2f8547d45ba31c759f2
ACS,263,561,35307661,2022,1,bc45738fbeb4024c9fbaf11b165498bedc793dc7112fc41731bd36c20a577425
ACS,264,565,35282753,2022,1,7df1fd1f5b8cbdddf7e88acc0b43450d354fd8339462a2b571fa44f02cd24284
ACS,265,566,35278319,2022,1,3fcd0408aef87d601acf392956dee3d75fb05002f5e5bb9fc0f042b706c0b3b4
ACS,266,571,35249740,2022,1,52c6fb4e5e5d6245de4f91ecf0ce30578dae22d7ee5d1baafb6037aaf9c066e3
ACS,267,574,35235014,2022,1,3fcc20372594ab451797195cc62003ce02f6a9ac12c3e0b436970ebbc6fd9cae
ACS,268,576,35226838,2022,1,cf182a6c2a329839fb6213adb5b0993c21c214aeb83daba7c470cd419cff26a8
ACS,269,577,35200212,2022,1,3058335a445468f33f40ab130ff2b48b3103c2398c93a0c8abf8012b7ebb4316
ACS,270,578,35188898,2022,1,eea2af53d162c9dbc529105ca5e806e70fdbc1638762def213296bf1a2140f2c
ACS,271,579,39238815,2022,1,0cab1b411ecccc7672aff3ffc464b884ea744ccfc62fdf5e623f3969e6b2c603
ACS,272,580,35131888,2023,1,491a17a305a3bde11e57691d90771bc3ba44e8bf0255c085aed6a593b2bb862a
ACS,273,581,35129053,2023,1,4f4c4a15dba79682c24f55063cc0662bd6a02aff5173dc9e92589e2ab89adb19
ACS,274,582,35127433,2022,1,0398047b2c6f637855029e9d922aa16b813d4e241005f0425b4d3a184f84ce54
ACS,275,583,35110016,2021,1,6f8d1a3114c2510a9c69ff9517c4d9fe1860bb815d802134c227e2008d9a2b48
ACS,276,584,35108554,2022,1,5e49e1c15036baea1223e77600e74b3c2229ea8746fc09c9f8c28d9d9d58304a
ACS,277,585,35107365,2022,1,e50a60272476b73298e6b175bc7b55aadf407110583d3d9eaffe027a4bb54835
ACS,278,586,35105940,2022,1,ac5e90568df15683f85ee96e815fc3121118089f68265cf5f760e922ec3a98bf
ACS,279,587,35102016,2022,1,346d5aba944c4e8e87fcc54ed6c8920ac441b61c3708889287f33d2a5292f711
ACS,280,589,35074537,2022,1,38f4595146ae0ecdc608f6040a649ff380db10c608f9049aa1ff2cab799feb1e
ACS,281,591,35044059,2022,1,af338e6100a313da13ea4c7d366b4404a482aa9cad9973d56445e2fe7ebee353
ACS,282,592,35041625,2022,1,3009c6f4041af5ad3d82a58657680581c785ad0702699a5ce539643a1ed6c632
ACS,283,593,35041341,2021,1,c9dced45b59c9ee8ddb65934dc5adc9847ecd8d463fa50eacc5c4b59096ec1c6
ACS,284,594,35035327,2021,1,025182015eb09f369d66628e5d621593c24aa8023ef1f6006b3c5be1a656f178
ACS,285,600,34987660,2021,1,187a289cb3dfe06b27985adc464af8a9786a5ead6a88e5082a55f2591c832c47
ACS,286,602,34962234,2022,1,19cb7d547a90d8ce9f83d8ac7529bbac45a81f6419910e7cca35be4a24a80a8e
ACS,287,603,34954038,2022,1,d71abb569c7a0e69b982798f8d9949880681eea07e4c4d7ea885d8bbdc8f9808
ACS,288,605,34952744,2022,1,e4271bd5820b94c30baae64c385d66cd4de2eb505d2f0eeafa33b61ff0af8f1b
ACS,289,607,34931008,2021,1,0bcead043bb69840734cbcc5878b3367b458786fa6927fd6565a36a335f1e68f
ACS,290,608,34924516,2022,1,a108639537e4f89fd501bfe7a4c391c366667d09163d2ff6334665d49170e52a
ACS,291,609,34911499,2021,1,73dac7085ad43ecc007a02c7bfd5ac12a09427c89aef9662f86f20a8b392b61e
ACS,292,612,34889543,2021,1,9733e35b91260599e3fe635cc3487c16519e38b46a0e5febd98035047b7d3ab2
ACS,293,613,34888390,2021,1,75beb812f6cbd2cfd63ca6c3b6d01005db2c11b388697b249e24a762d48c7cf2
ACS,294,615,34876815,2021,1,c8c034daeed2f082c31d9c13598ab1b434f0727e33c8dadd85d8b5e235ce16bf
ACS,295,621,34841190,2021,1,69ba65d2b1792cc4ee1164cd4a4a474667e1c5e13ef08831f94a22b760c946a2
ACS,296,626,34792424,2024,1,c1822d3e2280c2be02bbd2f49d07751509031a96fe992ac3fffe35b92c48ae8e
ACS,297,627,34785372,2022,1,08c81de8b6e6c3f38525ea3e02f10acca9861abb1f2db6c844bb520b1143ddf1
ACS,298,628,34775509,2022,1,7bcec1de3e902ee04da1cd756199a3bcccce7fb749514bbb21658f1d0c1255c7
ACS,299,633,34752854,2022,1,75009ba6fc9e17bd1acecc18556386c9fc1156b2aaaff95da69a89a42b174af6
ACS,300,634,34749424,2021,1,2ff41e2135f73dace94641b275fb0ed02037cdaa23f75d6aa29f71b4b5c0bab9
ACS,301,635,34742572,2022,1,b049a7d8b20c9f4379bb2d83c6a843ef9355ad0faa42c06573fd93b6ed2dc632
ACS,302,638,34733429,2021,1,c4c921bd067649452eb02756aca4d69d4c3810516dee54d7174ddde45f42dadd
ACS,303,640,34712977,2021,1,ce9bf59c74ecd299c8ea66754380bf1fe57ade9d2fc879e82d622f018aa8cf6b
ACS,304,641,34696919,2022,1,253d8cfb80a6371643d754ccf9b5f0d16a399d36ba26f7180d69e14b3d4d4c7b
ACS,305,643,34673470,2021,1,0c4b71be3506cbe55c849dbbcda37e5da177a9740d2984f11ce5748518bb5ad1
ACS,306,646,34646972,2021,1,8b55af44a5da7f13d3563975a789f5691cb9970a7c9a4052108560b39c5b64e6
ACS,307,647,34644634,2022,1,3bb9bbebb1f954f57ea561fa2d86cae8c0cd30fbaf3c0124f4d177274e458eac
ACS,308,648,34644632,2022,1,d63615a971311c19b369757bd1a25f75c8a0100aa095322fcc7b5189c504ed47
ACS,309,651,34610508,2022,1,2c1dac19f1fa8f37130487316be29244d7a9ed37b0231a57a8f2e03c36bedd14
ACS,310,654,34591007,2021,1,6aa400d55e59d08c0dc6fb00dd88eb6f4f1694e4da488befbe6f45ac7452e01c
ACS,311,657,34526235,2021,1,3caf23782b346c40fba0c04e06b7016e79e78260ed1a1f9dc6b21db5032a3bcb
ACS,312,661,34464841,2021,1,0b82e69c9cc2582d8398bb01849c45700fca2a541c2ea10f845d4bd2292f3c1e
ACS,313,665,34427227,2021,1,e5d4b095b3ac5325731adfcd1832d44a7129fc85e1c26767d024fbe543520ebf
ACS,314,666,34422473,2021,1,a41add24627c388a196608a08651f23468b1d9a9608359f4f46eb9b577f16b63
ACS,315,667,34422438,2021,1,81f49022d6cf20f3d9110058c53dedb40551fc52da587d3896d0a425c350abfd
ACS,316,668,34411674,2021,1,ce180d11d27d87abd2a20b0453a99b27ceaf29958a4315c1155cab9949545527
ACS,317,669,34399816,2021,1,7406a791d3c3932e3b81346c26da56dbc023a009ac0495a983f3c2b04e1ca039
ACS,318,670,34395916,2021,1,402bc4419d43ff1fbecfc41835bdc8e297a59ed2915fe6c7ed389ccc4d44c4e1
ACS,319,671,34392630,2021,1,44405e778fd4306b07e339aec687812785d780186b0cf4ed9c99fb2ddda3df51
ACS,320,673,34386516,2021,1,b12c8cda716914a5eff2c78e8346732827c9fb39ffd4b8b95e31cf79ff086d98
ACS,321,675,34376234,2021,1,f61baf845f132217c823a0f53f4ec4b52a6a3ec2c5d11a62a646f760750e4124
ACS,322,679,34319210,2022,1,2b609925c253b0d82f4f098a6ac0ccc609a8ea9794b60cb8006871d632af9055
ACS,323,680,34314974,2021,1,056cb57a615507bc2f9e5118c2caf1659cefceed2bf54fa189a0da831a2d1843
ACS,324,684,34281783,2021,1,1b71c98d2f4e68c4be88c45b75aebb8355a60583ea15946203f0cb32693ad135
ACS,325,686,34277133,2021,1,9130c81693a19f56f62362fe1611a1b8111307f1f85b79e9fddcad23208aef6a
ACS,326,688,34258338,2021,1,c889aaa84a804d6cf532db385a7e485b5e22c8c0d80cca3d85e6831ffaa6090c
ACS,327,694,34246477,2021,1,f0c0429e429845cf061c28a1e8d3361c2957ef59566b300425da6be62a84b1ef
ACS,328,697,34239679,2021,1,2b54c2e9509d0411629c07f9a2b0bf7202cf7fe077421d1b1590989e13d412c4
ACS,329,699,34233855,2021,1,6ba51d24d45a51d8f74a8e1163421f4989c57148590ef2a5b2521a0ab9aef434
ACS,330,700,34224876,2021,1,7da5b235b3aced0501c05bacc28ce17eb1124e73bee46d17ef02331f8e12acbc
ACS,331,701,34187911,2021,1,384375fd72ec5013d8acc6da82b3c74ae9b587ae82305a8da197c698077e97b1
ACS,332,705,34172373,2021,1,46ce4811576e66955325bf5c0e16ae403e3e3ab65bedb776415f2b808abd9c28
ACS,333,707,34139419,2021,1,0de7875719e7e6a3e784faca70a8ef5d01159c2ee74e51322b0cbff75697e446
ACS,334,708,34132238,2021,1,a35cfdc296f753e59ac28a449d37b204f541ba78a7b6b6642baf2b19dd81fa65
ACS,335,709,34130853,2021,1,36290b0e86363e5f3ae52360d282a60c07ae39d42c259b3b5f739b67038c82ff
ACS,336,712,34107953,2021,1,e0fa213ea4278932b83d78b64dd1398f82ce4a6849cc5e6b93abb1c3918fbf9c
ACS,337,713,34106091,2021,1,775d7472e30d06fa246cbb2b1ec0082bca3ccc99005acc493b6986ecdaf76fae
ACS,338,714,34096035,2021,1,a564798ad70bd80368a14e4f301e818909bfe8a9f7516a9278a2e1b8a5382a4d
ACS,339,717,34078192,2021,1,054f4d4a8c59dbc6a4ebb55ee5b65fec3f59d489b8b6e900003cd6a5776e04b3
ACS,340,718,34059492,2021,1,a8c27104db7a17ff01b4cd1343ddb0994311467fbb51d47b4969ede9c2c737bd
ACS,341,719,34057069,2021,1,60d5be79e387a3ab0ea803625305d1fc2087059c5dea890cebb1fc78edb48279
ACS,342,720,34055589,2021,1,ce0ef36ecbd8de53e6ae9a1897d4bdfc0e10c8114816b5f55d4e416c79d525da
ACS,343,721,34055469,2020,1,72487708b65097ce0e772de2e596de5733da2c38dd7b3d16ebddb06bbb779c88
ACS,344,723,34037487,2022,1,a25cddf25639f937cb742e4d9cbb9429b27ed094f8cd95172f5bb31c940bdfff
ACS,345,724,34016932,2021,1,5db2c6d9bb850b84e3ecfb52bc9c995e43842d51feb2d40a454fc23ba2a350ea
ACS,346,729,33940239,2021,1,842123afe51e9204e04072cc4a1086fd0c14d20ddc7552c94a93d09486a39346
ACS,347,730,33937713,2020,1,aa3f0749efdb850b0705cec4554dfebd500316c390868287f44a5a59fa6728de
ACS,348,736,33902865,2021,1,821bd476e716c336b681dd59b8bd6272f8d9d3b79e5bceba8eb48d8d03823851
ACS,349,737,33899823,2021,1,4cfd523383216a6f9c40a04f501b36ea5260e73f5338ab09b1f00fff4c65833e
ACS,350,740,33888073,2021,1,a0ba2274087cd5b1fdc5264255baec3bec2f52dd53712732b6e74e1fda66a779
ACS,351,741,33857839,2021,1,28fca04c09887ee2e8c33989a9262849625b0a94a7165c02e0084fed1f08cb23
ACS,352,742,33857794,2021,1,4ee33ffb7abcf5354a725bb9c456beefe375dfea76c6c5043b42612ddbc9072f
ACS,353,743,33855045,2021,1,38caa519eb979d6bbca4260e15ae27a9f1642f1629d8bde643a139a3c9582af5
ACS,354,745,33852463,2021,1,7f9c120fb67e45f2ec665bdf71874b044b555172e14489ec5734a24a42919a97
ACS,355,746,33844240,2021,1,bd91d4648cb272fc0a9fc224f893d1586b8708d84a08e7aa39d9a71cdb94793e
ACS,356,747,33840680,2021,1,0f262230cc778b36b570a65f46327619221dd8f2ba7d751aea843b0659c1970d
ACS,357,750,33818623,2021,1,ca509a1ea48634b3fa58317c61c9b4645ce5902140675800ff3725b018802830
ACS,358,751,33813544,2021,1,61e13e771358ddf42c07e0eb143b0a07de77059887cb3629abb45d738bebb667
ACS,359,754,33771962,2021,1,878057888f72c62bfd52beb3e47853f42c4bf9d083b10be37f5ebbed2c166624
ACS,360,758,33741835,2022,1,dd8898036d22fcd63ac4156a01f507e9da3c5f6243d5894c8eb0b5ff2a8eeb4a
ACS,361,760,33733246,2021,1,d24bb04bb5f859e737e25c7b88e64e5a1238857b603dc7c67d9785dc2b249bee
ACS,362,762,33731658,2021,1,83b8d0fdbf7f6aeda8fae5e482551d4ce0c3ab07645b5f623e8a317930195311
ACS,363,765,33709505,2021,1,9235fa1ab7b3525ea7df78a9fccadee4cfe8c0aabbcd2188e0c838da07b69a89
ACS,364,771,33675406,2022,1,8e796b83d85cf905ffa7a2aad566cf6c56ef9f9790bc242cf86b402aa6526eb3
ACS,365,772,33667652,2021,1,bc1db7477ad2e12321e6355f5b3c4a9a829276e43b537c082dc2e7e030818463
ACS,366,775,33644661,2021,1,462b741eb0b6b1bfa6208c03e0d16d8075db7b91da61b14a9b5baadcd5f254ee
ACS,367,776,33640161,2021,1,c79ce424df6096b4bb9ba9444969ce518d8faa353f9937e42e872d29248aee7f
ACS,368,778,33634162,2020,1,8d7146ad1180688832557db988f60f1314ce3ad0b129d8eb1a3d98e6c8547859
ACS,369,779,33633507,2020,1,119b4ac91f6828c58fefec78b11fad9514cb5ddb19963ed244e26c1ed0484dc5
ACS,370,780,33632658,2022,1,b63eb0eebd1173969f4b2eace58a9a8f5a0452ae26ddd1c19887553b07195f41
ACS,371,781,33605805,2021,1,0ca1a1ded17cbbced5006155258a9575bc7221a5bc778b6804e2c72a56bf7ba4
ACS,372,783,33591932,2024,1,3714fc2592c63c6e7156e395bb347098dbbc3a9bd568a7f76fffb5f7030b40c1
ACS,373,789,33563099,2021,1,8468ec29a3f2a332fc62f67e07fd016b71ca168ac9d28a9ba8e6d7738ba19fd5
ACS,374,790,33560707,2021,1,0bb9bb8588c3d6a68e60c1e5f5d5f5c473d56d09e3e4c86b5e7b63b265eeafdd
ACS,375,794,33549774,2021,1,93de9392423f6fc5db27663cea8c1d32001d9b4a8efc9d4ea36b1476ec1e2061
ACS,376,795,33548675,2021,1,25c1af2aab9a4e17c76068ad76b80a0ee075a48eb37a7da68abdeef1553f4e23
ACS,377,796,33532890,2021,1,184e352c154854f53045164dcb4b8eed63f41b78bc7136cc9190ee13a8c8aa3c
ACS,378,798,33521045,2020,1,3c7733fd06aad4f9697b4191b88c13e4b93ad9d18adc5d716866b49106d375dd
ACS,379,803,33507516,2021,1,c3fd3a344b8cbf808072d1a42ec3b4d35848eae3835af7b49a6da515ae2a1dfa
ACS,380,804,33507441,2021,1,cda0cfc8b2fcaf842068e5102f63096ae0896c30bbbf2ad44c1c8a9036d2b457
ACS,381,808,33487405,2021,1,e26734ccd3cdb396d8e817cd4faf57cfeda04707f5179d7e9f68547555a6ec95
ACS,382,809,33481080,2021,1,67afffeaeb6cad5ff2344a7101f9447674e763531c5dd601b30a5650b9f224bc
ACS,383,813,33428552,2021,1,cce17b4fbdc7d36fb8bedaf016c15553e4f4847eec5e23eaa726e534048e09ff
ACS,384,822,33392595,2020,1,136fdd6eb4435b54360d8964a2f418310a09b1169f078cc951dc93895dcfc9f2
ACS,385,826,33364643,2020,1,65f77b2df9bb73bb6f5079b839ff25626b9592e73a0911a0b6b6db560632bb83
ACS,386,827,33348002,2021,1,3b52dd326b146bcdd71e591b1022cc1f0ca912956f41482e1cab03cdd4ae1075
ACS,387,834,33325684,2021,1,15c08f4459558311f72fa11401129bfec9d3e0d28c5c711b63c92aaea0883c2a
ACS,388,835,33320312,2020,1,0e81332a9e479396392d52c01c8dac2d8ef1c52babbf04187fab5ad9c217bdcd
ACS,389,836,33305007,2020,1,aa88de64087aaa6c4309a3f6c6c7e82dcf3922fdadfb790a5ea6d9d4f2b158c1
ACS,390,839,33288404,2021,1,d11b862853444d3e5f2eddd1c5466d6a58d8e56060e875148862b86fab16e82d
ACS,391,840,33280211,2021,1,ed94982f9853344d6065d297d10738410f99740bd1f60121fe681d98b74c249a
ACS,392,841,33276982,2021,1,5068e8e65a04744b6a8574a73dbacb3c743df7b2a4d909d7c4c2d3a84ceb0e41
ACS,393,842,33261856,2021,1,d755ed1c7088f4186306e47062963ff2507e2d611b57bbfad15eb1708d46adb1
ACS,394,844,33252445,2021,1,8406ab13e2e1165f6abf7fe66df2dd370bf32020e433956c1f9547be4662df77
ACS,395,846,33231948,2020,1,b2dd7f5a60046e3c3de61979a31f454bfc192592f9e4c9ec54bdc26ff28788fe
ACS,396,848,33219419,2022,1,f7d8b7afa21decb0b70325a1e873c5d55b9b6d6d34671456d4ec9fc48da01486
ACS,397,853,33177429,2021,1,cc90cce5b9252f61a7dd5e4c9599d0bfa3e5ec77f7e302c4223e6114427f9247
ACS,398,854,33177421,2021,1,f0f08afb72d746529f57e2ecabd147a65e218539180d1b6e9e3069549f00411a
ACS,399,855,33176383,2021,1,88eb99b2c41f9ec16df1763d42afc4b75e0c1cc6faf1505716002c824c705c5a
ACS,400,856,33165207,2021,1,d8053f73d12c1b90ac62f92c8b48e167f52da155ede85b077163ad60b9bb18a2
ACS,401,857,33161435,2021,1,37e462976f38bc548034640b92654f3ec90cd54651ea024b41bed562fad74671
ACS,402,858,33144240,2021,1,62ffbd1a30585b826cc9e3c211c82c05c35bebf0c0d2891e96d1d2d4a44c1ec5
ACS,403,859,33128551,2021,1,67811d7c2740ac0232f2680bc7d1624ada44491babdb7d39cb814dae5ec36423
ACS,404,862,33122495,2020,1,bda816b19596f82d7bab5e0968dc27f6cf2ce87d7befe43110f6570d65547dc6
ACS,405,863,36475268,2020,1,cda12c9c70f915f7e686d34607e809cadcfa807e51a6b6495946cac0190a9c21
ACS,406,864,33107958,2020,1,3b94cc7753ed5c30c382e548d2d525fe1f31ea8e384c94177a7e0aa92c845948
ACS,407,865,33102513,2020,1,a66edc1af76a3c53370b83f03c484a456581708fae13cc03e4c6b90980bbfaf5
ACS,408,868,33098005,2021,1,bb090eddf346cd76df7e46ada5bab60cce27ab90814db9dbc50db115771d72b6
ACS,409,869,33093617,2020,1,def864ce1403a53e57ea642f02e5eac83cc3ee293d34c6bfdbcb99b6b8c65c92
ACS,410,870,33092452,2021,1,d6872208c274bdb143ce81c430b6fb9af9d1806e763f2764a942bc090be7a157
ACS,411,875,33064717,2020,1,3e771e159d8133dc9c6dc52649be4b7ad0a80904ce74c443b086ddd5c0740146
ACS,412,876,33062761,2020,1,6b7f5fd8e2ba8496e65eeb260d0bc71f4767c1c74a43c13833d438fb6dc8eff0
ACS,413,879,33009232,2021,1,be440f823f4a6056aee488ad5f4cab2f68f6e02b46af00cec8baf3c5db73ad3e
ACS,414,881,32997952,2020,1,1958f8bca3a823541307f1a161c3cf77097c8aa416d02b63affe68cd241646e9
ACS,415,882,32987168,2021,1,a825a530abad119f1587a96e86f3f7ec59b202e3dc628cb69497ede3428e9250
ACS,416,886,32980233,2021,1,3c4711c7787d777485c907d217912487a770d63861c40b1acd54d1c23d3d3da5
ACS,417,890,32953354,2020,1,099e6f4df0f5cde0899a4bcace7d5d6ff0a570e4650164f60ef67a23aafc9c78
ACS,418,892,32941371,2022,1,288b165efab2aec65e3e44fced5c32b825771e0075f94841bf984987c9fd2bec
ACS,419,893,32934928,2020,1,00be5a0c76b6bbd58dc00eadf833f3e0b8c32a8a5a0e5c7f7225cdc7d6abf9ed
ACS,420,899,32891707,2021,1,459d6dbb8c084846172d5cb731fae555a9618482e5760bd9da24e063a8055fd3
ACS,421,901,32876476,2021,1,caf8cdace7a295da54229b254adf32378daaebdee1f4034862e83f9b97696872
ACS,422,905,32851105,2020,1,95ec88e43b2d4afd04315a8ee83e7f0fae9c38aa2c7442ea0052e6a6d148c7a4
ACS,423,907,32844578,2021,1,6b54112f2ad02ed810a8fb374da2474f416a65a98504cbde0be97575586871e4
ACS,424,909,32821761,2020,1,c9c40f291476ff927e761451f4876d40f1a853465279dc0fdcf9b7325a57f431
ACS,425,910,32814536,2021,1,9e6ede05ac6b2a94d309433e0114c4f8756fecdfac9b0e51c43ca7abd19c936f
ACS,426,913,32801726,2020,1,951113bfe3d1f0d44dbfa6affc8fdaae13c3ed06e12854753f9fe26a6a16da84
ACS,427,918,32745226,2020,1,66bff9a81bfc69eff33c549a47350b6d91709a5cc5d2fccaea3cf88996e84157
ACS,428,920,32715326,2021,1,60a18a5b3e6218659a702317e6266a2a00502e8f3cb32f7a4c112b75b0ea74ea
ACS,429,922,35198105,2022,1,ab7d4f9b64b74bdcecb767bcec2658385de429d8ffb4ddea6f93e1ee63d1744c
ACS,430,923,32694426,2021,1,1318bb6e7d35b08b41912dd2197560f6e55aa818ed377417a88bacb168ba23aa
ACS,431,924,32694300,2020,1,01fec36dc750160bb0bb2fdca0b1df52c0239c270a5b0f24dec26184a95783ed
ACS,432,929,32680577,2020,1,7e9dcba9ca498e76e5d903eee4e7ca05dac703b016109c3e9b375ee0cdb9a1d8
ACS,433,930,32675711,2020,1,603787efa00bb6f18d319054e34938125b03656fd43175026b1a14325c99f63f
ACS,434,941,32596093,2020,1,811616be3dac25a7398611df884422a2f6546201fdd5a84721e88668d7796b45
ACS,435,942,32593168,2021,1,a3c1db4562e7c5fe5422afcbe123d63c6a0d12c01e997224357b4a8fe41e3eee
ACS,436,944,32564962,2020,1,25f42c8587f542873c39faff6089f5ab6d90ce65d5081513e5af1ace96532c5b
ACS,437,945,32549738,2020,1,463b96fea52bd5bdc9ec0025a50e6f26960c2de40bbf0abcc4b5ad46cbd5bd86
ACS,438,946,32546417,2020,1,d72e1b5b9ef1d0283d72a6e069cf3cd169290edcb3092bebbb5489d1c3ac609b
ACS,439,947,32537342,2020,1,73d8c5f1da2e558f3de520b36f419f79b2dfa43b8ee3704d69f0250d55a913a1
ACS,440,954,32474698,2021,1,5b9c41653ac04e95c950e5675b42a7bcd2f116b5a82a60b3afc230636b86b5cd
ACS,441,958,32444137,2020,1,f02912e7f582e0096bdd8202a924e62e70b8423265aa6cf2ce4d43c549c97de3
ACS,442,963,32350597,2020,1,d9b68a23c051cd2f26a36b644f4981c2ed72d00428be44d78fca3782fef68c32
ACS,443,968,32332336,2020,1,94a19d871b7a3bf55c26eae17b8102af9cad050a83e902cc29a564861a8ed27f
ACS,444,970,32312197,2020,1,98c82da0891c7d0cc97d94eccfc1d2339529caa66f9d12db8a92f9b77159f78a
ACS,445,972,32304930,2020,1,f7eb0c5118cedd8ae4f53339fe26d9b20b73ce7fb3691ef4fa739e8c21c440c6
ACS,446,978,37465407,2020,1,c18899858e86bc4c4dcc158f48456b014808d78aaf20fbc38c477e24ab9a8256
ACS,447,980,32282621,2020,1,32e764bae82fd8d55cbd9a95cc28469d41eb0de5616dd13b2033584ea26bb6ab
ACS,448,984,32271928,2020,1,ae7dbe01e269fafcb507ca969d220b77bbda5d32ac247a59774abcdd01d40172
ACS,449,987,32232328,2020,1,f40f6dd537718eb2f698786fff6ea4a1c7a3705c549d1cc4630c7522e9b55686
ACS,450,990,32215546,2021,1,75f014579aaff7e42b434ad4533f140c3618b47f97aa717599fbcd097a30cd4e
ACS,451,992,32190586,2020,1,3686a6d51dc56f8b68a4f15a935a74d99c8546dea7a9ca8b1bf6bd7f5735e85e
ACS,452,993,32163722,2020,1,bf6914c57b4f3bf1213d1107497821e4c02f570be9fb529cce727bacb868597d
ACS,453,997,32140808,2020,1,64145a68a2e4c32a2e98f0975e9045c6d7f28489cebf90d878193959ad3dc024
ACS,454,998,32128201,2020,1,ed767481ce9f38f0cc9a9a01f2d95f32b6cab394fe10ba146f6a093162d4134c
ACS,455,999,32126290,2020,1,30b6828910f8c20cf22e107f1f7c0e1d4469711dd1c21a886573adb635e6ced5
ACS,456,1002,32111122,2022,1,01f2d20af08b2edb57bce181ca09ad01f5777e19cfcceb1ff466932d2b82c33f
ACS,457,1003,32097234,2020,1,20ea8cca1d3a619fafbc7df86a075a18afec4ad21723881cd47eb1b5aaa64be4
ACS,458,1005,32088740,2020,1,6c9cf5a608d177b6c6dd7ace899b9455b95c2bb83aba3ebc08591c796a9f345c
ACS,459,1006,32070410,2020,1,780d39abfe022a5d2c9ede94dc90e30fcf5de02b7c7c41e8db41c0f7bad5910b
ACS,460,1007,32051069,2019,1,311a2659b526dc43521e2aded17e5f613e070d60b07dc4dc6b55aaaef5a14224
ACS,461,1010,32032050,2019,1,fb671f12921f28b3e64f4826790f2ab6b2e4e2ee9850e92ca810a303f5b9bc6a
ACS,462,1011,32028351,2020,1,099322cf3cbd2909bcee1d99592def3561e19acdecfa687c7bcb78bc1bc4cb99
ACS,463,1012,32025947,2019,1,d63c3b4d8e6e9ffc103a5faf0d6a175fc0c97e28ac1b0479685e431961189c7b
ACS,464,1014,32021771,2020,1,5f11cf5ea8371d19892c6c95a454620c3c9f55721a678a2a8837693c871cab77
ACS,465,1015,32019808,2021,1,4791253a533bdc957bb9c971c0b3017efeea7af9496009bb50369602781e717f
ACS,466,1016,32016544,2020,1,d59c8a9dd3d3d982609f9de2ba045c80381fc41c80493c269990d377a95d81cc
ACS,467,1018,32006038,2020,1,46e68e8693cc2fc7561751ab2a0b9d50b757844fef5c4482d7b237578b8bd520
ACS,468,1020,31989257,2020,1,93c165a9d8932f3a82bf9fc59e0184b60f4d5a7ba9d1611bcb75767ec28d4ada
ACS,469,1024,31964211,2020,1,ef801dd2205f819e44e7bd9e117cf233545c4af393342e63b6ec73fff6dcac9b
ACS,470,1026,31955259,2020,1,421884c240c0bdc160129d91ff6e39b4e0eefd3f58f5c87cced170d79482873a
ACS,471,1031,31931775,2020,1,ed2c7dd78ec35a1844c59be181bd88659f1efa4febeb1592bcd25e5a806ab906
ACS,472,1032,31924437,2020,1,0139dfc3914ab3d1a0af7988d0b1cff4519007c92db11acc8e4d6fe841af1e7c
ACS,473,1034,31876698,2020,1,a8165d6d9a50143c8f0cbe380baaa1288db288522b37fa641b42f5bad8f4c076
ACS,474,1035,31876241,2020,1,22df308e30d0187fc325ed935ecb9c5fc180be557ebac26d8ae61a02039b35eb
ACS,475,1037,31843477,2020,1,2be529150b0332303d1ffa666cbd7f249d036ba542df88e76df849229aa16971
ACS,476,1039,31832692,2020,1,98b06dce616adfa91a8f66ce6ef8c28aa69167154190c482ab72d61975d5b315
ACS,477,1041,31809416,2020,1,cbd06d0fc30c99b0d3b663c5c732c2a0637e4771885266833603f42e266db38b
ACS,478,1043,31794292,2020,1,f0317f4c936fb9cb653096f01e0f1b5ac6e67f2a20fd422098678e06657b57a0
ACS,479,1045,31785392,2020,1,681abaea057f264c16604b082fb83fa7231093d9fac75c19ca847e6e034d456d
ACS,480,1046,31785134,2019,1,58d26c1939f9059b4fa350af3af3b4e6ded68af37abbd49550bfd0d40a01ade2
ACS,481,1047,31767373,2020,1,f44cb1b6ab91b0a9c08d3dc9aea1fcd91b67ba72b480cc58bcb970d5f21ce7b4
ACS,482,1050,31753610,2020,1,2e7e5ce18d93489056e7110fe22ffc657bf34616fbeaf436be23abe668ba552f
ACS,483,1056,31688437,2020,1,07bfe2d3ae6058e4a8160f2dce5250cd9adc7729555d3543581efe4bd744d672
ACS,484,1058,31688178,2019,1,e7b22310ddc2e9694d3915d146c03810f86a8bbc86c44099ab98574726631e50
ACS,485,1063,31676082,2020,1,1fd8bb1c751711fca92de0d77d2bbb79fe8b79a683417b4b431c5eb4ff23e9f8
ACS,486,1068,31636741,2019,1,59c01a7cf07193da86c1ab1bd8a60e5cf05ca5e98778078d0d816761fc9bcd94
ACS,487,1069,31634270,2020,1,cf33562c234ea9e20613c2ac0154f8bb750d59bb1903670af7a2eb38e01de043
ACS,488,1075,31564352,2019,1,cdb393f6ff2fa712ab377feb442553bc841d253bce82993896540a476026ffe6
ACS,489,1076,31560102,2020,1,8cf6d2d830fb8fca5ee309990ba392ca6824b8b8262c34d6fb92ba291cbfedae
ACS,490,1077,35521502,2019,1,90792e2f35dccb37dec244edc76f01c2d99602c82ee46f4a770187baff0acff4
ACS,491,1079,31523074,2019,1,e88399ade38afd235ea9aaa50d0b3f67e374754c0f3b677bd139cdbc00253a84
ACS,492,1081,31515201,2019,1,42f494535c179f06ee5c3e5d929a6003f81a4a63a9378528d3e3d368b46505fb
ACS,493,1084,31483400,2019,1,e54a82efa9e37905f13c6d477d6b4722db767fd557de7926ffaf5b4182d6c172
ACS,494,1089,31440777,2019,1,0cce6c3a74099aa7c9c1df9657a387bcf7d1b949b19ac4c73243fc71c18a0c43
ACS,495,1090,31438792,2019,1,dbad7b6ef26af9f6c5219786f0abbbdd8480a0b813513a24d258c5cc2436c399
ACS,496,1091,31428851,2019,1,49b413e6a31952641d4ff45e512a413c516b4b8521f0a8167da13bef1d2e250a
ACS,497,1094,31405726,2019,1,0ba0530965e3119d0114e624b8fa8b589034f45a860a180c2aa7d229a2da9538
ACS,498,1104,31304580,2019,1,69d4ea7b990262b81ccce8af96606e48435d5fafad819d96af9dfb1295c00e44
ACS,499,1105,31302318,2019,1,93bab8dd8fcd5f6b1318c27b44e364fc97368b0cc7cb39bbe109ded841d54d0a
ACS,500,1107,31298588,2020,1,ffc17e6b0ce71f29f1b7b3a6e5a6d18159404be6671ca03b993e9dc23bd877d5
ACS,501,1110,31279477,2019,1,e0ef5774d7ea8aeacf590142c5f9cb906c60b8ebd7f2025871d7156f7fc4beb9
ACS,502,1115,31219925,2019,1,ffeaf96b0a1d51eed9788b8da8dd576bf91df78f4af357db97102013a835ab96
ACS,503,1117,31215748,2019,1,5641e95052fb4e43f15438fd4c5fe591ecb2bda4c309b5210a3870e5c9ec1696
ACS,504,1119,31205299,2019,1,1e283afb75ab73a7ca04a5a22b41065f6dd3bb69e5b38f14bd4ac20f3c8452d6
ACS,505,1120,31191976,2019,1,059dbbe7ac370a0d2ef0066cd53044433b1679eec3cd0d67d6fda63168b351d8
ACS,506,1129,31110570,2019,1,22189591c54c9c83903be7a4d0f7b670582fe5b70e696214858fda8caa1f4242
ACS,507,1130,31110399,2019,1,b654c954b5882970daa6f931d65e5711852488eb22df259e7804a2ef85ba7cc6
ACS,508,1136,31034949,2019,1,63d877aaf60338ce775689ab5874516eb5f71a2c0ff503c2af0c622492e6add2
ACS,509,1138,31007504,2019,1,1c36b5dbf27a7be8288c046eccefd19ca9401a82cc20fc7b55806a3441a96bea
ACS,510,1139,30992340,2020,1,5428ace1fc5de3106fc793b7123f781e2af36b0c7a7b0beaf3515a471f31dba1
ACS,511,1140,30982538,2019,1,d8ebc623bde46fa03aceed8ab8e08f15b7b95389d635341ca0ac607bc08eca76
ACS,512,1142,30978566,2019,1,e487b73536cc5f18c3f23ed7a0c518464fbc6b820bfe193fddce6d5915f00807
ACS,513,1143,30966780,2019,1,fd939429b29a2e6dc22f5b3a28a273e4a3654857ffa444d5e0b035102d5c3a2e
ACS,514,1149,30929469,2019,1,fbb5839e6ae79f78acb86b81fd8bebfe18b69f36b96be44bc17429a25f916804
ACS,515,1151,30922749,2019,1,4e5f2633e78d150a6557ac2a104811ec303070fa4fd113a05a43af14a7501f73
ACS,516,1152,30919816,2018,1,96f4d82fbdd20046c58a345db326447d0b3d5d263f2be403ba47d706fd4f963f
ACS,517,1154,30910499,2019,1,9c24ebbc118c8eb31ab9a3efba372ee67c0b795d4b43f9808dc0c8cb624d378d
ACS,518,1155,30909799,2019,1,df1e3217408c2c5af4ef01b303aee375c03c57180486b9270cd26292c3f74797
ACS,519,1156,30901413,2019,1,5f0835dd4445f8d6293c1d735b3cff55d2c28c6ceace49e6beb0f5a823c2be42
ACS,520,1158,30865061,2019,1,4e9072a3215eca0279a9d148714434fa73377f5e2139880673af0dc66223d03c
ACS,521,1160,30864909,2019,1,b19e526803b2be4e0cecdb5eaeaf21d0be30b1594ba9b4f4afdcea8d5bad6b7e
ACS,522,1162,30838186,2019,1,c762649ab1e2a3a7c261131e1d63ea777586f4a4837f23273d2b9579d229d51c
ACS,523,1164,30832634,2019,1,255c1bf03915301d4898bc67801d0da1b96623037e70529e2cee93681426a35a
ACS,524,1167,30799923,2019,1,4a6bde70582ef0397cd9ad8e9512cef904e3c38ced4fbbc4a1eeeb4108085e2b
ACS,525,1170,30777685,2019,1,71cd4f4c6f4714c3d4205e4e59119d9371d2c1df3cb36748903a11276ad7f54c
ACS,526,1174,30747643,2018,1,51d49cbd403bc19387f615479bfd9465d57fa79b1e7d618e2e3e481caf9d6ad1
ACS,527,1175,30747274,2020,1,08deed5565d55dd8cbf449cc26253d4a0a2383d1ed7676e2e34e7bdf3b56a003
ACS,528,1176,30745127,2019,1,3ec7a391095a2142054705bc7ed8b47b29e2a2afd74c466ca6bd1fc05faf5874
ACS,529,1177,30716704,2019,1,43af91610d44fd85021f495eedf2164ca056d0c30d1cba258e079c990a3f414d
ACS,530,1178,30715553,2019,1,3e36e9a6db5389b90cc9f4fd2d9903e92a9f90cc661ab0b6dbc56eae272a19d2
ACS,531,1179,30714691,2019,1,358e8506f8b222b0dd491c3812270bd446eaaf89004a25a571239002b017a2dd
ACS,532,1184,30685944,2019,1,2f69cdf62acf280f79993d2221e1bea62e320bbba491ee8a7c094244db45fa9f
ACS,533,1186,30678870,2019,1,39fd5ae7de78375889b2533129e6f38e6ddec5832d6f6491a1d4bc07a8fa252c
ACS,534,1188,30662761,2018,1,c06967a3cb2a806fd9705fa593d1d7923a56d400fdaf93ef20633dd17f2dde44
ACS,535,1190,30646744,2018,1,b378fc2b857b5964d5722c265fc28f639f5087a5533bb38d208a39d5becc4cb4
ACS,536,1191,30645165,2019,1,8e0d94930cddbdcc9613fc9461cac9f80df9c20c3629a6fcfe90e06be81bfd8f
ACS,537,1192,30638346,2018,1,c9dbb6a8248a13bd62a6274630aac1cafba0d0f92d46925aa76d2d547b65da57
ACS,538,1193,30611244,2019,1,0b6692014ef3f4eba5f386ce87f5d3c571697e56173842d45ca0bf94e82c893e
ACS,539,1194,30603970,2019,1,fa0fdb56e97742e188290b59045d0603f07c915ade993429f1d0bd9e3dcaa496
ACS,540,1198,30570711,2019,1,3ce2181e643de5658f8937ca927578d35145fbd7eeb84bf6f7f27a323ad53ab1
ACS,541,1199,30568736,2018,1,d46c1e75effe76e34db111a3dd258fdf697e3bd6e500a86be2b5eefe1dc1f0aa
ACS,542,1202,33937648,2018,1,d9a66ed5a03141f3c7e6a75375694fa6243bb239dff500f117bf4c9704ceba8c
ACS,543,1207,30503247,2018,1,10b882a78b35275921ebc1857894528a8a1ee027f1ac3d5b4bd59b0d70350927
ACS,544,1209,30471925,2019,1,caa2a94b30c831aa335e8d5f3389877909922ed5018ebd6c07ff949700ab6453
ACS,545,1210,30466306,2019,1,84f28d7e419b73021822363f1ef1f10a0eb96b7e23f9adddaaa19317dbd7fc26
ACS,546,1212,30444775,2019,1,46f5b8120c453f840e0e13445fceef92307e29212d93d88c0d8bf87ad4e1ef25
ACS,547,1214,30439724,2020,1,214c24f1a92764e3ba317d24d149d46a881157a7b5d864b21ae97249bb479b60
ACS,548,1215,30422928,2019,1,f19de1902e67ead827c599b78c488e107fbe2d93ed9488ad68354a909eb4a277
ACS,549,1216,30419575,2018,1,4e5712a901bec00048f66e5c50480c539f9ebb4fa70d4ae6f88e5a533f8cfcf5
ACS,550,1219,30382315,2020,1,2bb97a504d77a8dceafb9c154d52eafa1f24984201ca4fbd09724da1d368f531
ACS,551,1226,30294372,2018,1,b26272dec03c4eea929e2ee35d589f13258c6c9934319a589869066e517c7c27
ACS,552,1227,30292713,2019,1,d0675b4b87f3d2c1b95fc5ec41786cd222c3e23b088dbf8bf3e231f43d75930f
ACS,553,1230,30282543,2018,1,3817b13d19dd4ed4b5517fedfbd673a632dec61dbacc04af4ee0aeef08999c5b
ACS,554,1233,30266126,2018,1,fb49a63069fc1beb63586e0b022c0243de286564f20178c1bf929cacfd6f0ce9
ACS,555,1234,30255435,2019,1,3387a751d30a808c2045b3b22a418744762a0403cc864709109c4a3a28b66505
ACS,556,1235,30250341,2018,1,c3ae3d9ed99832ea004ed89007923b4363824ab2d893100057f99290ed482e3f
ACS,557,1236,30243791,2018,1,1febaea450d38fe5ba3ce8749b8092618fedc163a247a9874835fd05edb5a3fa
ACS,558,1238,30237602,2018,1,871e97cdcc3d7409cb03127992d4e5a50f4f7b96b119987b8464e7af9df7a5c1
ACS,559,1243,30189079,2018,1,66990a496d9334f0bb774eba0a321e63874cc423e7b00c5cad23404e3281e6d4
ACS,560,1244,30189076,2018,1,d485304d8052fa53fd686838d8fa8df640006913632c2395f39e5aec92f76b89
ACS,561,1246,30174569,2018,1,e583d57a290ce3a5a80352a225e8531dda15c2a2e17a6ac42d9e6465b6e59c44
ACS,562,1248,30149329,2018,1,c5827056e987770a14f56afbb20799e66c77aa61e0a837a03e1c257b515861e9
ACS,563,1249,30145669,2019,1,3a90f69f02b9046db2f505c4d681365518afe5924b0d7339bfd022517c3b089b
ACS,564,1250,30116411,2018,1,d06b69fabb4e3178ebc9db6f5ad4b19b7dc6c30a687334473b4f8bc7a16e4fbc
ACS,565,1252,30104937,2018,1,b734a042f9097df71873d44c32e5b4527b6c6ba26192325edbcf029023ca922d
ACS,566,1254,30084825,2018,1,eb2e70c7baecceca4330cac482f9b8ac23e51813c79e622c7251a2966e96278a
ACS,567,1255,30080770,2019,1,b3d758c94464d4a063a4309651612407c1046ce1514b62a9fb87fa23c1c7d07a
ACS,568,1257,30064725,2018,1,1eb7c330c8c418b0ffd9e1f55bccb0a157c3344f61511be6e9378c83732c7b5c
ACS,569,1258,30054669,2019,1,c0d50a7d04df1f06d6cbfcf48381232a9bd9f5a7351af237bdc671dd851d8561
ACS,570,1261,30037517,2018,1,b0c3ecaf9de4b2558e480fa2ed00c9497eab0440dbdd469d95c7233c05b37d71
ACS,571,1262,30027445,2018,1,74b13a998fe7f7dc970f62f77e409f6a611b7590c42fb597860860aee44f5401
ACS,572,1263,30014272,2019,1,57a189206b8631b7e3d1ca3beb135359da941310955b7516da02e6a17cfd2338
ACS,573,1267,29981633,2018,1,fa42a2c3c7ac29f67f7502ffed70bac61b0ae3072c44bc0c796020a6bf83613f
ACS,574,1269,29969720,2018,1,857b4aca944a20fe26c4d7203542c300eb288e3d7d751416f43173262942e220
ACS,575,1270,29968115,2019,1,2f7ac3607220cb8b52eb69ee1cea53d936dad792dcbda670b2d66275cf01d89a
ACS,576,1272,29937642,2018,1,c0560f26d0800f3c2e72a666d5ff0786b6581ac47f1ff7d5529747d1273d9956
ACS,577,1273,29931999,2018,1,75cc431c320ea5fc144fcfaa83265cac5129d689a7c2a691ffe66e9ecb0e14de
ACS,578,1274,29923999,2018,1,a14e324f1adae47d51340f98550ef68b50b4355bb8fc46291cf8ece80aa3f07f
ACS,579,1283,29849522,2017,1,3ae07ef00dfc194f3f0a5ac5aba04e0e018c65e7681629769623d0ebc50ecbb8
ACS,580,1286,29804842,2018,1,906af758833f3f7393f644b69e4dbea0772e173c6b2c6e3bdc07308c6d3e719d
ACS,581,1287,29796110,2018,1,c100e76a0ca7caa4e9e6c84156b8f433d994e475aff668c716950bfe9166c854
ACS,582,1288,29787959,2018,1,3720a42cb2ca37118b99ca49b03abd90e42544530a3b4fe933b2d53b2850b3a0
ACS,583,1291,29766087,2017,1,cda54a19a1f9ac9a263a5f0e5477a6832085b0d7ad3040fe030ee0b682b44ad6
ACS,584,1292,29762292,2018,1,2d025ed8b8c3e109dbea1e3dbeb74c6f98a5ce4ef362e076ad6ebe097b28b562
ACS,585,1293,29744626,2018,1,f14a41e16838ebfa0c430fec00b330bbe4524b60da322eed35c010ea8997fa03
ACS,586,1295,29731908,2018,1,6777c0a3acc416a38c0c62aa5bab2466fed64a4d92dbe00852098907c5b6122b
ACS,587,1297,29716475,2018,1,b47eca53d123d68ac124d5618fb49317abce2a9153dc09d444936d18877e6212
ACS,588,1300,29691307,2018,1,5f8a455c5aee2e62dfee46369535d632bd5c4b336e5904760aece14fcd4b1e98
ACS,589,1302,29664881,2018,1,b15328c79381f71c19b89911c16e9ad9f06c9ed2427f7a068d473c36f9e61173
ACS,590,1305,29628208,2018,1,6c5fcf5113d64eb8f5aa22021137f89325548d67458525c4db61edfcb17d4dac
ACS,591,1311,29578878,2018,1,52e793f68015be36bc2ce9f9790df2103b21642d246a85780412678e1db70c94
ACS,592,1312,29577778,2018,1,c556fa5081de60ab28fdf5515d1bb9d6f6831e51c98491e24a45c760746836fc
ACS,593,1316,29515699,2017,1,ecacd3dfd38a9c3658c65e08b468cc5b5211b3852f7517681aa4aac040b94ef7
ACS,594,1318,29477687,2018,1,9e428736ec5cdd79b3ee293fe343aff17f1f6298a8b43d185264770ae4e55366
ACS,595,1319,29474527,2018,1,12267b57865a4ae65e9c5f3fb94182d0ed275e2f2c132f8a04ef4079ce33be17
ACS,596,1320,29456748,2018,1,0daef8855f2c94c50aee1cf251497a546110d065b3a4d538c2f5dfd89d8f6e76
ACS,597,1321,29454628,2018,1,d57bb261fe2fe2376fb66d8e33cb2548eda79d02d1c2e515d5005d44fb891c7b
ACS,598,1322,29449772,2017,1,3bfa71d3f34005045f910b45b76f19fa8df641c96d84c7c1a1580481c3dec278
ACS,599,1325,29429775,2018,1,f1dab591c23f54d46637c5f67624d645f479718f62a3c2d7c832749f47aee2be
ACS,600,1328,29408285,2018,1,6f33a33fc094a8bf90915e0dba922c38b2ce66025ea6efbdb235f79f8c8e030c
ACS,601,1329,29394265,2018,1,651a2bf7236cb5eaa92f95a8c1fb4493086a8c4c0c7e9f8677181f8c0f2298ad
ACS,602,1331,29388442,2018,1,22d1d9bc0e1120dfbe476688122d1a79fd02d20e460240a2a271151a6f35befd
ACS,603,1332,29384781,2018,1,26dfb46b3f1a5bde998b546bfceb13008bf87a9c0f7fd1bd750030659ae36b07
ACS,604,1334,29377050,2018,1,94b08bd850f7312c95a522a6361a961a5f735c639a8f73c70a404af5804299df
ACS,605,1336,29369152,2018,1,09ee9c69c8d41ecde31f583f7e1d7636dccaba2ca7a1264b21524060dc14c9c3
ACS,606,1338,29362562,2017,1,09102cccfa56fa61f8acbf34258c73a46ba6259968e3699bd8d0397acbdd76e3
ACS,607,1340,29349018,2017,1,4a16699bb5d40da34bcc0c631d871bcf35fa76ba74c9de445838025e68520403
ACS,608,1344,29273369,2018,1,913ba4662308aec7ceab331152e5c2ab47029cc385be8cf9ce8e70a5169d2b90
ACS,609,1345,29262961,2017,1,b73212711ec9be462ee15e1e37a90ebf47fe8e9eb60ee330746223640480713b
ACS,610,1349,29192344,2018,1,ce0382aa7bd4a51d04faea6baff5f4374a178d4191e50404a7564a6ad38e7cec
ACS,611,1351,29182210,2017,1,08c71d775c5f8b7f4206b3093c4a5f48507ef4379df0d574029530fb7018388d
ACS,612,1352,29181564,2018,1,75983fb06be197c3b9b6ea149670332fe700d955e5af547ef683fa49e40b6165
ACS,613,1357,29164162,2017,1,d1763ec07ca22b17fdc5dde9600e5d1acdda01bcbd4a349a57db59bf6b357f1c
ACS,614,1358,29153450,2018,1,946a5face4745c292d56febef0df66c7f2922bf595a1725fdbafa24f530033da
ACS,615,1359,29147744,2018,1,21e1de64f17b1473e6e9e274e741d2a99a071c3ba5562f5e40e75d8c68815d0b
ACS,616,1360,29137904,2018,1,042944d9c59e57d508f8b80835b5719be64e8f1dc7cd19031279f55384b7bf65
ACS,617,1364,29117825,2017,1,5ec48ff6adae28614a52dabbad91f876d4841f6bdc157072d9770943e2b551ae
ACS,618,1366,29087874,2017,1,d43814a861a011680b909230c926b29140eb82de6e957698c617ae05170977e3
ACS,619,1368,29073601,2017,1,580fab506dadd17946a5a833ea6305613dafe5344eba081a80cdf0946e767670
ACS,620,1369,29056994,2017,1,6c399e6a4da4e84a66372023a2b82da18b1508170f56aa0ec6f14a210478740c
ACS,621,1370,29053544,2017,1,d9715b42337440cea2afbe24f9acc75ee68d0ef1a98f0143f9d57fe021cfa597
ACS,622,1371,29039127,2018,1,9acb8df2155b876254adab6c4752768eb8e8e8cf6b17a3400d4446b7e916a67c
ACS,623,1372,29037359,2017,1,1016c1b8e00f20bf90a6f644f91df9409e6b6451738bba86b1b043fe583d799a
ACS,624,1373,29034016,2017,1,10485429f5d14fbc0b83470a23f04eb304037dd3d2056d4d3f8b1b41928bf380
ACS,625,1374,29018173,2018,1,a40f233a3efb759d3afa1ecb1ba2b3f505d43d1f5c7fcc12fc09eff332a8154a
ACS,626,1375,29016587,2017,1,5f42bc4a1e5a1f9ca35905b250821be33047583d6653a3782fba55ca515c1b4a
ACS,627,1378,28958275,2017,1,c70297745d9469dcd99aae996ee7ce91c65c03628723122c74e3c91cd923c351
ACS,628,1383,28850498,2016,1,dedc135cb4a385e72a18020f9e4457e3950688c96a7a3a5c2c68458c2ec0603a
ACS,629,1386,28832207,2017,1,536b33c88d91009cd57a3f09cb4bfce2cb9ab3e1539a0f64c327be8486faf4d4
ACS,630,1388,28830248,2018,1,7f991680c0373aa0263a209402cab6a7d58d23b5bb166a77e19d6d539e04c905
ACS,631,1391,28818324,2017,1,15cf67a625de39d9004869748a4c195621fbe2a2f58b35ee3edec8510a13e1c5
ACS,632,1394,28785833,2018,1,dd8193f87c9e8c90eb32ddbaca3d0a24e278c5c3573320d64ea94523889434b9
ACS,633,1396,28776629,2017,1,b0d34934373e4c00a5623e43b731385ee9f03c4e9ce952122cecbdf81849c809
ACS,634,1400,28735846,2017,1,5a020d996c8501f18abe57a8518c25b73170270598762ec8fd1bf53b5c642631
ACS,635,1401,28733042,2017,1,be1551336290a38e1eebe32c35ea1871c87ea24f24574ae1273264c6054be7f5
ACS,636,1402,28730321,2017,1,418041e6f9706518bc43f810971643c06cc21a1065aa10b4da9ee6081d3d8deb
ACS,637,1403,28720096,2017,1,005103210076643a075e9afd3803a3faec839dd0f75356a66806c011294a373d
ACS,638,1404,28719546,2017,1,7547ae7bdf124304fa91b313b173a21e7d104391749683ce621485c48e3fd14a
ACS,639,1405,28706822,2017,1,23edc8c51cb8d0c97ac179ff251872097d4b5b63941b2e3c1d868012470c7f19
ACS,640,1406,28706812,2017,1,4fb3233307357cacb6a583903b8a9345677c809a64d0b8e82456ff267c00c104
ACS,641,1409,28694568,2017,1,5105cf29ad863351ac9a09b9c56aba9e9812b4299890305563b8f2f7ec13a904
ACS,642,1411,28664769,2017,1,344ac231cc507641441fbd18815d40e82ff0f5a09c9acba6629bb80eaa323bc1
ACS,643,1415,28634595,2017,1,742cd05aff22d1b3492c9bc9c4d7d3042db67c7e3f0d22dd932a2ee37cbd49fb
ACS,644,1417,28617517,2017,1,6f3af2a1bc71a8dabe714330c978078e0ce1f5ea4a79bb887f9c15c250eddb0a
ACS,645,1419,28594520,2017,1,8155d0719ce0f7f88353dd1c667098ff0eb5a49e06e49329def617688bb3cef1
ACS,646,1422,28567342,2017,1,a3fea067dd5258a5204dd5e7ea9feb0935d719383035308961e3181d4723622b
ACS,647,1423,28562573,2017,1,25ce7ca9105a8ba2f53c7ce5ec7311d37a4e04481243628624fedeb3a38f8ac3
ACS,648,1424,28561900,2018,1,da044e789bea1e7c8d8cfc013873edf580f9dcf8e28ca82764ca8b255523dcc7
ACS,649,1430,28489715,2017,1,2522d942a1c0d012a6b540d9eaaaf191d9a67acf9b2b7521274615db908c1b88
ACS,650,1432,28488072,2017,1,259b930c685a47879d283a851b2cef4110912259fb392266d38ec865ea32e4d3
ACS,651,1433,28467588,2017,1,8223054cc392589430e89684e946b9bcca00ef65343670bf848ceffb92b78f22
ACS,652,1439,28435539,2016,1,fb7e8c4f96b7b652e679b0fca9294e26b33bfccd3739abbd0daa974a4f07efd7
ACS,653,1441,28431416,2017,1,5680195cdbcb2378966046343a6c211b9a2b94fff10bb41f382772bc88d3b7cd
ACS,654,1442,28421958,2017,1,9df76ffc1403b4ccdc4848534a38478e0807f50ee1b8b7c9dddec09ea13dafb3
ACS,655,1445,28360503,2017,1,b74ba818de837375f2590ee07a417e5cfb6b73bf9e21792e604df8ff02e76f68
ACS,656,1446,28341786,2017,1,265e970832628ae09497c20340bf2ce0be570ed9a896cabcbbe3250a659cfd90
ACS,657,1447,28330440,2017,1,1b407bc4ddac739d52e8c7f7cbece999fd5524ab0e870180f9f0156989852fe1
ACS,658,1448,28327419,2017,1,bd95024e15705e6a3f331fe91139f8c83489b727f1fbef3901e20377aef0b6a6
ACS,659,1449,28323801,2017,1,868c24c72766c5992af43a11b94f6648e5ab1ea217b7a4505011fa56ad98c01d
ACS,660,1451,28320508,2017,1,fa828fbf9bff287655a08f51047461cac62d0b56acf792419a68ade98b33bc9f
ACS,661,1455,28289358,2016,1,f3beec2a1809b436a0048ed815a521d19f34dbdd153fe9d55c35403028e68708
ACS,662,1456,28282605,2017,1,028fb197a390e240ef024e57096e2888ff28902e6166e08a1810b672c1e02a37
ACS,663,1457,28234844,2017,1,c1535bdbe73e9789b6bc4ba53a613be632e5db2314d651ca842785468e0bea79
ACS,664,1460,28214485,2017,1,5f7401bf3d3fc8ca6f872abfd586faf0ceed71eea79ee6c1fa956033d329757f
ACS,665,1462,28195896,2017,1,d6f8e31f0644a911518e948afab30f1c26351b4c9367aefde839253965a390a3
ACS,666,1465,28151898,2017,1,6e6db66f0810029f7265142bb45783aabe43b3cad2196ccb44d086bd18539d4e
ACS,667,1466,28127967,2016,1,a7b87973b6c0f3860b9a32eedd2d91abc230163d591cfde7a9b18b8da8bbb5a2
ACS,668,1467,28125467,2017,1,ced1524cc017a2ac6f22839cf2171a75577637002f2cdd146374ffeeb6c5ad5c
ACS,669,1470,28121282,2017,1,8fdefae45f9d1b867545248b5cebb9bffe0a40f8ace00ecb5dee676d431fdd2d
ACS,670,1472,28103732,2017,1,a2ec83f98cfe5d7222876b05f90d1a795bb2b72ab1cbd397f93ca2837f33265e
ACS,671,1473,28099239,2017,1,a168918d5f56f76a872ab5a8fc3c15a564837621844844738b200b37b50ae759
ACS,672,1475,28072649,2017,1,7c2abd1cab2a7732876e7bcc9b5acc41cd6c1c55790c4528ed84f23a8d36f990
ACS,673,1478,28040088,2016,1,68115d3b368440850915a095256a9cea8b315650a93d6aae5fcadedb81f45710
ACS,674,1479,28027611,2016,1,8ae74dfb91652f4470c1a5459836a8f5a5081d2ce4f9f3d385bd8ce4b7f8f7cd
ACS,675,1480,28005689,2017,1,34fa44bdd650b4ebf99dd135acffec9f6f3eecdfaf12cf978fa767d3ecbd6b4f
ACS,676,1481,28003918,2016,1,d6650fb0b7df2917deba2420c17bbea66cb2936ca363d8cda433d881381a9bd3
ACS,677,1482,27999729,2016,1,086536cc6d54325af5c9b3f74ba9ce095c763f196eeaa1ae3cd7fa5d12238462
ACS,678,1484,27938394,2016,1,a2898f87693b69cdf047c314c4c00d9c8a3f641b5229ae2db8fa238800aa92af
ACS,679,1485,27914662,2017,1,360b857a93fae745f3079e1ed5344f0c41c1895dd6d5ef4843ae59f214173ed2
ACS,680,1488,27890348,2017,1,7b3c857492ba032679dbbccb2ff0c0094ca68f63720fd7bcbb0ca60c37a735fb
ACS,681,1489,27890336,2017,1,aa28991f467748b455777fdd3a01cb56e5be84a56735c049e191910178e302cc
ACS,682,1491,27857494,2016,1,b76b3b1f7cc4197edc442366a7840dbdd8917c8b88183c9855deed8456f37e54
ACS,683,1492,27854071,2016,1,b5dbf36a3508cbffe9cac99d3686a64d43ea89b13f36e1a753766fa7ae825078
ACS,684,1493,27834057,2016,1,f43e4f72a0afc9c8a275ba7ace5c66491be55c7b52d413284ecd5ab870e787db
ACS,685,1495,27815953,2016,1,964cf438abcd64c7a6d9458feb24313263679683fc76185d8e3959affc8bbc1c
ACS,686,1496,27810154,2016,1,e2809edf1e73dc2c1c0c686330acce147e193ccfd01fca41eb7a75b5764eca0b
ACS,687,1497,27810147,2017,1,d29f0fe585351b583cd1760bd113a72be6a8b35d50843878479156754fc7f8a0
ACS,688,1500,27245978,2016,1,d9129bb9179eb2d11cd67bd1d5357e4e1d66ac2a676c892d9583856000196d93
ACS,689,1501,27792675,2016,1,a130c45e0a44953ebf66ea3ee90d914782e1111015102891e7489fb8adbc65dc
ACS,690,1505,27771036,2017,1,81fb4d5443ece76da628be1c7787de59881f88d72c94c3e398d6f689cfd265e3
ACS,691,1506,27692841,2016,1,8546d68889db415da6b386760ee938598c406f3493c61106d820c40fc58a2b63
ACS,692,1507,27767980,2016,1,efc879d3a7cc77b4d18f81c72913ca94e089ddef61ab75325a5439f878e136d8
ACS,693,1508,27392158,2016,1,1f73a19eb55431e481222e700d4ff8002bf2984e43c0aea5505042e39763f5f4
ACS,694,1509,27756790,2017,1,7850d0f6d067a37b8e3d2faa0b5b29d3c6778ddedb053aeb167fdc26ac6ddba3
ACS,695,1510,27639651,2017,1,5b8ed75393c80fb40fbb40c64193069dde12c1f47fdc67ffa27e1a6448d1daf3
ACS,696,1513,27722115,2016,1,51b90ece842a583bcc129556a5a2c6d4d381dbab9b0892874382720414bd3797
ACS,697,1514,27687142,2016,1,f071b051562e001fb62263e1164bedae692d9d9f2a637232d2e4831124586be8
ACS,698,1515,27684080,2017,1,88ba50a35b75740eafafcf269738dd1ece6a32cba09f0a7cf6ac8fee4089f104
ACS,699,1518,27670876,2017,1,efdeffb38a78dd5ac9cf79c71c2399df15197c2db1a5c629c26be52e5a642b71
ACS,700,1519,27636909,2018,1,32256c66affce562d247b25d96338abbddf06d57e984fe64c36d83e670631aa0
ACS,701,1523,27603197,2018,1,1b061141bfaa6f3f5f5e72fa6c612a1914d814271af0ea07c56cb1b228325ede
ACS,702,1525,27590466,2017,1,49aa3955576022e4b3eaeb16621656d80a56e9335239b42b922b039aa75d4815
ACS,703,1527,27579205,2016,1,7de3579db7c366d3d4d0c8d919e4c2e439ead7cadc526d967571ad611fc18ea1
ACS,704,1529,27558463,2016,1,ff67d4acb0f2b32cd4d88037b34795b8f9fa291dd99ba3d6f7f85fc946bc1779
ACS,705,1530,27551733,2017,1,f8272df6acf2b1daec978d72932cfdaff2221273e0e45c8fc0d43a9d85a577a5
ACS,706,1531,27538943,2016,1,0621fdf26bfd941a3d38376f98090b04f6477a539d1f1800960179f64fa09e16
ACS,707,1534,27505079,2016,1,e0698ce5185014d2d608901a6bab81bdae5d1ee0726b9ceba43686e2e0095f94
ACS,708,1535,27499719,2016,1,1736dc342ab9c9349105d2b62621a46ccf38a0f052e72117ed606f627cfed4eb
ACS,709,1538,27454495,2016,1,32716b132d67e054342b6fccd4f69240fd598f5da1477695677e30e88c942fc9
ACS,710,1539,27447677,2016,1,5f576b1020de4a4446a5262b81bea6415b73ecc89491e54e57105c7b35e97aa7
ACS,711,1540,27444364,2017,1,7e8556ebb26da73801bcd19151b05d518074850347360d41a107fc57ae94c10e
ACS,712,1543,27435989,2016,1,39daa2c771cf896b2a472b00453629b91c802e8a6c13db969cf88700d5701ae7
ACS,713,1546,27426712,2016,1,9bb348146ff234440ebd17b5e68e3f07535cc7ff0c22c64822d6abe3b6d19c57
ACS,714,1547,27408482,2016,1,38016f94890caee84cc7ec764a13e028ba60294337aa7a9d53d4f9962501af50
ACS,715,1548,27374476,2016,1,683fa1a0dec606639694b931a4ed78b580ed49409230418b8ab83e9ee5bca27c
ACS,716,1549,27372030,2016,1,c19d0895497cef23f54d37587e9cc7118e3cda9504a2a94da4b1896e2c609f18
ACS,717,1550,27365374,2016,1,fb1ac9bc5a120f7310fc6c3f58b11ab556a9cdd569053220354818e31183aa27
ACS,718,1551,27342963,2016,1,3f3df3cfe1d387bcde9fa563d95df2be10ce969492db9287a39fb3586323b674
ACS,719,1552,27340575,2016,1,a0d91349762777d0485db6239588f39688fcdc4621ed5a47747940953d59387b
ACS,720,1554,27333459,2016,1,5a848e6103e37ee305b7a77ce6bcc5c0309b2594c38188b0f7e0779acb417db4
ACS,721,1555,27330517,2016,1,41fdd60849f7d11451992883dd7ddaffcda835653a0ced5270ec24ea4806f62a
ACS,722,1560,27284517,2015,1,951974c9bfa1a9d706616db37aa8ba75714efebca2d29c87835d14a86616a43e
ACS,723,1563,27259677,2016,1,62543c53eaf113034c98fcdf35d95d74fef49677fcdf3a3a3150873cd2f6fa0a
ACS,724,1567,27233244,2016,1,6ffd31f9150f70350d045757d755def93a0584fc0b82a63c1119864b1695d956
ACS,725,1569,27221671,2016,1,53eb576d396407b32d5e397e3dbe347c88e67268b9a219d0f3ce4f2f11b86da2
ACS,726,1570,27203822,2018,1,22616418d908872871f6c4977884e2b7d03adf9a97d9f671b8ea7856650f023b
ACS,727,1575,27180322,2016,1,816364450854eabe102ffcd8b1746fbf66eba15708eb1f98b7a3b7ceeb211db3
ACS,728,1577,27136654,2016,1,5994efebbd245640d2006d0570df10aa802ea09a4ba1449e9afc28203361c9a8
ACS,729,1583,27085103,2016,1,ae97fa940c76a1300b69d050649419052a764e58b16d1083f076506a7144d854
ACS,730,1585,27073707,2016,1,2569cd0ef9e0b61df82fbecfdb72feac42a8c3ae168e554186f69541b197001e
ACS,731,1591,27032610,2016,1,d273a93d406b75ee02e213c672622c49289ab9ce7f4b87f4d5b79525d00b85bc
ACS,732,1592,29252662,2016,1,ab2acbb2a725dcd5fc1218c0dab63319ecfed4948cf8c5ef67b4485b6cb94396
ACS,733,1593,28718559,2016,1,38559210084c0d8b7fc58d5ab15d6efa63f58cab8eb1621598b323527cc751e0
ACS,734,1598,26978131,2016,1,6c6307f92f7c690b6b9e7e1e0cf3340393fe426dac929251c80c25fb1acbee3a
ACS,735,1600,26955278,2016,1,7e566f10fa8bd7e311c620a8499213f8b3a18ea616c0ffd1249e6291da4b8d37
ACS,736,1601,26948239,2016,1,9b1701d9f3719ed405c0179493324e15f9c914264958c092f81576f522e5d95c
ACS,737,1602,26943679,2016,1,856f95ce34d99f43b70fed9aa4dee2c28bf6bf1bbfb736c879000cf8a3987c63
ACS,738,1604,26927437,2016,1,20c1b4bdbcf55a2d6c990c7c234e203bcecf277f89e3fd4c5fd996adb840e5bb
ACS,739,1605,26925767,2016,1,32ffcb5df107eaed3611dbf9c0bfa6badf8b0f764f8b9802068095f5cdc5de9a
ACS,740,1607,26900549,2015,1,0794d826d85797533f1ec3fcd0572b3dfbe8d784796b6fc61f81702514eb4cfc
ACS,741,1608,26891380,2016,1,f4853c9ff487273f2fd29442d23b1705dcb7dfb687560d2293c934bb613fa0db
ACS,742,1609,26888880,2016,1,1f90ce0621ea71fda903dba6df5c33232c11ce1d67f689255540808bc5d8aa04
ACS,743,1610,26885995,2016,1,cb25c9e70aecd5f261b4413a847fb1efed99c28013935feaaf6a0557ad7fe8bd
ACS,744,1611,26881149,2016,1,cec0f482670171dc950ee158975e6acb8e8870e091129cd4ba260e45152d16f5
ACS,745,1612,26872734,2016,1,59abfa06dcc7f5c23e614494ba60d9bf5f2142c470e051f096c2df94d2db9bdb
ACS,746,1613,26870155,2016,1,eb8b5d39c40c0f19106883d3a400b377907bee9bae2dec22a771d37b12ae60d6
ACS,747,1615,26862269,2015,1,da44dbe160391365218d2e85d2a56a0c332a3c27509346282028af1c31130a4f
ACS,748,1616,26861802,2016,1,bc496df37faade9b25f8777d16862f10eca5887265f410be7d2fb34c5c30e593
ACS,749,1617,26854047,2016,1,95782c689f3d284302f93270db7c9784023cc45a93f1c16c64a7e5beb566b371
ACS,750,1620,26838748,2016,1,533f6162701146823b46bfde7f6363a79b1761f918d8b464d44aa2e970e4e042
ACS,751,1621,26837078,2016,1,7f3c2448eb75e7c5ef583c3cde9d8871ce5be6dae208dd4f55bdfe7c4b3e9a96
ACS,752,1622,26830909,2016,1,a4fc78e98fd60b0796bc2cb95537e833d819ef26ac7dee94d207d11dbe6e05f0
ACS,753,1623,26814783,2014,1,4d6d63dcdfd98af698aadfe0abd2ef67755ff28276b9d04631faf9b5c2953130
ACS,754,1624,26802624,2016,1,cf94ea3a70d3118aa3d195ce71c99a2b6b916f3508079f917ca559199170b003
ACS,755,1625,26793594,2016,1,d7c0f9974152628008edbd2bace807d2d8602ffb09f1065a330019a1d126704b
ACS,756,1626,26779547,2015,1,4564344ea9fd081456feac6140febbf2124c2a476552e1fb87c85c4b022e3bb2
ACS,757,1628,30237911,2016,1,5aab0dceaa567ab4563f47e33b55701ba7ff6de642104ef9e952a65b5ff973d6
ACS,758,1630,26730688,2016,1,ea68ceeae850eb1caafb23bddd07963696b0d8960c6c86ec78484e50235db47e
ACS,759,1631,26722210,2015,1,b935e339a11ca2af0ed5709a1f66d0868122650d3eae2efe081c0ce61fba2d32
ACS,760,1633,26710668,2016,1,ec97e238801f6b3d963b0c8e0a89f01fcff005ee42ae9df3799095044080dd3d
ACS,761,1634,26709816,2016,1,04e684b4aa40795d3db02b5f529c53ae4bce2a4fb54ab35f38893c7bcff73074
ACS,762,1636,26692883,2015,1,d3ea628a41d83c479fda90d653f485f54eb8fddf176c2a2144578473f1d4c610
ACS,763,1637,26687885,2016,1,45137650ab808495c5ea37ccfb54b7f40af3ed656e69eaec8785b0ce3ce29f1f
ACS,764,1640,26668555,2015,1,85b62fd74fbc733e720ea401363aa807b0086984fca04b7e6c18cf2215f2e7d4
ACS,765,1641,26648417,2016,1,1a2eca25835c8ed6b4bfa85bfa51e62a00e88ba4fb7b786d88ccfb7779f36b27
ACS,766,1643,26636726,2016,1,853191ed9a9ec9f1ed6e55d16c59c66445b4936cad08a33689b5805c6a3d7703
ACS,767,1646,26588479,2016,1,466682adfed0ab0979a3e97266494a9e372a4265d0109cc746c4d21934ea78ce
ACS,768,1649,26567457,2015,1,e341cbb357e7e1559f3ae5cc6bfdffdb4c697b326952c52f551134a55de8415f
ACS,769,1650,26566335,2015,1,cb1571f634b8458bfb4e16ceed427c1442fe78361188be4d8fc49dafaa96c785
ACS,770,1651,26566325,2015,1,27e3191cfb8e0f83f3f4ce60de23b37dc043c6c2d33a2c36e7faa99762520465
ACS,771,1652,26561300,2015,1,884fd8c6ee981ed4d905dd96b36add9a8148d43d914476af2df1137890fa4704
ACS,772,1655,30405959,2015,1,2fd5f496b79d4bcc849e0cf152042db655754557f79e77b17fccb412c1f1b4e4
ACS,773,1656,26538766,2015,1,fb0c6d764c84a1691c048ea30f2d38c77ba1e3f8577443631807a01a8becfe93
ACS,774,1657,26538755,2015,1,84c4f85c22920d3285c2c1a2a705e5e92b9d76adc69d1433277d42c4007f5969
ACS,775,1658,26528070,2015,1,a70617b388e946980c471eb3656ec6d9d160b8bada4e539683aedce8c7dca122
ACS,776,1659,26520871,2015,1,51baaee8631f27472d20ff877ceff85d9366663a8988e51feddfce5d316c9051
ACS,777,1665,26447416,2015,1,664cf0f48db2fe706e3012c112e680028253874995181feface8054016569e3e
ACS,778,1666,26445471,2016,1,0bbab5b03a56a1c28919fdd3a93e22f2fd10b7ed3a43a2b8d4482436f22087ce
ACS,779,1669,26422394,2017,1,68374dcee32e69ba87c0a8262647014af02d93ad5c32af3af665ad6a6edc7968
ACS,780,1670,26405639,2015,1,195f4bc1d1a307a39dd8e2f1f8f66e537f9092f0006580e1e2cb4d578fbb8fee
ACS,781,1677,26322649,2015,1,077a53aeba0311855f1e90e935fc6d4ee979e157c338d86ece9cd0e1ef017183
ACS,782,1678,26301168,2015,1,5104993f64df1e9277fb04fc5ec2655db5d5e988106e9b2a917ba688f24f92e4
ACS,783,1681,26279673,2015,1,bce448f550907bcbbd21ac3020f0752735717932b6b5f714e49af7a9474cd5a2
ACS,784,1684,26271005,2015,1,8feaa83318906d83e177001684491f89361318e3d0f1ab3f743e24d543b37404
ACS,785,1686,26256993,2015,1,c7bbefc78d048c0e58bbae2fd3455c95e40112b4db6ab0ffa2159db5839f60f6
ACS,786,1694,26229700,2015,1,0c729d5629917707f614f28d051b91673105587edf7f050ea513ab78d4caccaa
ACS,787,1695,26219908,2015,1,8cea98a723cb5e000adacf8cfa88e237f6779f4c5f0774b91c11e502fa6e71c8
ACS,788,1696,26196496,2016,1,0c089399efed266b4758f80ef26942129ce25b73549c78b0fecf3e8786617c0d
ACS,789,1698,26167299,2015,1,eb5e5d94d54ff586b3fdd6d90b6e6237bd9ff15bdfda34e9296fbd03682de36c
ACS,790,1700,26105130,2015,1,87e225f8299a1711332524ec5652e51d9915dffda4f6134690198e029079f2bb
ACS,791,1703,26047781,2015,1,802bc6d14c318f5fe4b3c97899012c69b68cfac31e5a7bc72d93d2eda0315fa4
ACS,792,1704,26047755,2015,1,e70b8583ee882e73f55a1c68acaa6d628665fdf38a7cefb27fd848b0a08d0947
ACS,793,1705,26038042,2016,1,219da5dd69cd939072705080ccdccfdd673565c2d4b37875568543641841f8f1
ACS,794,1706,26037985,2015,1,dc3d92e523335e01b66000cbde273e545e80202d607244d8c61ef8f01b85b10e
ACS,795,1707,26033648,2015,1,ac858ce8fac01458c417fcba92fdc920dfe83f3d360a914c1128cb79ed0f0ae2
ACS,796,1709,25989895,2015,1,b469361823e2c53d364fe195bfb4b9f413a0695fdcbc4dcc7ec666cf9bdb8026
ACS,797,1711,25980395,2015,1,5b8d2b4ffad7ea576f4d5dc7ce997d38d49cde380a4def8ab9551e124f29a450
ACS,798,1714,25972489,2016,1,99935edf71863b053494562b7dd7f9b682bcad5364328fe01f363e114ddb498a
ACS,799,1717,25935457,2015,1,2ed69c51dc2a3df666852a4e1bcd9de45cd4d0b5699f57b98cad845c500be279
ACS,800,1718,25931302,2015,1,f9badfa6067048523b2fb41d9a19f6e118828ae3194013ef21f1c21c139ab7cd
ACS,801,1721,25907578,2016,1,169b7fc4a4f04e0f9e2ecaff8b06e2c5188af3376d22d9987706f669b8325dc5
ACS,802,1725,25883624,2015,1,54659b16a3f157bfb2d3fed1b9c99982e3ffd19a9993fec6ec414da3c49fd0d8
ACS,803,1726,25881886,2015,1,db2af99676f3de9d0054c48529fa082aac4156bd2f985d0b6e117f9e415dd41e
ACS,804,1730,25851687,2016,1,53b207d75a9a5434e0e139e29c08b85cf801117cb02dac5a4c48f8680ee0108e
ACS,805,1731,25844506,2016,1,60b2d181ae99beb0b66bc16a2b87f3546063d62ba67ee0662f2110130e51d410
ACS,806,1732,25830259,2015,1,6653b861c97000b014d275fecfcbe4233cf1989a126da2f2bdcd64a73ff9480c
ACS,807,1736,30473914,2015,1,2a086a2603fb3ceceff5bb4702103c6613fcc2fd64b1b2c084abcd475d389cf9
ACS,808,1737,25803065,2015,1,a0c7bdfe9204f870d03257e674cb7e3a89abd7506eee955840d9b93675cb86e0
ACS,809,1739,25802562,2015,1,7c2c300912b0b15771aa04aa33db26d21d493ca583f70b2555e8137a58cd361a
ACS,810,1741,25783342,2016,1,f27e85625e0af1fb7a11534ecc265a2b92d395936ded8f81c640da25b1ef111e
ACS,811,1744,25755900,2015,1,a0db3023596f926ec834572df9ab818764d64e7b9dce933db4aa6825de8167c3
ACS,812,1749,25713916,2014,1,133dcd230f2b76b56b252eb5b75b29fee90bf69d411053ed76d0490edf8345d6
ACS,813,1750,25709867,2015,1,9698fb11ca5cf980d1c4fb947aa457a0b3ff974cbcba2a071bef0fa013f5a49e
ACS,814,1756,25633608,2016,1,f9a06f3122ac58d43a23ff447565655a5b159a815f77fecf2a4845d8d69e69e2
ACS,815,1757,25618841,2015,1,7970477d77675dd829acf5c0670ed4c0883afe278c1149cc8b6b131db8b1d2b6
ACS,816,1758,25616531,2015,1,c1021a1da947590c06102412ae4309f5cea8c8fc50bb7afaddc3d23f2d33e283
ACS,817,1760,25594666,2015,1,b6a5f2617e1397a1c7e49518852d0637992b9183b05893380c4525f7a065815b
ACS,818,1761,25591785,2015,1,cbdb3d73959243ba76a12fd214c11bdf2015998650e0024bbfad314509170703
ACS,819,1762,25587476,2014,1,f8b691fa381d7ad38d04025b23bc9623e4b71b5e6069f90e9f4a485eab3faf90
ACS,820,1763,25569070,2015,1,2592cc831b1fd6204af05c65c3cdc7c5818e08587899d1b512635f73222ae630
ACS,821,1767,25543245,2015,1,8b1a4fe58db62d526841fa863f0eab69d6677b6836f37f2f44cc0d9c46d64aa6
ACS,822,1768,25543232,2015,1,753027285bed8db04ad0c7a1a61f304df1537d40e903ace3c85d2e27274dda2e
ACS,823,1769,35761742,2014,1,124bfa979fea79d7858aa8c09f44c6ebb248f40b18b3765e82cbf5a18c13503c
ACS,824,1770,25536212,2015,1,98060094b78c77507cadad7545b5cce67f70d6eb9f117c105edb73378b75883e
ACS,825,1771,25526605,2015,1,2bfc32e6b8e91ca9695d71603e731dc875f66e61251e31c70fbf44b9c27cabe5
ACS,826,1773,25489945,2015,1,a556e0b16babaf4ec39c205e99e3ab2a94dbb2c2c9437e3a43e5660618efcd9a
ACS,827,1774,25469650,2016,1,0ab80f91cfe2fb6d6fa5f6e3c4a93716156e7e96c05ccf5fa6f19440c1b409b8
ACS,828,1775,25463427,2015,1,6d23f746fbd1d88aec4c42d6dc33b1424247181fa11d44d992dcb474029d2e10
ACS,829,1776,25460492,2014,1,dfc7d6a50d8394c3c4b1719f1b2d4277e8f8226f8d24aced6cbcac08f8e2c5b6
ACS,830,1777,25457313,2014,1,ef9bfd21d88b70e8e58a48687cfd1dfbdbc13c7b261f80c518ed413994ce4906
ACS,831,1779,25441288,2015,1,913800563ff27bb40d3a4780f2cd85cb16fbe0c334f108f02a44540eafee14a4
ACS,832,1781,25433283,2015,1,50190689beca103dff4a19be57f92a51c6f41a33567fa92dc9202abac639d372
ACS,833,1784,25429488,2014,1,aa2363c7a8e1e6bb60fec2619a8f28aafff2dbd56011854ae34806c0e1419d08
ACS,834,1791,25378506,2014,1,97b0211856fda0c3dfe4b6892e2814af8b784a06dbab24ca47723034a85d5555
ACS,835,1792,25371838,2014,1,3ad623894af84f5e127889af70bc0bb15e2b16e779434ebb88f189db26f22c20
ACS,836,1794,25361856,2015,1,bacf5337c60913845e1d04edd981c4a472c438f46a262b29e9947c3a7e53b265
ACS,837,1796,25356260,2014,1,225cd56f20468691ea3abb2bf4c86498837b2479c63a0430529844cd2acc067d
ACS,838,1797,25344942,2015,1,7b0ab7d2d720f87c7ec43e1af8659551451469ba227ace0813de05afbe7bc3a2
ACS,839,1799,25325011,2014,1,82722a0e00b2b7268dd3281e7fb3a8d8c652316bef20c7cb183239a2c2e2bf9b
ACS,840,1800,25316974,2014,1,4e6a58c5e321c1522d3097141bb9bfe6e1f391c95261f4eca7034e9d82e2e84b
ACS,841,1801,25307712,2014,1,2876ca3bac40ee5eaefa88d02f10d09a758601d6bdbc92e506a63936b48273bd
ACS,842,1802,25287555,2015,1,2bb6a6266b59e0f59d5fb77d847ea086a9c96e0d0f60b98ec5ceb24d3fd4b049
ACS,843,1805,26814507,2014,1,5015ae3550347bef24565ddc9bdf7e9d7ac3593e2fc0eccea0856fffaca4eb0c
ACS,844,1806,26814506,2014,1,22d8069dabb09d4a62d1bcf586e8867e847c3a89f87d60bdfddb9601bb12e452
ACS,845,1808,25251947,2015,1,8a7fb3210d19eed73ddbb2f26b01e352c1aae92e6bf4410bf93e4fdbda2d730b
ACS,846,1809,25242763,2014,1,051b7a254da680581dc387ceff0dc4036360ab2a5634af61c25cd2e34450a29c
ACS,847,1810,25233159,2015,1,c36ab9903a01bc3ef14ced1fadfd69b32b33d3ac729e97a05399b6d35953905b
ACS,848,1811,25229048,2014,1,cf6059ebce72c34ccce8d9a8fcd1363d968a64b136cd14b7066f5eca282a0a31
ACS,849,1812,25229039,2014,1,207f338251720bdb3fdb0ad8c2bac2300a4f9ec62bf7ec18d34226d8194f88ff
ACS,850,1813,25172983,2015,1,9c37a3f6079707ca7546922573bf0c976a9253fa279b8425b5e9537fa829b2d3
ACS,851,1814,25156099,2014,1,77fc0e16e269256ea0248f45f43607759f11863ff3bd4fda616e14a178e9df32
ACS,852,1815,25154564,2015,1,91cabf87b33152ae6508abe75610e4ddce2b0c2f863339e6c9fb221524853a6a
ACS,853,1817,25143498,2014,1,34dc8b4362ac2d14c87fba48b8efd244575c61ec7b05e1f6ce957a90029780aa
ACS,854,1818,25124897,2015,1,2aca3a00c4aba9a9e87d92a5911ea4eec7011b35a33658fc8c2b3c2120be7888
ACS,855,1819,25120938,2014,1,94338bdfb673866715179bb9bcd107d8b2d98e7575c2ebf80e385491cc654778
ACS,856,1820,25115315,2015,1,69e8a6fecd12b9ab98de8e314d712a31a7e19682c9e511480e55bef26515acd1
ACS,857,1822,25073437,2014,1,799d7c386d990fc6d85e0f7690f8cfd3cb4f2628f9e1a2f53a43a8b4f0895a5a
ACS,858,1823,25067973,2014,1,e949d05b6478c04b64f3e7e528d920fe9348469146faaf8b410245470eb2054b
ACS,859,1825,25050747,2015,1,e27064c99cb5e6a5c60a0a5112e3cd50be02ba5f0d6273759cb742952d7c524d
ACS,860,1826,25049368,2014,1,500421442b482cd4489b3d826f8fc0155c5bc7704e8bfe8f4fb5182edbe10e39
ACS,861,1827,25015600,2014,1,3490c3420f786039804dbe42a3b637b4d3c14dbfbf4431a4632a43bfd92a5927
ACS,862,1830,24977494,2014,1,63c75b1bbf7ad9b8341091df48b69e0d4aca678eeb4779ee255f3e97fffe3303
ACS,863,1831,24963970,2014,1,e5c3af1439458e3b0b70da2f922e4cb8afdc0c9fb004c65cadb8472a58d235af
ACS,864,1832,24951947,2014,1,8bc96f0aaf5515ce817ba40fc2212d43738452cecb335de4794e573a418f8fc2
ACS,865,1835,24936841,2014,1,0354871701d04079bdc79f6a494e23302720dcd644b6347fc81d56f769695d4d
ACS,866,1839,24916420,2015,1,99778acb36b35cbf73ae80422e43d326ee82a5223a95e04d51de068ffdeeadaf
ACS,867,1846,24890160,2014,1,f4363c571b4caff7227ba31a3794be208bdb87821fec3aa2d9be881870d15678
ACS,868,1847,24890051,2016,1,92d13237b4b2b87c0d42da9d103e0c2b42960cd3c1e5b74b5359eae269c20fae
ACS,869,1848,24889660,2016,1,72e3931efebdef00d90f7f22ad2bb8d2d81f1a8829355c41c2b9be140b244e5e
ACS,870,1856,24817163,2015,1,3b0866aa96f1d944729c4277b335db1cef5b0b19fe220a3fb87405d20cc966a2
ACS,871,1858,24810151,2014,1,79314a2a6ad672b87d12eeb7f771a9a663fde46e2cf339e2303f486681c9675e
ACS,872,1859,24756740,2013,1,1041452a5ae06238f11851952c279d71fc6f32a92c2171be9cd53f7ffda44117
ACS,873,1862,24730002,2014,1,59caf2172fe076b051cdcec2c251cdf2f6091411383cd4baeb94069486c1d537
ACS,874,1863,24693519,2013,1,e21da50a2c46fb9eb6deab2b1331b798587500d0e0921b8b747477d3b202eb86
ACS,875,1864,24675751,2014,1,887c082c656a8aac27bb4a99dfd2224ba41886bab304dc2b3f8e36da7f557f62
ACS,876,1865,24664450,2014,1,868e4c1861c15f9240e8b4b0e327d59d612bf5bea538c998699f6b1cea566f8c
ACS,877,1869,24610770,2014,1,b54a68952c5a84f9e52cb8d81285adbd03c429df85c9f4a7ca0f93d654f65841
ACS,878,1871,24567863,2014,1,a2f736a8eda58b2254c4da35f49d8ce3a1f70da169c1006ea5193935a5af4691
ACS,879,1872,24563799,2013,1,20aba81ca3a175ace1751c18e708efb28c9d3d58b8b7f2b6910635aad3d3004d
ACS,880,1877,24516765,2014,1,84ee86af0dfa79fce9115f469d37357ed79f3943bf4e1c8633cdb0c87d79745f
ACS,881,1878,24512891,2014,1,01496c07d26a0a15b9b6dc03e34bc72da8357b62e024c30116beefa71fa91da5
ACS,882,1881,24474581,2015,1,a33562b2448670442cd6a933569eb609ae8cde4f264905d2bf322e051a059b41
ACS,883,1882,24462514,2014,1,9f7b03a709da335740823323a0af747022763c5fa5d01a18146ae2fabb65cb28
ACS,884,1883,24459539,2014,1,bd5a7842c4fac2e7f66e510a9392711be692cd87b1c7d045afb7bad662aaa66d
ACS,885,1888,24432081,2013,1,061bae7e7d9f23e158f938915e9958d3f7e0ed4b552b4ce12aad325c9cdf3667
ACS,886,1889,24431270,2013,1,56edc1eea79d3a11ad27ab6613a3be169238ca7b0dc2a62575aa148db5e48397
ACS,887,1890,24428586,2014,1,640934462e4174e46e9da771c9b9c423d4cf4e86486b2007dac67de4ca468532
ACS,888,1891,24426965,2013,1,ad709c88f70158368a69de06d6fb394a81063e2799eae1583dc7b310a6232124
ACS,889,1892,24421654,2013,1,aa1ac3ca682d383f15aa42046087e29679cd1512069ca1e45079558e8b50b4d3
ACS,890,1893,24398772,2014,1,e976445919cbb964d73c102873672ddf01e89447c9280afc70bb1185d45f4631
ACS,891,1894,24392235,2013,1,41557cc5e53f77eec031e0a4ed72e5a80bf5781ec569414cfbfcacff51fb4eec
ACS,892,1896,24388256,2013,1,2fc2e5a6bee9268682f691459a6c151fe514f5c54fa75eb0320857e192a84125
ACS,893,1898,24378432,2014,1,df8c2c1686da4c8dfccac1a1f33e9c8a660420cdd91280e4966eadbb95620fd4
ACS,894,1900,24351360,2013,1,155a4b9540cb118dcb1acacee63de06207136b57e753fc0e6cf3815d60b90174
ACS,895,1903,24345099,2013,1,27b3f7fc1dc42233192b3893476d6f76a4f3776da0aa12dd5bf52c1d0022c65a
ACS,896,1905,24332260,2014,1,8e0992c95850696e0a2b6e2cff0b9a598f06f0bf62b4e93de52c8f69949589a8
ACS,897,1906,24306104,2014,1,c8673a6ade975e5d421a3b3803c1cfba4833d7c66ee6e831a9cc949601aabb65
ACS,898,1908,24295566,2014,1,e5f8424635616d0569e6b107081a58b697f0a4aff6b258a108646a816bc640ff
ACS,899,1910,26848501,2013,1,d6f466812c7944607bf7f78bafe46d44627983afbc8829dfa2dfeba83121b8f4
ACS,900,1911,26815541,2013,1,3c0f041dcd0a3e792cccc54cd7e065a61ee847dff2ab65672cf14dd1e063ee6a
ACS,901,1912,26815540,2013,1,fda5a5b122d2eb3636c7c176736f8f3fe0a1bd27eac42df30f64615ea7210e46
ACS,902,1913,24286045,2013,1,0ecd30ee530c409b55ffdd5d4c74b8683136772fd1dfb8607b548e33be1f2714
ACS,903,1916,24271459,2014,1,85e119a46ef00686a30b7fb9798ec3244d7ec131b9034b4c0f98687a0a1f2245
ACS,904,1917,24232039,2014,1,d38c6aabbc59fd0fc8208509279c2dec4ba427445d90d0776409d30aa97e9bff
ACS,905,1923,27927374,2013,1,9121a1574fa3e677365c1821fd07a52fb64a236e22551f9ba364a6e0eb6ca61f
ACS,906,1924,24175149,2013,1,1306c152f311a37b3acc56442e11b1271fdcd4ab8896301d7ad9591996bb5abb
ACS,907,1931,24069993,2013,1,4fcfb5211b9e06cd455133ed6989f238ab7f9992cf42bc05386f507ce75418b2
ACS,908,1937,24011810,2014,1,0364d64666fe48289f2b2b84fae416a7f8043b70ae13afab3ffdea6eb3dbf47e
ACS,909,1939,23971480,2013,1,b639234f6d7b318b3189cb33f4a18e6aba077b2071a7487d04b72f0ecdccd89d
ACS,910,1940,23969633,2013,1,2bf859de170f518010f7ceb089b7609e4630fbe9cb06d4d575b5fe14644e1057
ACS,911,1941,23965913,2013,1,193c3a8d1878b6a95fbd2583058fd9f3452fb378dc6df75c4c3ced1c33447f20
ACS,912,1944,23932352,2013,1,39c62ccb38a78b4f26b336c7f32de62a5e2de465705db5300a6a29885b2ba033
ACS,913,1947,23879906,2013,1,6b31919e406a3c4ac4a1d5282ad1e6ff70951e8f33da08e81066f872959470a9
ACS,914,1948,23875149,2013,1,73b00a5734195a216b4c317d230c633df9e1e685fcad5c98cfd05b18662e5de8
ACS,915,1952,23841000,2013,1,f25bc5c57fe7f82c9b266237537cda88a8098e04760b5e5283f521845bad397d
ACS,916,1954,23817874,2013,1,b5a3d105e11a5753d2fc0e8d68b3c409fe083999e844a5723b5c98aa281ae40f
ACS,917,1956,23812134,2013,1,71564b0385bb83108480cf2b389c27922a50afbe3d66e21aad0b55c1d3be8376
ACS,918,1959,23789049,2013,1,e00c2b220759d6c50f6082057b87e65b16d228b154a9be88f033ce8b4a5c0b90
ACS,919,1960,23786987,2014,1,1494c1cb891c57be9350597003e1794ea1aa6c2dcdae4970b4f80f3a2436d874
ACS,920,1961,23786231,2015,1,fbc119c05bf092227aff0b309a82f6e38aa4cfd574e21d31562e1e6072ac70dc
ACS,921,1962,23754632,2014,1,c323d7c01d6c1933d08568376cbcc64ddbbe3c01904895f0cc9edd08b144fbb6
ACS,922,1963,23743679,2013,1,25dc70ddc3ae59d016a5db098d03569223855892405b6a61a40286b3e2fd9f56
ACS,923,1965,23726386,2013,1,2acabd4d7ad38ddc048bc2d2d114a38e58d097d41b081ea48938ec875b30ca9e
ACS,924,1966,23723281,2013,1,af5560d96ddf819c63029ec02c8039adca0318e7e72177297cca8c825c6b6f51
ACS,925,1967,23720594,2013,1,5029034a9de0ea15e0eb25a19396ad9d9f0c6fda63a1aa84d74e53b7049f7475
ACS,926,1973,23660964,2013,1,633f805e0cce5bbc48eb7db541cadb5f9f8cb2afd84d3029c7acf49e191fcfeb
ACS,927,1975,23623318,2013,1,99489df6b25c0e4f2be9bd6bf27681ea15d17ff451c723a29f79c8056aae00ce
ACS,928,1977,23595064,2013,1,a81e2b25c82c735eef0572670bafc2650ae16a0cf2ec4810f3266a71ba4101b0
ACS,929,1978,23573336,2013,1,a8e14d5014ebcf36243309d3671ca67fe681a50079ffb1cee724c54007733488
ACS,930,1979,23573335,2013,1,5b08b1913da36fc27ce17d97b55f0df45ceee2b3beff4cdc0467272b64d39d74
ACS,931,1980,23573333,2013,1,f4af4af1b216e29a19338f1e5f33ca86f6fa657123b76250dee088e2a1cc1c02
ACS,932,1981,23561303,2013,1,fa0cf5edb61b0dfab1ebbaba9c852175fde770b21e8042b592c83bd44983be53
ACS,933,1983,23553293,2013,1,b5d49374e0bc29053b21f9d697a65092dacc6c5f60edd326eb2b820174f9c750
ACS,934,1985,23515126,2013,1,5601070e0168ffdc2567a1d5d617f54cc18959e6876dbe6910e194d7ac02592d
ACS,935,1986,23511145,2013,1,5a76d56f1ae9a90643c689ac733d6865acf975c3542e5fa7f100a10290a84a94
ACS,936,1988,23481923,2013,1,c4231dd1aa74a4d83b9b0168c3d3bad7a616ef6ad0ee199455b33f0f4eabc4fa
ACS,937,1990,23456905,2014,1,5f6be06b87b578440c4d390ffb1720155c6ffbca815380be358df1aaa113f242
ACS,938,1991,23449054,2013,1,398eda9f812ef669e63e4a1a747002f500d862525179d80ad7d16d079e1c8e1d
ACS,939,1992,23448753,2012,1,d0c19799a0f934eebddce85bd463612a96bedbf7a35f3a1518823f82e7e46049
ACS,940,1993,23406789,2013,1,197317af580235227211412699981a4b7b5b44e8e69bb0abef3aea45a1ebc6e5
ACS,941,1995,23395011,2013,1,171dd48523fe7715bcbd50c1fe02066e0c377b655d4fef2c935f8346bb094b65
ACS,942,1998,23388393,2013,1,8a602985a158516bd95eac2d9644d4d220c3dd367ee7e8fbf49c0e18cf168ca1
ACS,943,1999,23371941,2013,1,5a475acc799461a2092a927e67a40f58cb828e1c636a32bf652682d0eab62aa6
ACS,944,2000,23369940,2014,1,049227eb72171d277cd4e802edf673740644484eb16f0a2e31a51f87a5a32509
ACS,945,2002,23343667,2013,1,84f6dc2b34f2422a78373c9a4a87f527ba5917ed65954ef09f51d6b26af6148c
ACS,946,2008,23316242,2012,1,b09d1a36c86cb89fd22035d3b2f1d6f00072378a5a7bb17a0665a5c89267f568
ACS,947,2009,23311432,2013,1,8d61fba926d2b5f40cf9faafd206000d6450a8d1508d1ff06aae988004e16f2c
ACS,948,2012,23294843,2013,1,91834a2c7950285ab52419b9ca3f1a70b9bc07f064553f87c67513f6cdfe96eb
ACS,949,2013,23287757,2013,1,57f8dd620a339a7f973d1dfbf90c458e27b599a0b674d71a1b789e89fce832fb
ACS,950,2019,23255636,2012,1,63822d9b5f3d16467a203f99be6c9c74fb85b8d77a8ed718c4ad085d7e70b476
ACS,951,2020,23248724,2012,1,7ad27498a7fc4ff845be51ef85c4d726a3b499abe67af0740bd9d65b4b3d1a23
ACS,952,2021,23232655,2013,1,02ccc1499f4fe8a27360c0c238bbc4bfff14a20e252055c9023a4c135fa8e0ce
ACS,953,2023,23217552,2012,1,062a7c09fb918f771a0cf3254af85ad7cbdec5a361f634353db4439447155052
ACS,954,2024,23200336,2013,1,a53ba55862df74e0c7fc830067d9a40e022d868c86d058f3ceefca003c21c6ec
ACS,955,2025,23162231,2012,1,9dc99ca322bb9b694d434f01a0352d5f7479a33fbf6859969ac1e835b1873e8d
ACS,956,2028,23150851,2012,1,69f5ff1b9a3674885a757105d2871fc0ee602ce833522ac0c2d8a510d3f919ed
ACS,957,2029,23147615,2012,1,c77fe99a64d0d058b55beb72db9864487b0518e6f66923055bc0c38d256baf7f
ACS,958,2030,23147175,2013,1,4137ef7844a207b36a6dba326915a8feedc434ae14ea20104d9983e783c31ec3
ACS,959,2031,23142113,2013,1,b8767f0f76f28512a6c811b3304c62d38d493d4c1f7ce6bc5183263fd137aebc
ACS,960,2033,23118759,2012,1,fc0b3008b132ab12b07ebfbd4bb90aac0af8645b232d0a7b69e45e1610492e9b
ACS,961,2034,26662778,2012,1,7da0d6c6c5666ddecf8e16c8af7783d9589a0563068f72516146a9b248083fcd
ACS,962,2037,23064021,2012,1,d9258a18c687983fe422703510f2c3440e377da141ac1899c5c2f8ca568dfd12
ACS,963,2040,23016078,2012,1,fdc9d701dbf9adc96edd6ee2bd754fd7c8c3c6d23bc6cbcfabfa6c35b177bc74
ACS,964,2041,23016060,2011,1,51f9db95085ab4890f36b5d97bde93f5de4714df4df513e8fe5e3e9797a3b9c6
ACS,965,2042,22999514,2013,1,460f714d7549bc038c79f260848baa74e89f40a3afda2d6ec25879debd4b7aca
ACS,966,2043,22985734,2012,1,25c7623a93c7353f31459cad53b2fe1f26f950cc64e6b248576a3e9a61fe63e5
ACS,967,2049,22927150,2012,1,8b8c6ed08b87f88c3647dee5881dc5b2fe4615eb44486cb95a90645ebcd2d7c2
ACS,968,2051,22906919,2012,1,ad2769528d4b8dedbf9ebbc1ec0a960cb81b4727a2663502e145012cdebf1d74
ACS,969,2052,22906680,2012,1,c3f8c8a986299b0c7fc18a12084651e13a16bddc9e8412cae11d59d082a8f8ea
ACS,970,2053,22906429,2012,1,14fa42431920602f0331fd121a17c7e818d5087eae3f91ac3c4ccb9eea92053e
ACS,971,2054,22894765,2012,1,1ac87e7891c5a95f2a685c0f3936c5414caf660f3e548a9507dd7d3350c91f22
ACS,972,2055,22892617,2012,1,12bc095bf5050110c358f87bde492981723d076eb05553f05c202d8805d25a45
ACS,973,2056,22873424,2012,1,70bfe7f7c750bba9e16322032df96b7f7ec8769cf57ed8e06de0cef45759021e
ACS,974,2057,22873422,2012,1,e1ec67847b6877891f1227db70ce6e6f8258859304e8e88f61c1f6727dea070a
ACS,975,2058,22873421,2012,1,b0c1fde9144f9e096f50a807ffa6a7eff6989ad4df93b61cfdd5e78dee7dcd23
ACS,976,2059,22873414,2012,1,4ff49f8fd96b8509656fc90ce40a3ebcc334722cc30e4917626e3c6718fee9cb
ACS,977,2061,22795846,2012,1,2c36279326ea90b70a07441bd16046668dc149aedb250e25e4d609ec598917b1
ACS,978,2065,22765483,2012,1,289176dc11704ca6be9da6cd9322ba5ac82c3e6156dab09d3350e44b98928c6b
ACS,979,2066,24350108,2012,1,980fe7a27440d55c64b2b2584474c0bc80b5a3dc860b15179506566a50de3e09
ACS,980,2067,22729503,2012,1,f7ca4bc996f1dcf7943ad1da9665793cc67c5e26d7503786f43e407bf7f0ac17
ACS,981,2068,22710774,2012,1,5704f12be7fde4f9d3b714a17f88330671c4c54a50e6a6f538b580b1296a35f5
ACS,982,2069,22710766,2012,1,e7092334faa269a149641b7cd31ce9fb40ab6b0d4688e6010471ebcd8b18cb0d
ACS,983,2070,22663906,2012,1,f239c04ea575621d24dadb88ce8b13799943bd33f1ea974a0fe808302ec21bd4
ACS,984,2071,22654706,2011,1,50c136d4e7c0b0f2c4adbdd17985dfcaae4fd51f9c2dc23cbf72c5db279b9c36
ACS,985,2072,22644598,2012,1,dc3cfbaf2fa6f1b31b0486eac428645f57ea3b85e99ff73bb47fffc08a73b01e
ACS,986,2073,22637209,2012,1,629368b78d992b5fad595340f35f61e49ec3df225f51d118ac6826c6b011527b
ACS,987,2077,22626871,2012,1,663a525348e35b3118a31830c77922c40e730598c2443d9f043889a3dde3986f
ACS,988,2079,22617929,2012,1,6c5bab4858f59279bb9a07276291bec6878c437bf1b92d3721a19bcafd726bed
ACS,989,2082,22609289,2012,1,5e6d22ac1cc30c9df90ea8480d1f55a70173f7bdb3f406bb8667376cb209254e
ACS,990,2084,22575481,2012,1,6d587daccc1d5bb4096fc9e17fb86cda65084b166829f844b4edd170e881fbd1
ACS,991,2086,22545876,2012,1,0acfe5a8d1d3d6c5dc043ae00c469f914e414854a32c043306c3f866a2bcd6ee
ACS,992,2088,22527150,2012,1,97ecd5c5ea4a9f92f63f8228daad77623d5e116882e27b2de01f8f12e800a400
ACS,993,2091,22482041,2012,1,dfe51feb810d67a3b66cbc5f524e8f644bbc4f97d9f541b1031d1b49aebd2eff
ACS,994,2093,22466112,2012,1,266cbcf01ac130ed105388245ee2d34f3136f8d4cda96779547ffee1696e212c
ACS,995,2094,26815829,2012,1,f1c2d7729e626040e3db7e12c23792402eb33a1d1c97fb6c8086cbea84fd7846
ACS,996,2095,22427621,2012,1,09602b042cd473399009f8824185d90f642f10f91e155faaa3d34e04e5308436
ACS,997,2097,22421858,2012,1,2bcaca6dce810e5c5e63cc0a95af3a595b6ffb9f363f30203ac56e38c2a5fe6d
ACS,998,2100,22395993,2012,1,c65622c4cc265a9a1760114c0d2b2428c1383fa00449700774b1b19f0e0f5522
ACS,999,2101,22390406,2012,1,e6fa9a7ac75cbac6387a920a54b3a0a4b79b503c333e0592f28c24b743ce4eda
ACS,1000,2104,22360900,2012,1,5d3f99d5b18ef63fcf54ad5b9782e9cd9a56d0c579df5ec9d412291a2810c9e2
ACS,1001,2105,22353163,2012,1,f54d9d7780b3ce681ae3dfbab975ae8872f2487e9425aa77722e0a884e0dd507
ACS,1002,2110,22309469,2012,1,bcd9453cdb4f73def8451c78772829e7cbda371a45e13ebd0fa9141a4dd5d37d
ACS,1003,2114,26815676,2012,1,a5f4cce575a281feebf755bddbb77e264f80fbda916928936720e2dfc7518217
ACS,1004,2115,22277688,2012,1,316775212a9e86a4a03e4830608d0b6f776e388b7573f849ed8f5852303b37e3
ACS,1005,2116,22267140,2011,1,f78078e18cbe27d207c5fe7b6081e0773f885fbb6d042fdf58c27f4daaf6ca15
ACS,1006,2119,24977081,2012,1,a8b60fb997e639f69752e2026e60b06edecc68284f0f3de549811a46255eda9c
ACS,1007,2120,24749093,2012,1,c2386cc123c89cda7627ae15ad1a8b2fe6b223b233dae6716d32a031e21bf7bb
ACS,1008,2122,22173398,2012,1,47bd90e14a3e5925863da5c7986f78f7011ef32ac4c4d68f01163d73d9a7385b
ACS,1009,2123,22171133,2011,1,7d74b53d6092f49354a564c341acd04574304adf2d9da7d43874c506e79f25ac
ACS,1010,2124,22163093,2011,1,475a920eb97f78ccc24ce36b03fbabbf7fc5403734aca381adf7fb66eb8eb90f
ACS,1011,2126,22145789,2012,1,4e0f3fd75ea09baa9708e6190534c3fb74c5a3740f7900abeb783d5b465400d8
ACS,1012,2127,22133601,2012,1,1149d745f3599d0bcffabf02030bf0e74ed09dc6fccbe1828cf3d217ba323399
ACS,1013,2128,22131927,2010,1,4e0b1e795a5e870296dcdd108ec110525d2a11f1d800e5d1d29583b006565043
ACS,1014,2129,22131567,2011,1,993b5bc4bd9b16ecf9a75ecf538e8ae3fd09a70e04b546826010de6326b18590
ACS,1015,2130,22117207,2011,1,30d6bd04f4a0e8add2389975b16bfc66bea15a8d2d850acf12a184fac729f0e2
ACS,1016,2132,22096723,2011,1,ac91381d9840b9f34d57589eff43911d1f1f675f7d302c74f351881543225db9
ACS,1017,2134,22071934,2011,1,977576ff71c058b5bea42b543752ad7d667c16d527b46a6a14d225e95422d082
ACS,1018,2136,22033056,2012,1,ce1ea71e31922db43997b4bc787a41615fb7bc93dd72337ac35b96ab59bfa11f
ACS,1019,2137,22031858,2012,1,5d013c2e96fa359e6ece4b7fe9c98a8b6d3dbb2ff4929c3706e6c3433f4d7e9f
ACS,1020,2138,22022031,2011,1,a447bc184537f2562afab30659655e45b69f8d2b632fb2580bc436fc1b21c256
ACS,1021,2139,22013257,2011,1,eea94ddd29ec7740548367a1fb16913b8240570828a0f427f134044edac5fd92
ACS,1022,2141,21997400,2012,1,ccd739aa13ec3f28a890c7eeb9de72ab579c6a00f8c430afbb751519574b6196
ACS,1023,2143,21944457,2011,1,2c028100c6fe90001682f9b1a69c33fbe482a8792b19748e47cc36f3bfd5ed86
ACS,1024,2146,21944453,2011,1,4b06e7aa621c41be8232eaea98229d16cc4c350e674c0451c8d7ee1e8e629852
ACS,1025,2147,21944451,2011,1,6ddbf162dad51b60596d4f3c80e836682b36722f429a3af0ceaed0d43f7faae1
ACS,1026,2149,21944444,2011,1,145d336c6e6d5ff759452f3aeb45568f967a1cc50646a3ef3ad37ea3ac958dc9
ACS,1027,2151,21976928,2011,1,5c6435202909bfb5634170370e6b8e6eaf3a93bfb1b53efc9a1bc036dbf8dd17
ACS,1028,2152,21976011,2012,1,67982c5a142e17df0128b964190c064ae3b49c0051422ba2b0437f4dbf663249
ACS,1029,2153,21948310,2011,1,a38578e33a2edfaaac149fe0598605190f4b0b80da0c23c79fc12b1fb5131a57
ACS,1030,2154,21944347,2011,1,ecda38eed9f0fe572df14ced89431f918bb99f3fd3fe299d484e80699f66694d
ACS,1031,2155,21912014,2011,1,61bed2142425d180ea83be14166ed99532236ba12bcb288fd30b8df8ac351c25
ACS,1032,2157,21903735,2011,1,95c965bbeaf18883c0d31811d83daea6af5a141144a49e4821f0a99ec53a81ff
ACS,1033,2158,21902975,2011,1,7dd5240ce64967dadd731a032b3c701c916391113e484417212ed932d0481007
ACS,1034,2163,21886468,2010,1,29edc5d49c0e646aafdb1d368849af5297c48afb34aefa32624c1b2cd705c5ad
ACS,1035,2164,27027045,2011,1,40c624499917fe70558f99ca10bd2874c92536cf1d1ab9272e4be114dac5b666
ACS,1036,2165,21877258,2011,1,d0a02bef814e420bedb8be8b93982f04c6b22b58c007411b41317d394541ba24
ACS,1037,2166,21854485,2011,1,45723e4220dd3423f7e678cf79f4a589538f3ba54fc08b42f868d1ea060e0c13
ACS,1038,2167,21847684,2012,1,2a0901a0e08cb5725dbaa0a3d229d1d0f1e4845334828c32d2eb4f411a79c146
ACS,1039,2168,21843818,2011,1,098cbc8fdcfe3cb92cb6d23a3b6fbafb8012dec929091602b3c2688d0553e7db
ACS,1040,2173,21772635,2011,1,b935fa7fb54afa8d50fde9299a470f9b7dfdac1c019d0e475135895656c9a09b
ACS,1041,2175,21745299,2011,1,19ec9967e673f5c436238c92b6e3806ee722697d7f09fdac5d7bd6a5761efd23
ACS,1042,2178,21719009,2012,1,a2dd94f246f681accbdebd856d9c74be5dc8e441597a73cf8358cb8a90ca00a5
ACS,1043,2179,21713230,2011,1,b81c7f987b59da35bff1c08ce6d503de6e9f7bde2a007959a5cfeeec31a5abdf
ACS,1044,2180,21710331,2011,1,a19c15a0d1a793c3d680da1beffba1395725ccfe1e65eddf985c61d22a4c4589
ACS,1045,2184,21667738,2011,1,5191feb50ad2c589999d4ac6df5acf428b0d5ee985609ec064e69377b12003dc
ACS,1046,2187,26815106,2011,1,873eaa9e63d9a1498ead6f20d59f8b541ce9684537c6f09097b147b9baf9b8f6
ACS,1047,2189,21610385,2011,1,aac7c064900c7e5ca277e720496071d65098b54f3517227f231b2abb3c9f8223
ACS,1048,2190,21601824,2011,1,c619c7fc941a66be6b156d458bd520cfeb81820cb9456d6a0e2546e2f924dc53
ACS,1049,2192,21593717,2011,1,c181ae178da8ac8504f01a91ea0e5eeba7259cb68bfd32610fd502600954a363
ACS,1050,2193,21593369,2011,1,b32711244b5e4dfe421cd18991adf28ee4bdd72670574f7fe48b3d26700c767e
ACS,1051,2194,21584816,2011,1,de1499b0c027ec04bc973bded5b3f3eda26800f56905d8c0c7b139d9469c173c
ACS,1052,2195,21577072,2011,1,19cf53a70dcf462b1de729f254931ae0c7a4c4ccb5f7b94d6f083cdd603b9cdc
ACS,1053,2196,21577071,2011,1,5e2b1c0ab55569b6e323426fce2551db52484dde300a31499179d21a348bf640
ACS,1054,2199,21553787,2011,1,2ae37b958f50930ff30491884bc54bd31a505dba03b979d2214b4fca55c2fdb2
ACS,1055,2202,21543278,2011,1,c4d6a2f7b6b99068bdd501ada7b057dcf8902bd4372bd5126aa83c5e1b9e5c34
ACS,1056,2203,21525540,2011,1,263024003d2d8464b3382a829c86061972097d49d8dcadb13b3e97944903ec37
ACS,1057,2206,21513525,2011,1,b8aa68034de511ab32487ed36ee446a9b915c3933fc3380799fb198adfab922c
ACS,1058,2211,21455472,2010,1,d9964866794b5e4da81c72592a412f971e6eb49495e1b336f4890749188dc962
ACS,1059,2212,21443836,2011,1,3394272aae0861e0ce60c3fe244d9e400eb9149114ddddef17ce9290ce240070
ACS,1060,2213,21421203,2011,1,2b0650d990505ddbd7e6efd4494758608b7b7d07bde0430aded7458c3c71a53d
ACS,1061,2216,21411345,2011,1,5f4b95d3f5dc4af03ebfe8a02a5f36e2b092ba4ca0b6c58fe2471ec49316423c
ACS,1062,2217,21410124,2011,1,acbb2fab013be1949d01ef9f1f7bdde5b0e1645fb426c622b74ebb3ddf5d1a65
ACS,1063,2219,21398008,2011,1,4e6c01e7ad5c405ef6d53d907f67182082cea1c1970905352d1490f72ad2c64a
ACS,1064,2220,21396315,2011,1,90c1b0690ef1d863a421d41813c7743fc8cbb9c02919840295181169bfef7c24
ACS,1065,2222,21361746,2011,1,00e4e539a2dbb68acca45ae7a9361308bbaf4cea54f8f1ebae38c613454e4b7e
ACS,1066,2223,21357935,2011,1,a9df93ddfd236b7d6520d890d59a41b3c35714c98296d42405959bb09dcccf7e
ACS,1067,2225,21339238,2011,1,bb96ed36e32012b568c284d45c5009c14e69af3e55134cd26cb6aa9bbc8cfefe
ACS,1068,2228,21307081,2011,1,27fc5ab8063a43262179273d631f72d6ad2fe1c017bb6556dd296fa22a659553
ACS,1069,2231,21286459,2010,1,68d448db4e60caaabefa94eaef2210552a92dacd955694508a5bb61adff89639
ACS,1070,2233,21275358,2010,1,92bd27e064723c189cec5629b4c015dafe2c4f76ffb840b8157811b786553f35
ACS,1071,2234,21268953,2010,1,f61f00fd7c85f1771ce340acbec107a8260cabd34df3ee6f2b6185e3b9d5be58
ACS,1072,2235,21265048,2011,1,17c2d63d344607546effbd0d5def0f142f2312440ec3801c9b3699eddf546f89
ACS,1073,2236,21233723,2011,1,92201faa0f34cbeb479b667723db2c08c77ebe856f4f7915ef4b71de906f406a
ACS,1074,2238,21205767,2011,1,cb404067b05450e750f64c708609c26508872983c93682d4103a1837e10b30c3
ACS,1075,2240,27820172,2011,1,3771a6b90f222e2977fe6657ac3afde250890bd9b2a9f91452bde8379f91f270
ACS,1076,2241,24971839,2011,1,f10348d52dd84f1c19f4b7ae63bc03bce87851fa9913f753b9e0f6018f790d25
ACS,1077,2242,24950566,2011,1,fb392ae258c09b5ce741d8de27aa5e3a401e7ddfa541679e1e07134efeb8c2af
ACS,1078,2246,21191430,2010,1,b828875ef05fea3bd2cac7dd281a73b88cceca98149a2ae3ed5ecfe374c9e097
ACS,1079,2249,21166849,2011,1,58e2e37b61c0503387d5ca1e6001d52ade442f39c29e7fd292170c397ad350c5
ACS,1080,2252,21155367,2010,1,e4aca1bb7249395c08756fcb28a80c0b370b089231745ef9b4c219003c0ba42c
ACS,1081,2253,21146795,2010,1,d0e24faa9d003e07eb5285df112a622bd35bad9a675660fe30d03f3b6f727d16
ACS,1082,2254,21143863,2010,1,65d9ba23a820892cda9da3aede1fce78da9e636d5eb2bc986cb09ffd591c35b9
ACS,1083,2255,21132501,2011,1,b8e18e12f653ab349da7234cf7eaf63d47896c812d1356aedb9042aafb23ccc7
ACS,1084,2259,21102202,2010,1,8327d6c09801c5f19b80998898039607bde11cfbd4ce267442c41953cb4ded0d
ACS,1085,2261,21063552,2010,1,3f48795d8a039f306deb5c8dd427e10572a3809e059b7343730d46fd8035369c
ACS,1086,2262,21063498,2010,1,32bd21c1b10cb16f606af5fc716770e5c0aec6773c512edee66c003637fb6a7e
ACS,1087,2265,21034934,2010,1,e10fa1dd7f6e8b5d6e07c8fafbdf3409dc50b874d7580b5caa2f47134a63d265
ACS,1088,2266,20969470,2010,1,4fbe685e8550e71578de46c50fd731e5cdcac0627a673553ffc14ab8f1c35105
ACS,1089,2268,20934933,2010,1,6b82d6a93fae97599c8a88f3125271de089db542550fcb76bdac97b7a1138c94
ACS,1090,2269,20932363,2010,1,9f4f0df33687d08a0e399c40dba981eafed4598d82a06e37414b7a64e557414a
ACS,1091,2273,20861696,2010,1,795c7737e62d2ad2d18948066dd91e7916235b51e55895b949eff229469cf706
ACS,1092,2276,20812575,2010,1,dae19b5e64774abddd5e1afc1b05e5243a05522e4455874ea533baffdd52dabb
ACS,1093,2277,20812574,2010,1,0bc77a313af4a6e6a81c1d7f67d415e0948a46f67766380ba158ec2185207bbb
ACS,1094,2280,20724875,2010,1,1b2994c0a100e473a1eee49ad50613dfdcac5ef0051d207eae5a7b9a53dac877
ACS,1095,2281,20736787,2010,1,95ef8232e448efc8720627161a47591cf54b969ff177d7ea4c7250d4d245b384
ACS,1096,2282,20724101,2010,1,caf832b5a46820ff9e57c6e4c2c3fdd792af061e36f9a16c7ea1ca3ee608e75a
ACS,1097,2283,20713929,2010,1,66d7afc392b1f2459521b147d5b3959abdff686c3dbf8d2d03d208fcb7bcbbba
ACS,1098,2288,20678764,2011,1,9ac78614a3e709ce7627c5ea5c713fa83661d62f2c418ae23ebef42a12c5a34a
ACS,1099,2289,20674245,2010,1,4e746c65cdf6908b8a22072eb2798fdfc4b906ad285f48aedfb6cda9e86d5549
ACS,1100,2290,20673346,2010,1,e53aec8151009267ef1131073e088b9f223a938bd05ce954d372b981f21819e5
ACS,1101,2293,20652000,2010,1,f4bd6e653274018f50087cfe76e159ecd3a31a5c3f2d4c4f0824985c1feb55e5
ACS,1102,2294,20638527,2010,1,49b81e0babed24e7249efdd5f5875101d30e1e96cfc67cda6f341efa6406710e
ACS,1103,2295,20631472,2010,1,cf8eb406cf81bd1d009cce60dd8f6a4cf42b4f30565b9f5d303cd3cbe2047cb3
ACS,1104,2297,20624281,2010,1,4c7e1319772e7404797968bedd61890ff2d97151a63afb920afbf9a602b5cbb2
ACS,1105,2298,20610031,2010,1,92fd15706601377c3930b9bf391b57b9d41e2f664891bf78c99745f74e90237f
ACS,1106,2301,20575916,2010,1,5be46c57bb45ab58c15c2afec471dedacda72831500548d335d5540f0ed5d28b
ACS,1107,2304,20541631,2010,1,90bb26c1f02aa38893282cd523a0ee90637c5d78166766178573e20d3d6e595c
ACS,1108,2305,20540228,2010,1,aaf26f24434295fdfe6528b89db89af830cf4b69b6e7d388abfd686e52a6aee8
ACS,1109,2309,24683264,2010,1,1d7be98e1fe8a1c611676ad233f7913937a84322c5c3a84bdaff488f830328ad
ACS,1110,2311,20502228,2010,1,882e985710cf257d9fc9936014cb74470e39e28ab8263ed42e640f0172b56592
ACS,1111,2313,20495494,2010,1,db2b08706f53186d61322f3358b11df26bc1cecf4535b5534703a9542d8b39c4
ACS,1112,2318,20462891,2010,1,de99769d87e52ef44d739c4ccd5b842857affcae6f20177341cd19dd32e55646
ACS,1113,2319,20459600,2010,1,ae67ee439be719075a61bf2c3311f96a5abb192f9ed33fb12d570694489c3114
ACS,1114,2321,20417482,2010,1,8e36f2093664658c6416d346fdf7f0e6185aab59c2af88d847fc95496d505af2
ACS,1115,2322,20415397,2010,1,e24ef2bf00d8251945e50883ac35df93f701e210531557313b2dbb07952291b4
ACS,1116,2324,20400754,2010,1,56e13e49b46c6684fe4024b6ea8adae009bbe3b0ceafd28e6afc1d7091180dd7
ACS,1117,2325,20397606,2009,1,f7e51c0186f2be7a8e4003316f9464edc05a16b0a1d97951228e3732c4845ac4
ACS,1118,2326,20383289,2010,1,c0d2755ba6f13eda73c16dcf7bb643bdc38db9ae2a69811efc6607b6656489d3
ACS,1119,2328,20374624,2010,1,8003a44bb8b8df52c871f93aa4d1e15b2b69956e14443dcb709a32b053c51f4c
ACS,1120,2331,20349663,2010,1,de874583d3e12b0535f62b2f2d0918d27d0f9ffc92185fe2b8bbfc4d741f10b7
ACS,1121,2334,20309660,2010,1,8b469157284b45c3b5c522cc22dbfab917ebdc47edc22b96d7e9ed0cf2c63e1b
ACS,1122,2336,20234769,2010,1,3262726a1baefc145f3f472dadcf34875ce06a14048925ba2fe2e8ad8c5ac9fc
ACS,1123,2337,20220423,2010,1,4743fb8935c7a1529da848b67429a3122478e1505e28824f8a7847d063c3cb17
ACS,1124,2338,20194221,2010,1,41c343ef23ef938e299cfc4b934113df4402f70244730db12eca8bc61dc00604
ACS,1125,2340,27022532,2010,1,e71030af3bb6de5a587f1302ea29b206a7efdc12a06b5311291c4cd70d4374aa
ACS,1126,2341,20149369,2011,1,267ebab9ecfa86bdc38e7f164fe25bf4bb81b2735591bf73a23c4d3d00b38bed
ACS,1127,2342,20124063,2010,1,870838f9b8de589b10b1d9bc96a2d779ebb1a1ca9e62a8fcf7c7421afd994c49
ACS,1128,2346,20095067,2010,1,8a2cd16c1a6541c4f2fd6883a87af90348879d5f61d8939c99e7f93725d664e9
ACS,1129,2348,20080260,2011,1,6b7a75509931a04d1c7fbf1672aa67a9267e885a7b8edb6955f9d9dcb10d05e8
ACS,1130,2350,20074694,2010,1,6a2d6600ce84a272fac035b60e62977fa7237e92e28e1f100760c71d7ea41a23
ACS,1131,2352,20065877,2010,1,191d6a14a1a983510234dd208736c9117ec9b2ca3a2dd7fbdc3caa9b7320a8ad
ACS,1132,2353,20061917,2010,1,4b237c89481e155f70dd72875b7c267112d60a91e236aadb1924d6d1bc4ea242
ACS,1133,2354,20044694,2010,1,d5c66b006637a093c595efa61eb47140941f04effe1a6f55c33ff074a8947dec
ACS,1134,2355,25214968,2010,1,c3b67ae99d2b6f8a982e0acc357f95b73efff00a0836b874fb0b2493199be9bb
ACS,1135,2361,20013289,2010,1,69078cb01fe75351aee3ff6b0d48de0fedc6fc47fb3aa4d1e2b917ad7a5076a1
ACS,1136,2362,20009687,2009,1,0f5f585b33a253a30d9ee00aed1ccb2e57412fe7c9886eec5a241dcc9b772819
ACS,1137,2366,19961614,2009,1,7212473b540b97dadf3f602201584b896ebdae8a39e68d62a616d055e2eebbc5
ACS,1138,2367,19912116,2009,1,3ca3024aa906c85de76aa0b8432ee3b89dfbfa4db3fe3a775ea9870c58ba9fbb
ACS,1139,2369,26815379,2009,1,9db1570fd880f97d7288c482b9c87c50526911555e32fcf5ae346c081d73b32b
ACS,1140,2370,26815376,2009,1,f5042a7cf0fa2315195fd8cf80320a991d5337ab99176e37bbd5b451d75c24a1
ACS,1141,2371,19946500,2009,1,86da5138a0c23ddbee864c35d6a5e9e1803135b0e3ba3e1098336d96660e4db0
ACS,1142,2372,19940813,2010,1,30d07552df25c34f0c168fcc32e20d418d0e1abad18e828eeb46df6c90b80bce
ACS,1143,2374,19886153,2009,1,4eaffe41ed14b2ebbe9f984a311a994a3a0da5a86e7d52ead91e3898df4aa48b
ACS,1144,2375,19866241,2010,1,4fe04464472b7304562bfca640ad022a53bc9f06e6c68fa9a5ee6e473c72d773
ACS,1145,2376,19838368,2009,1,da24fa3666bb766cc5db70390c8bbafeeac24fafa356904b7d891d932ca56a7d
ACS,1146,2377,19838350,2009,1,e60ded934e8668ccc3b13350cddd1823f8f927617651862bd62e077ae9848f99
ACS,1147,2381,19820579,2009,1,25da72ca344a6e42b410e190eff90f1b0de02b806855aad8b87e5888a5ad0bec
ACS,1148,2382,19819533,2009,1,c07d222796164a14fc3eba6912d18356f5cab8213f64c3117c6d918066002b8d
ACS,1149,2383,19809296,2009,1,c2a52af2168dd6c8d215a0325abd2d5d89ffaf2ef7e59425a03188226f45c82b
ACS,1150,2384,19804582,2010,1,41f37ecaafa185acbfd72a8b8cc3be43cfdb6010a6d826dd234a9ddee17c53ea
ACS,1151,2386,19781906,2010,1,8ea6f605ba9febdf7f94f07099301be49c028ef968c90c36fc3ae619cb1d55c8
ACS,1152,2389,19755068,2009,1,83caeb5432a062cddf91425ca270bc3107b38a2614d28d27aba6b2a6dfcc41c7
ACS,1153,2391,19741393,2009,1,65a13deb36e079bb135e19b5af2c8eeb7ccd30668ba31095f8fa0454b1c3fd13
ACS,1154,2392,19730042,2009,1,9b1076a0ecfa1cabbd96249352c9a149654d73425c85463ed3cafac16b92eb52
ACS,1155,2396,19688102,2009,1,616a2befa6a4ad646be3128b99f79e235e17a0025ee7b7f96d3613636b9f3889
ACS,1156,2401,19633461,2009,1,5a5540f8b6f748748771e2d55dcd65fc06dd8ca910cc2569fea2d029fefc417d
ACS,1157,2402,19617230,2009,1,d69ff680e246cccc67995e5768e451a59f7cf15b4a1c65be97a362e0625ed10f
ACS,1158,2403,19592037,2010,1,588728d15bd5bdaae4300c89cb33586f62288d4193ed1044fa2e3e52d9b3b333
ACS,1159,2404,19563948,2009,1,ea12913d64cd9eb1e3b639f202bc9783553f45e5f3cad336acd815bd60bc974e
ACS,1160,2405,19562441,2009,1,d4336c18650f8661d7d6e3e3a6992ffbe398b4f35fd94caaae3e3d47c49c5e06
ACS,1161,2406,19560565,2009,1,b89f2d4d04375bae2c1adc6d0ef7e236991fd637ee87fbbc48dba96e3d15694a
ACS,1162,2407,19558765,2009,1,78dc783e656b7b167d3af004a37fc81562cc4793a2a28a792163a1865a77ab9e
ACS,1163,2410,19539282,2009,1,95f45692c2fb553486e0a5532609278c88a020a5b524ed5674bde89c35a80f14
ACS,1164,2411,19527510,2009,1,9e1102cd49b8cc9bcb462e489e030f3d4a2144caddc64ddce66f4b73a8f09f1b
ACS,1165,2412,19523624,2009,1,113ca816925a8bfc8815144c23d1ba1b8f34eb87ddd19141ef80ec812b07a71f
ACS,1166,2413,19517954,2009,1,3e5279c31544d6f78c0279e99dd66dc9af8c78f36909695d6ab8d0730a04ac8d
ACS,1167,2414,19517196,2009,1,5bb91f3c5d19dea77e42096ba67832c3ae2449ce210133f39b29c325e222dc28
ACS,1168,2419,19487946,2009,1,bc438ce55951c4d8492199a62aaaba672e21fbdea28821ca865ae94e8911f96a
ACS,1169,2420,19486872,2009,1,53c1a3e630997f514cc40f1b278745b94e09f26f83725519886728a6dae283e6
ACS,1170,2421,27638225,2009,1,4e1fc0f173696d75174064b5b23e0cd011dcbd414dfb6c710b37be3ea18bd8fc
ACS,1171,2422,26814911,2009,1,4e29dc6886444847b736cf5e2de2feb9d5aaf6d7fdfd42eb321fe2d69c701162
ACS,1172,2423,19476867,2009,1,0c80ab8aa0576dc802e6ba16f823bd58e3cf2a2e3c8b8ce82cd3a2afbbf32c60
ACS,1173,2429,19427629,2010,1,3a4a0061373aa0cacd31dfcb97f901ad1ef289d8c1bfe328f10a634e850b02e3
ACS,1174,2433,25903319,2009,1,75fc3bcb4c1d9b2e6255d0ba1ef816ca3b1f02dc7e3fb14f380529b2ab885f20
ACS,1175,2434,19384624,2008,1,58c1d80db5f74fb60bfc6bb099d303d033996f330ea196a703f6dd4bc15f5804
ACS,1176,2435,19384607,2008,1,0bd19d82a22e541b7db263a3764b65e2e8acd897e2eb8f5be2ff3fa9d498b91d
ACS,1177,2438,19363690,2009,1,ba6c9d1184ec9c9997c1e124992cc4a41a4c46d58f78ba7e670d607ecc1882b3
ACS,1178,2440,19350318,2009,1,5a835d684aae39f3a670098baa53ad67a3b6678adb6923271e6c99508b44ba52
ACS,1179,2442,19340666,2009,1,a59a8bc19df9342b08744c8d2e1333aaa185efec13daca1bd3df638579706457
ACS,1180,2443,20524495,2009,1,7520e92f5d9ae2ba04303aa1d12b76ecf88668750bdeaa9e08b0f2fddac7d57a
ACS,1181,2445,19328024,2009,1,f5b188b1ccd3efefc2b6a5d3df0918a8a4a25dddf6b314d77a3f8de3a1aefa71
ACS,1182,2446,19321400,2009,1,0b663cc42078d00a445480a8e0f524833805ca434f97cb79945f30f14212a7bc
ACS,1183,2447,19308544,2008,1,9d6f35c632b4583250dc1b08bd8ea44baeb72ac1852355e58b92a3216895e60a
ACS,1184,2448,19305277,2009,1,c4a68352199bfc03bdfebe26bd4dc174456f391b56a386586884090c629f52fd
ACS,1185,2457,19255225,2009,1,df4d2a7d13aa5fd3aa46c2ee459028f19b08a6ce66c4f5fefd14604c20a3a501
ACS,1186,2459,19245917,2009,1,69ca1b478db5c0861a2797f22e3de49207c3c381dc266f85e5692ccc56344608
ACS,1187,2460,19243602,2009,1,b069425e669b92c4c785409d57632d2fbbc6388840b8d3663e6c833f8cea86dd
ACS,1188,2462,19203372,2009,1,6d3d152edc95f86672c659c5e0ce84f52ab32920ea8f378e2b33fe01716c1986
ACS,1189,2464,19182620,2009,1,a2e1fa6f8971bd46b96b37542070f7f2e1e4219f6550314494bb77cd02932827
ACS,1190,2465,26814537,2009,1,c53cd45cc00f026be446f67718e5a60d653a7e7162fbbc159d70bb73354c0638
ACS,1191,2468,19136736,2009,1,913d93960f8955fdf26992a4ecb3c3db30d28e1c3d88a70cf55635da527df3f7
ACS,1192,2470,22132025,2009,1,dd73a3f3ecf6a2171e9a1661f1f427ab2dfc3658a76b4579534e421d9491c11a
ACS,1193,2471,22114624,2009,1,e0ed63179ee1ac8d55749a8c7663305c8a5c835f419ff7dff36ce7d3f20a279e
ACS,1194,2472,21483527,2009,1,d403471d25450ae342a53d3bff14962a4e429b25a72b1606e0d236284fbc7517
ACS,1195,2473,20948692,2009,1,698c2248bc5365a62a955d8351f52d97f3492f9cb56b16c27e2a84d0a863bbfa
ACS,1196,2476,19070847,2009,1,0a08d7030a29f6cd98e7550e56c18bade5e53e4f7a12a68d4c69a3029c58359c
ACS,1197,2480,19056007,2008,1,adcae0a0ea8b4a61adc2e611bd3e7caa0d5c7c6f0c4b139fd1db2c09eb56c641
ACS,1198,2481,26816283,2008,1,c14e0c98d94e40026b0ff565a7699d911568a9b3dd8d4cb15e24d7afc36ac6d5
ACS,1199,2485,18978542,2008,1,153d4a2049d7952f5a109cb52e479304f49f3efe6672747bbf44557a5791e5a8
ACS,1200,2488,18926462,2008,1,eb420143e6b7beedc487b2bd772890912421e31c949f6309ccdea686ab91c903
ACS,1201,2490,18923762,2008,1,fc1597d8e5d06fb33b86b24738823811273e6267be7f6df36bd1b1d15bf36a5a
ACS,1202,2492,18841232,2008,1,5956d8c40c51720f8629f7d8b7c3f662baada46d013b3a5064b5f8941318eaab
ACS,1203,2493,26815993,2008,1,b9b82293cda6e79149e6d42e7febe047a8edb4e9f043374a6445fe3564baaa13
ACS,1204,2494,18812897,2008,1,a3216c5628fef4f1a21d42f37fc817ea8a3da9c7368652e5cf54a4fbe15dd41c
ACS,1205,2495,18809277,2008,1,d09bbd470f80bbc4ab935d8ea5ee1b12441deba7654d718cd0e2cc834eb92ccd
ACS,1206,2496,18807666,2008,1,917af1614023d018bd36184fed322863894b85c88440a260b1e00dd71238a88b
ACS,1207,2498,18796020,2008,1,0a6ff37a65e207afae3f2a6dd97fe1ce2724ca37cdb7f12ed735b228006e656c
ACS,1208,2501,18779771,2008,1,ff9d13b0a5efc26388a6993871067b860a698f73937885dbb9b9a7d5c48fc3db
ACS,1209,2502,18766488,2008,1,df15e5599da34215b5b9654496354d206cf95dd5a8d555a1b252ccdb91015fab
ACS,1210,2504,18757965,2008,1,22a225950d0a0bfb352288dd6c405402f9d6cf30b31475a51b753f744025a631
ACS,1211,2505,18752784,2008,1,8e0ef781f80bea0eae5e5fa72a111751e82156d06a223217f6dbdd5414fa5f6e
ACS,1212,2508,18709776,2008,1,5a9d3c4e19428c35bc63b77ae7507c57189235efabb3d4aa11b7b01c5bb510da
ACS,1213,2510,18702223,2008,1,db03c3dcf331af667481279ac73895a017e172eee2709a6b02b61401f08db803
ACS,1214,2512,18669973,2008,1,a81982496ec5180b6d8a268d43c47823ea557caa02cb92c8c3694962ac2dda58
ACS,1215,2514,26815814,2008,1,cf16eee05bbfc5baffacb17b366f6f57654086a577fa38c7243320d06de5b6c8
ACS,1216,2516,18656869,2008,1,5c79f77b6911233c5336d35c6d62450d99d4c5d947ffaa85be9edd0c30427904
ACS,1217,2517,18644919,2008,1,06d600e28c619966b4b9bf6de86615d40af375c7ddd4dc0f7c2b000abcdefc39
ACS,1218,2518,18639692,2008,1,bb3864deb9c8425c5db297875956da08dec22d59fb4b353388904dd8c86acd91
ACS,1219,2525,18579185,2008,1,097e010fc519de59dc96ef299b664759553e3c0ec3b6e6da915a2271bbaf123d
ACS,1220,2527,18573205,2008,1,e38f968771e6cbd6930580a213468a62ee97012ef67e2404ebb18594d86a55e0
ACS,1221,2528,18567089,2008,1,085e711545815f29b4f010ce15037b0115a2d7072776bebd887cb1213b6d9487
ACS,1222,2529,18567084,2008,1,8515eb6864f951943e0b2dd17578981094174caf119127e5ea8d5be9def4af3d
ACS,1223,2532,18555146,2008,1,2c2fda4755ef2cf1a42cf3862c6e535c4f97c32e22b3530d008aeebddcaaea8a
ACS,1224,2533,18549745,2008,1,db85c1be5fa7223450afb23c29bc86135cdb7738c067cc23d727ad3f73dffa0f
ACS,1225,2535,18535480,2008,1,4f7560e69aaf99ba612617e02c6f86c9d521987cdeb0a3230ad1b90d7f2eab08
ACS,1226,2536,18520642,2008,1,5e2407c85548bd2cc4f37c848188ceebb2495d79bdf6174e9e191380926b1252
ACS,1227,2538,18499817,2008,1,30a6989b9360d26911b16e22595fb023427b1d3ff24dd861d3d8595cb76253aa
ACS,1228,2539,18498844,2008,1,efaa211a3218a22b6912262f11f1f3dbf7ced4142680522209db4297b383b62b
ACS,1229,2541,18469669,2008,1,5cea2dcab9537e6e24fcadf1cb82c610231f69cb4c705aa5cbb8ef9c349a330a
ACS,1230,2542,18469635,2008,1,a6e4d398b9fddf5e3d5465df4074587f46f1a8f204ed9b35e57fef4e4a3405de
ACS,1231,2550,18376159,2008,1,f908420ebebc284eed9e88908d22479035dacc6e552cbe4308c6124908db6e7f
ACS,1232,2552,18376685,2008,1,365b4db91b8e23eeadebd78aeb58194b0fe38e7ec9d658ec44633977131c4762
ACS,1233,2553,27408109,2008,1,7064a7a4155d53af76d00a15c1052a357fe0a30c06cd8b1e903ffd6ca9c4d396
ACS,1234,2554,18356713,2008,1,ffb4e708ad677031b25057408eda863f62eaf8242f904f961e16c413d8a5c04e
ACS,1235,2555,18355147,2008,1,0dcd3af5cbbf6a317560216fdeba100a8f55516f4741a999e31fd85d58fcfbef
ACS,1236,2556,18351128,2008,1,c9a678fd265df7904a75e0ef0a45f8e7d0b5ea829a5aa400dee05cf5350d127a
ACS,1237,2560,18274178,2007,1,34bbfce80ed22dbc72637ba5070b5e195970e7222183cc227616e81324baa1f4
ACS,1238,2561,18237393,2008,1,b66e84f4ec21fec52d405b7e0b598578d811afbddf3cc1f7db3f1c134207b28b
ACS,1239,2562,26815486,2008,1,e3280041bec5a603c24a538928c83cce5fc4563f4a9e8470ddc937e19deb461b
ACS,1240,2563,26815485,2008,1,d86540fd61756d7c6bb1b25bd7ac9e14a4a8115c7e12a61ca60d3ee6ad7027b0
ACS,1241,2564,18234076,2008,1,d2934efbdd87580313d970467b7b2d91be2c3c7f91a4dafcf3bf1ad57e602f5a
ACS,1242,2565,18216762,2008,1,7dbd06d9e05df6bfb0bbbcf9e533079eecbaf70855f56facbdf9be13c7be54e9
ACS,1243,2568,18182901,2008,1,10db2d21aa8154c5375ad26c6bcfcd434a0b13216047c72c108e57be8adbcee9
ACS,1244,2570,18071623,2008,1,de724d12b928bcf228098c163bf54d683d4a4c928e9269287f1257180fd66084
ACS,1245,2571,18065235,2008,1,d3faa6c886936f7859a755884f3e5dc76b64152e5703c35d42bd9a2f114ad688
ACS,1246,2572,18062049,2007,1,fd483b54259b9637758a2c5fea441bd140280f40332d798387c077dcb8572efa
ACS,1247,2573,26815086,2007,1,1e588bed8c06aebd7c2694e2c694156cd36b52a89d1ce576fa776a276aca125e
ACS,1248,2574,26815085,2007,1,42ac75fa7d6623f3efd03a4ee614229e53e0ff0f7bc411271525150738e0b33c
ACS,1249,2575,18043906,2008,1,888d6a4084338da239dcc2b1c6174d2f8a749eb57389876d4d309fa8b03c70dc
ACS,1250,2576,18040700,2008,1,d266ee2afbf97becb2bcee35040ec25b136ab8693dc00332e5d0ef8c65631bed
ACS,1251,2577,18005775,2007,1,fa235f848080e66818b541d56e54ad8c93ae138f960c527b0cc787874a01e4d2
ACS,1252,2580,17992173,2002,1,39755e7cda8f80049334fb05f7a5978c3e8ef211e92555d5dc1e3e9052de63b9
ACS,1253,2581,17990215,2008,1,4d45e3f0af6a4d0a9b61c35a761f1145823db9a463bd76b45bae18498ad3e42b
ACS,1254,2585,17919365,2007,1,ca6bb019c5c9e6b4e4120d34312064edf21c953a23f053c0dd6b55f2d6a476c1
ACS,1255,2586,17903734,2007,1,34012c71bed09b367bc34c7e96ab9bbc1c06beab400113aa314760bc00a965bb
ACS,1256,2587,26814939,2007,1,09f1c14f8db6d8dce1807f3fa5d3978b76a274b429b04e44d2888514f1072889
ACS,1257,2589,17895487,2007,1,2a889b1760222b043781a9a47c88309d0a3c9c5401db9beb14bcf00b5d057cb5
ACS,1258,2590,17786971,2007,1,5dcc8c72d4b8c49082f1746f5b3237b7239e7cf9efa346aca3ee5999804b8353
ACS,1259,2591,21326474,2007,1,a4f1c38bf3e4ed4f5379cd05415d76727d708a0cd3c32eedc31b26a46c473311
ACS,1260,2592,17694400,2007,1,59c7c4c9e1a99052fed2cc484996d12cbca9b3b77bbc821fced07acb4b6494cd
ACS,1261,2593,17693823,2007,1,db00b4fa109e67b6e7d38b1089280d998cf437192fda7a8bcdce3e108c417950
ACS,1262,2594,17685947,2007,1,2f90b27579df551fb1d2bdc710644b794068699e4a481e81bb8b5ef8319e4c00
ACS,1263,2596,26814739,2007,1,ff42a17c545ab0d7c4028868a2ebf9ea6a9d102f9a11c8277380e49cba6fa2d8
ACS,1264,2599,17612437,2001,1,3cdd98acef91de4536cc56b5fe134c76bf6447122ce1fef66ec79b6e903742fb
ACS,1265,2600,17611461,2005,1,eabd04c001f194fa2ca9b50ebc5d6a16400b11b63eee276bc224a45661c8d43c
ACS,1266,2601,17608982,2002,1,79a2086905729ad4b71a6ad33aaabb1a4e2e5bac0b28d488a0bedc7d2826a9a4
ACS,1267,2603,17596897,2007,1,e1da8ab9c6ad4efa0fdf6694345501dba69fcce57368e6bf5e90307282b25766
ACS,1268,2606,17576536,2007,1,6ac63cf7a8882e409925ccdad9ecf61b5a8f71f906e719127a4dfcbc5b2bcf4a
ACS,1269,2608,17563650,2007,1,afd22dff605dcf9cc89aa27b7eee4cb0683ca608bcc1aa6f8b6ae366b68dde55
ACS,1270,2609,17556037,2007,1,ca190be8f1c836de0a53769f2ddb41d971a08effe913fa08687b840bbaa74869
ACS,1271,2611,27519891,2007,1,c4d05803add17669700fbcd1b981557b0c594d88ec61469d286dbb6d9b574731
ACS,1272,2612,17485999,2007,1,38a879b8b5b73580bb7da2d2f0546df3cf802956189e221a061b96511e1c1e3e
ACS,1273,2613,17481484,2007,1,5b9a633f653141bca479338987b401f17cbfdb145e90308690e0d9f99b67a98e
ACS,1274,2617,17469712,2007,1,da4729e39d37e82dbefcd89e4a60a6e33e3649b7232b08059f0051287f5317bc
ACS,1275,2618,17469710,2007,1,b5951333819b2544a3968de3540654a4da21e1dd3f2d3e654a2cc2d146321d89
ACS,1276,2619,17469708,2007,1,7353df0a68a193a7e0c163926bea74e66d49d764b4e5439fb4744443313dea01
ACS,1277,2620,17469707,2007,1,4a493e036979c1cecedadaa041599d5ca15d54cdab901a839cc2c12d77da2706
ACS,1278,2621,17469706,2007,1,902d0f1ca00d341fea08af898ae6b592bd0999c47fdc0e189b7524e44cd74a12
ACS,1279,2622,17469702,2007,1,f85f6ec159ff1304387c161142a6e353a23199773757bb889139947a4d05ceaa
ACS,1280,2623,17469701,2007,1,59abe53aa6a708444daa12ea9f2e65bf23831f5e08b7ccfe01386bd7224f0ff1
ACS,1281,2624,17460007,2007,1,1a22de05c52f01b0d607fd9e076085b1e27e6288f1828c916f051544b83ea95e
ACS,1282,2625,17453405,2007,1,3b3e9841c578db052ed96dc30e56c3bf6d202996618cfd40fcb9cf4eb5ccdd65
ACS,1283,2626,17433166,2004,1,19c810465c358c488ce540f900b2c82d08e42b296a1519b2b7d0c874d519244f
ACS,1284,2629,17411454,2007,1,a52af8e6e60f6e425f99342ab5899f12644e486ea582fa189c48ada301120757
ACS,1285,2635,17306263,2007,1,26d6565610fb9a5071683edca2e24b33a1c9ac7323a2aae1ccd2c54b71331b91
ACS,1286,2636,17304064,2007,1,a0b6d742325b064a865e0647c8db992d9374e21b54f200f83fdeccb938023d31
ACS,1287,2637,17296423,2007,1,3a310272951f112c6abcc5a705ebc6968dca75e5f671aed5de4bb89a5929158b
ACS,1288,2638,17285385,2007,1,951fc46d3be40daec684d2a73200b93803805d5e39549a6038da2cff4f1482c7
ACS,1289,2640,17273045,2007,1,6cd1ba82e0783573dc317e1e5084586e7588f86b44a8d9adda10947d4e9e9dc7
ACS,1290,2642,17254610,2007,1,091ed3cb4ca8097df26e20f699ef9d0c02905c3ab0e5b4552ddc10cf2018f805
ACS,1291,2645,17249448,2007,1,f6a30705a1733983e7a6bf6881e81e7746688ae116367a0ce621976428284340
ACS,1292,2646,17219118,2007,1,9febc5143cb957e87fb13dbafbaa2e06f13f1f050293a49d019534e73ca5b539
ACS,1293,2647,17218184,2007,1,8452a3643999e11eaba6cc70c33d51fecc8d165cd91c0587413ea931661d83a9
ACS,1294,2650,17199699,2006,1,e88dce6effcfee4411858ce9ac9926d4a054cbccec63b6d259084e138a64475b
ACS,1295,2652,24881724,2007,1,094adfdf003b3cf7372482fdb5277f48ce048d333008fe69837d70882c98356b
ACS,1296,2653,24881723,2007,1,cf282142e8a438b3f7c2a375e6083ac9e03a92dfd8c8fac01ed29a464152fc0d
ACS,1297,2654,24881721,2007,1,d28cf07a8d7ce503b5b4b502412ec16d7d265ebdf78908ead94b4ad65eb8ec0a
ACS,1298,2655,24881714,2007,1,9247cd0d3433e8fdc368acd1cf24775b90fa80fb8c029b1e5cab0392b80d6ede
ACS,1299,2656,24881711,2007,1,125ec62596f02d40081f95cdc7635a3dbaaca2f72b90e49503e0a463f7e17512
ACS,1300,2657,24881709,2007,1,80d7b198a5e169128da79e240f1ac26ceba88cfbd41416fdc0e4b8217c4abbdf
ACS,1301,2658,24881708,2007,1,d132ada28560a67dd2b100bfe02cc19dc68e5f4430be7e3ac645d03985b832d0
ACS,1302,2659,24881707,2007,1,6a4a4ce7dc4eff0afef700c7e04deb185252c6c3a14683e3ba5f6986c2138e9b
ACS,1303,2660,24881706,2007,1,561511f2de7333d74f1e8db8bcae19ca07b2da3be6f74672ecc87c7c26cbe82f
ACS,1304,2661,24881705,2007,1,a9ab5b170dbb142517f4b750eeb140bc7cbd175995b1c8398970cd9e8478c007
ACS,1305,2662,24881701,2007,1,9c5c0eb6d881c3013ce0a67b66f680933d115f348eeeb1cad0828b590db3ba50
ACS,1306,2663,24881700,2007,1,7017340eaafeec13e0c37331015000f4c87794f632169b461f98b7506fc84fd1
ACS,1307,2664,21611613,2007,1,81065c510c327d9647fb27dea3945b73a933980edf4a1688f2c381f9e8ac077d
ACS,1308,2667,17161433,2007,1,e72270b7eb3ca910838ea5e32b6e552242733b5890ef2a05437c04264eb6ac87
ACS,1309,2672,17101353,2006,1,dbde9ccf8a3c3f3c2b3aaac726a8bf641c124fa17aea41b6649b59004b12e4a4
ACS,1310,2673,17095940,2007,1,8350a12bc4a9f5188cd38889674ae5bdb071bbbc002b1d45bf38ed88ed187e0a
ACS,1311,2674,17083309,2006,1,aa3023939bc7825d164905a59952fd7c02161f7afe59e3a6ede227927072aeeb
ACS,1312,2676,17080005,2007,1,28b8706f6b7ead506673010b8fdc32102975c64785c18f5e758e2d6a538baf18
ACS,1313,2677,17077957,2006,1,dd0e0ab9aa1d478c64f0898d8b083d8d8eb72837169f9d1db2a13277a3c3bcaf
ACS,1314,2678,17077927,2006,1,958c0258a014d18b62cec7cdea0606783345fbcf47a58a8e39a52efd96469190
ACS,1315,2679,20011320,2006,1,75c2fee67754cf9b84cb7daf64054fd863a77f557b09222a6d51c366581a5d2a
ACS,1316,2684,17033558,2006,1,17fb52ecaf5af56202d71a305b016229bf821a947ad3746afd8364dd5a842305
ACS,1317,2690,16937229,2006,1,47b5ed7aaad7735522131007471c0c9d0e1582beaf6b9ce8e743c3fef970495b
ACS,1318,2695,16874216,2006,1,5c1a825d9b1ab1003bc80479cf7ce9458b1359b66faf7a93e93bfb1328105208
ACS,1319,2698,16828417,2006,1,27beae2b3f0c7e1bca059a58c0cebaae7820f9075e55c06e042771e5fe4b28ce
ACS,1320,2701,16778540,2006,1,e39cde4e3fe1119ac7ae970f81d6900ee0ac49c90c309fc6100162ab58a4e29d
ACS,1321,2703,16766979,2006,1,72dd5866aea8f50f10a78bf4f7b53ec2a6d7bb8dc33047deb10852523d25d593
ACS,1322,2704,16761889,2006,1,c7921bf1c6d75403a5a32fee2476c48446b955f2fb900cc6620562f4fa1ffb56
ACS,1323,2706,16756735,2006,1,aac29583cb7104e3d52fbcb8991cdd29b97aff25b6366f9d0986c50fc4ddc871
ACS,1324,2707,16754495,2004,1,b91e4518de9ade0c6de4742f6244539577da5238d5e6250bcd8c7605210005c2
ACS,1325,2710,16688067,2006,1,b92b941f791833b3c9564aa18cab7b0266620ee21225a77b08af9a2f33baaaa0
ACS,1326,2714,16651197,2006,1,ac8d0fad0f3fe4f652ee874b35802c93a76570ab96a337708fdc85b29acc13f4
ACS,1327,2715,16647348,2006,1,d1d9230b929b711f905074df79e5c18be50e7af62b7714ccb8d10a04a114bcbc
ACS,1328,2717,16630234,2006,1,ececaf390c746a352495fcfe7666c5c26f5a1228bb9a1b28ae6441904f4d73bb
ACS,1329,2718,16628115,2006,1,693ae6fa77be4737c5c8a95f2c087c1fe53fe69ffccbc679180ee04bef160d65
ACS,1330,2721,16612581,2006,1,3cf40bc09ccb49e917852cb885c600c7f41647c5888966baf67b6659ef77b6b0
ACS,1331,2722,16603108,2006,1,2c15907bd95b68b933eca8236b96fe18e0142bc067b624331c08c3caa06112e0
ACS,1332,2723,16601965,2006,1,b62e1978f541df32b8a7818b21c90dd4d65a3d7606312b5b971b44deb381ec57
ACS,1333,2725,16595462,2006,1,ca9cfc6a2b3cf2edb99121b4ea7afd602f1cc6690c8f9f2f268a0e6d1913016d
ACS,1334,2729,16558661,2000,1,5c2f1dab81769ec581e9b15ddd30d2c76dc2f410890d0bf8789dba1c67ea8626
ACS,1335,2730,16539585,2005,1,75ea1ebd8d30d23acf74bd9df04449e68387b8ca90806340c8dd7deaadab4818
ACS,1336,2732,16498006,2006,1,bc23515c3d597e8b7ba5ce433f880a99e8feffc382fe50ea4f3e111526dfbe6b
ACS,1337,2733,16458547,2006,1,39f44e0c3c867ffd6e07bf8aef03932fa6b778e266d765b0b4d79a1ad3cb2085
ACS,1338,2735,16439919,2006,1,100c6c1dec63743de18a7dff87fbda4c8d120a80742d9d70a55ad89aa4eb6fcd
ACS,1339,2736,16439910,2006,1,e92fe19a6b259c94e760a6d750a312e60d7e37347c7b507fba20839ef6e4a744
ACS,1340,2740,16394934,2005,1,5b96a262a3531b43e1f84b03ea1c0905176b0479e93cb3dc8dc663d97d19ec23
ACS,1341,2741,16390630,2005,1,aa17f0fb330947d75b9d9bbb4714b87835e7400907207de7c0b2094eb383d2a9
ACS,1342,2743,16385280,2005,1,75cd978e50637ad753835203ebfcf4528fc0ff5fd1029beab5f5775020968348
ACS,1343,2744,16374979,2005,1,5fc3c43137123756d7f047f6411d789208a9b3c8fffd9c29ec45cf2461a2cfaf
ACS,1344,2745,16372620,2005,1,1be970367f512258bb9f086389a08159936ec322f56626fce82522c4a6bd4ccd
ACS,1345,2746,16372619,2005,1,acdb0c0ed85edf08938be8827aa604f66a2c1885cf1351c80526794ff274bb4c
ACS,1346,2747,16372618,2005,1,8d41b15cac0ae87a2619fbe3bd07547fa8111ead55824c5c6543f704f206f70d
ACS,1347,2749,20086344,2005,1,5c7834dbb6cbe67b1e7702b489861de5fd49ac6693a6e5f7ba7d6ed856de99a1
ACS,1348,2752,16294077,2005,1,2bf7c460fafca67a6be2ecf64bea52c8d486fc5b4d876a798d1d0f36dec2b1ad
ACS,1349,2753,16284982,2005,1,f292ce299b0339cb63ad5b2ec9591f637179b981209db1b30ad1196f90909297
ACS,1350,2756,16216177,2005,1,166a4ccff5931a496d6d66136acab5deb19ce8286bf9a1399b939047e9fbcbae
ACS,1351,2758,16194704,2005,1,d0f8983499edd2fc358c6ef95bd0ab95568ec061c4318f2658d55b215a694dfb
ACS,1352,2759,16182057,2005,1,93ead2c432a1e6b4686b9038eb2308b8c52a8b241bc44e0c734ee1ddef30a561
ACS,1353,2761,16137360,2005,1,3d23409351d99a5ed8e4664c28ebae277cd098f4646a5b31d24f0996dba19a86
ACS,1354,2762,16122749,2005,1,e1c114798c23393ed0173267b00e53543e3c4cd7cbfa058438462a126d20493c
ACS,1355,2765,16091951,2005,1,b8b1d79b6ad145e018e5992b77ab57c8d256e9204f431faf91838a270c787994
ACS,1356,2766,16085748,2005,1,92f914301bd09886c31e3f8465f798f55bfc4d6d200738177715d2fddb527e7d
ACS,1357,2767,16061959,2005,1,7bd35b4e10b4d40a78b8a3445033aeede7784402536d0b3fb384bd96879bf8c1
ACS,1358,2768,16056074,2005,1,1946705202948473a14666a1108667b38675182ea84e915556571e2aedd55aff
ACS,1359,2769,16056073,2005,1,7e351b92e039b33a35a94814987d1e210b931ab43b9d78cf8cb22b8a81b9a7e5
ACS,1360,2773,16006840,2005,1,1e9c3c57af6c3cdfa70909b8a8194da91137b0347e2f4f4256dc15ddfa1bea3e
ACS,1361,2775,15995479,2005,1,3b1bc59f5452c7b863f2064a2b850037c19fd38011999f5dec883b570af0c96f
ACS,1362,2777,15902415,2006,1,322350081f579186d2785969c20f3958a68c7ff0b73a9a78c5f65220b62514a5
ACS,1363,2778,15897812,2005,1,af57f5aef4241fad82c538d5abc348be57d490cf463826d9c8bae59d85c85f27
ACS,1364,2779,15888718,2005,1,ff16b86105bb765dd61a3cab143480482f2c746dcd547afaad367f83b80578ad
ACS,1365,2780,15869136,2005,1,0557a0602be4ba01b4c79369ad50b8743a4b71ec6009d29db54b7ce8e92f0459
ACS,1366,2781,15869134,2005,1,549d91be6c530c2cb17d51ad6a4793e6781cb2170d9c63e7099c3ed2742bf234
ACS,1367,2782,15866852,2003,1,1ca3a88192583e498a5623d4f980b60aa64773ede9741fa9c45323e7b8afea5e
ACS,1368,2789,15768006,2005,1,0d952b0a3b2f543ebff5605604c7ef41f50d250a33af6aebb9958e87b046612b
ACS,1369,2790,15764629,2005,1,685bb6d2312bca5f241eb07201e8b50508e62163be9625d0862e9d5ba36e8a89
ACS,1370,2792,15722275,2005,1,645730d2b540f200bf8df61c7950933185bf6ab3af0ee1b7451c35044b333fa0
ACS,1371,2794,15687158,2005,1,7051f6a041aa28b8a188953e89c70bcdbbe0eae91324a6f50fd0bc49142efcc4
ACS,1372,2795,15685453,2005,1,5b23fbcbd0b09328a249c2b5e3e391aeff33650fe26b0f2957f185f2630797ed
ACS,1373,2796,15684778,2004,1,6dd8a65caea41aa8ef49769683c09f5e1c96eaaa7a0fca06159ab462f3709b90
ACS,1374,2797,15650676,2005,1,937e2c2a60e15235df8ffcbc9ddd24c951962f6f617a71c325ababa38fab934d
ACS,1375,2799,15641218,2000,1,7db046151f098b844f9f80d7157c64cda0d65604c12b03a9c6a80c190530f00e
ACS,1376,2800,15619483,2004,1,7971da2ceb0422bfd311f4d628728effef3cd98e6dee4f558e1518ba247eb02b
ACS,1377,2801,15619479,2004,1,a29e1355f67539322b64c10cd0faa07217b7c738d275aa41c45bc392a5b0dd3c
ACS,1378,2802,15619476,2004,1,f3daf69824b56e2ee94b56164b60f658df10733c6780dfb74e8e332e967e476a
ACS,1379,2804,15578136,2004,1,86fb508f5b4469811305abab24cb1caed847b78abf541ad752d04a8c2f778856
ACS,1380,2807,15523552,2004,1,6bb9437b4e2015ade46d99921e861f62dd9bd3d93db959cc781295ac96f6bc49
ACS,1381,2809,15514520,2004,1,51abc49f910f35b50ddffe496060c20a0891803307f864b076b0528807a7766a
ACS,1382,2810,15507817,2004,1,06ea663467045e4244c4cf178c887408c04d6bb7233e2aa16191b7aa3333811c
ACS,1383,2813,15472598,2004,1,e6ec4deab728a169a1f6d52764509210fd2a3f1a58fafe44b57fd56117ea9e4c
ACS,1384,2818,15330035,2004,1,591d873667f90877a2be0482a60b97a3373e8cb44740b39a7a85a27b5c0910c4
ACS,1385,2819,15318048,2004,1,1f156c0a9678c63c4f5d73916bcfe0cef1b6849416c564aa5d607065c19366c3
ACS,1386,2820,15292812,2004,1,96a4d86b0d92c35965bbf23ad87f3d6314daec89aa853991209e5f0dc64ec213
ACS,1387,2823,15218466,2004,1,b4f0b717af67cb046eec532167cc68cbf0b9a435cc4f197ae680d447d90ebf5d
ACS,1388,2824,15163866,2004,1,592473a9e441c028b7ffb7e71df690402f8ffba5d1a7f6c9d0b6460ef882258d
ACS,1389,2825,15150813,2004,1,7d5876961e2d3c0150b5c03b9f956630a5af76f1f15bf958f51241a1d6d9fa9a
ACS,1390,2827,15105716,2004,1,1db55d60b3898779d7cacc4e740d2cac06c54ccccf505f1c619249ae142db16c
ACS,1391,2828,15088248,2004,1,2c72d36d3f02f55d31621f151018885d9de8a8923d31b0661d1082462ed587d4
ACS,1392,2829,15087965,2004,1,0677f5c3d411de8cb7dd8e5e823bae3a0ca547c91d88db5197db3e30902ee0a7
ACS,1393,2831,15069156,2004,1,06fc55272ecccb3e9de30b4e1043181aee2d8c1365a94f8661724a12959cd6cc
ACS,1394,2832,15066240,2004,1,467bddfa0f2235ec534588a613dcef82301535fce415294455532bdd40e02e60
ACS,1395,2838,14964504,2004,1,4a7c87a504ae5c57053c03f31e3a135af7a00f93bccc6a392943b3dd5139f4f7
ACS,1396,2839,14763599,2004,1,2c2f136fa54ad702a347ff77a6484386918d08b3d9d0d2ef9df879ef6c1507c6
ACS,1397,2840,14758472,2004,1,aa052b1199a000b006bb27186f0960ab8c7143a0e5a0ccf264809e76dca4aed6
ACS,1398,2841,20086400,2004,1,e1536acb1747227bc188f6802e700ae0dbee07d8810ccc36a70c941ee4be14d2
ACS,1399,2842,14749578,2004,1,ac2f35f7de4bf3b0a60a2f4ce9e92081b32894562010cd846ce4fe0f6b201c1f
ACS,1400,2844,14746843,2004,1,dc5bd82ca7dccc4d627c620205df24ec61c5b85f5c38a9270143eab2a1c8b985
ACS,1401,2845,14743141,2004,1,452b9905c71caa649e1df39a308c441a618f8e203b24e3c12f3eb73b78ef0d90
ACS,1402,2846,14706553,2003,1,4b2d671efa6f419efe212dfeea82e6d42700fc7b65ca9b6c027cad283e9021f0
ACS,1403,2847,14700286,2003,1,a8788cc9e4983ffe6ddeafa028c98c7f35482df69d6db03f2ce71b3676d907b6
ACS,1404,2848,14700285,2003,1,323d1649d7df5088bf82a2fdab6b9fc41d7e17b21e21a60b9730560b9e283d47
ACS,1405,2849,14700119,2003,1,0df665179de46e723949ac5293537412858078b3dda3e3cf80403ea8c70516a6
ACS,1406,2858,14611975,2003,1,2f126a059f19328085eb41942a154167d218eaa7512b9f132531f10837db76bc
ACS,1407,2859,14595519,2003,1,a15033d607b953317d0550ee63420ddb518aead541403bfbcf2921ca462c55e4
ACS,1408,2860,14581660,2003,1,7ff72a510b66ddca08954b0e75b563f13da0f4f8a9b2f7c5a77518f657c6bca2
ACS,1409,2861,14580986,2003,1,46dfe2b6c2d755ec6891ff4315a786525dc185f6d0d81d271ff4c7a5fe3751fa
ACS,1410,2867,12975199,2003,1,a6206a8b2db07c20998a58d1628c2ac5e570f2ca5e98d5b19b63225d8bfbf4dc
ACS,1411,2869,12960857,2003,1,d447428b713810cf7ff7733079f4240aedbf8023fc6555d9c5213749844a251c
ACS,1412,2872,12932199,2003,1,ff565747636b25e424d778269c8c772cd2837d2b11e60946433dcce28d5ed74c
ACS,1413,2874,12860760,2003,1,d999661adfd1cd459db0518098600daab3d9ab2ba8e22cad42224a476993b045
ACS,1414,2878,12797889,2001,1,bde14fe5a34e03344d8086e4cb36852ace099ca18a7c3dae0a80a9593dc361e5
ACS,1415,2879,12777898,2003,1,1b320d934619bbf1f7c12c3a2aa6c1a7ba3ed30cd245c9c0d140a8d0b3766025
ACS,1416,2881,12742948,2003,1,457da0be3222512c950959e2955a14025e00d4ef9a19d456e0933d9605028ac0
ACS,1417,2882,12733167,2002,1,cf4d64c4502b4a3e51ed0e12dd73eb6624cce952801a0a0052c0874f195ed233
ACS,1418,2883,12732999,2003,1,38ed08496dcb26c1a558655924d2494d50b3e150aea977e68e1edae18d5fbbc3
ACS,1419,2884,12727574,2003,1,648aa81285a78f2b7c5b5658be70fac287bf260f51781444c47de84b93f9e12e
ACS,1420,2885,12680546,2003,1,85364d8ede0a12cfdde9325375010060003e059332bae8bb6e6657f28908c392
ACS,1421,2893,12534383,2002,1,daa926874e54f00db80e58996b322132d097a62b6aaecd256c40eb41049da11a
ACS,1422,2896,12488160,2002,1,6cf7c7a72a51d8bedaea570fabbd085d56574291eb34359e101c122c50a09bc9
ACS,1423,2897,12478039,2002,1,dae248edbec3eea739b3efa7d8889dcca2a61db6f4fe65ea35f42dbf4c568585
ACS,1424,2898,12478038,2002,1,731c834b1626b75e01ce639d0fbd805a2cb2f837528698d7b74b07a67c90018a
ACS,1425,2901,12467311,2002,1,72fa50b49995d14f5fdcfc2cd8b7f61ecbc2544dba21e708d15f95bff6ab8c24
ACS,1426,2902,12455802,2002,1,8f703ca6c2bffb9a855dbb440051dfb7c7d014bf7dff8f8f573766d9a5d3028b
ACS,1427,2911,12379385,2002,1,2a2ccf4a0c57df80437b9f727f6e74c5e001625eaf0427a7809cab6bbe5062bf
ACS,1428,2912,12377915,2002,1,646bf42a12192c928e8b10ee4e0c78396e9993f2e2113feb53365a14e9df8727
ACS,1429,2914,12374481,2002,1,9d356724e8a968d4a4ab7fa5e183af617901a34e51bd48112edb2ebe9d033883
ACS,1430,2917,12209297,2002,1,ddfa2cbe01c135828a53a48d258b27134b62b88b1075ae1a66f9288913b3bf89
ACS,1431,2918,12208920,2002,1,32de927d9d365c917b5b99605412afae901384d35ad01d5e4e05062303027f7d
ACS,1432,2919,12190756,2002,1,17f91e6c15f690b087b858abbb5f76227f623d8579cae737db8c540548114f40
ACS,1433,2920,12181755,2002,1,223146a95aad278828f1679e2e7e737050930a5515b0fc5c19351181f3d761f1
ACS,1434,2921,12146988,2002,1,90ac53ad35ba5ef026566f4343b5b6b7b2166a4c61e6a78514cf667febdbb5e6
ACS,1435,2924,12130414,2002,1,e6668c3ee4e861b08a8e86d9800149b1f96037f5222be8bcaf1d1239b10ce8c1
ACS,1436,2926,12101860,2002,1,65cbb30c78ead3bad04bca7771b4d4af59fc33f298fe9beec5284b27e621699d
ACS,1437,2929,12032369,2002,1,f728b4ae14af1d11efb8ccff386a44fef2ee5238ca3ad0ea7027a6ae68794bbf
ACS,1438,2932,11982473,2002,1,4d41741e8e6bb733089171cd61885ce2bcb1c849b3be7783cb6b8008d9636e7b
ACS,1439,2940,11912100,2002,1,1e2c8d423fba70c38d7c062a20c927297ac7793f43daf391c2af4677cff1592f
ACS,1440,2941,11905940,2002,1,1fd897a79ecf1e83772a7b924ae62e2a10ab54de96ae419fcd2d336721a3d51a
ACS,1441,2942,11890912,2002,1,69bfb7932a382913a3d64bcf1ad8cc383992064a0a4dfd64bfd6886a8e30f781
ACS,1442,2944,11822945,2002,1,15ebe5a3cd1a8a74bf9f1b7d799dcc7b958c89c312c3693404fe281fa6411402
ACS,1443,2945,11856944,2002,1,b715704613678cc0a3b84c792ab049d8f50e38914921ea637b2c3a158800ef06
ACS,1444,2946,11839331,2001,1,d1c80e69157a62ee78e27429f59287ab7ef9fda8b140b4f2f7ece37c8a291771
ACS,1445,2947,11839314,2001,1,3e92c82ea3901aacca55b1ad7b395cebcfcfb7f205fddc0cf77e20f0d091e4f3
ACS,1446,2951,11791049,2002,1,c9c362fb4e157e881edc70e68d691c7da7579858b91ab2647b0944d5f3941920
ACS,1447,2954,24573895,2002,1,5acbf4d442afe1fc534c738090581b960ef29e71fda2f6c99be068b416d69697
ACS,1448,2958,11577933,2001,1,a5476b255fb6a01d4fd55f0721d3bbe857b5072ee934aba44d292b43c8701fac
ACS,1449,2962,11521705,2001,1,b4b7d78623f12e540af5a6d3f5a4db0b35f80a989939a3cdad5818288bd35d5c
ACS,1450,2963,11514772,2001,1,af0346a5019720a0bc413df78fd3306625090380f80a3ed6741b03fcbeba1093
ACS,1451,2965,11468465,2001,1,e614a1cfb3525f5eccb2409e4ecbc47161d175b0c58e30749000cc66d30b46d9
ACS,1452,2966,11465772,2001,1,a2a60544a28c99b8b6277cc9315772a12bf74e79632e594f18f25b56c0d27fb1
ACS,1453,2968,11421575,2001,1,20a1ca60b28f6a77f7978fc385708eea07e4c16b1409fec32ef157d224d248e5
ACS,1454,2974,11382428,2001,1,9459b2e4897c3e2cfb742dec77e17dc4a735e9ddae0a70403186643c796e87ca
ACS,1455,2975,11379693,2001,1,13490536e6355e932540237e41a7b22cff1a29c68883e64ab04ef2442c06455e
ACS,1456,2977,11371815,2001,1,d862e49433c46350e049d17cc0b348f8f14f2c14ee9b04fe87135a56fe2ba876
ACS,1457,2980,11336316,2001,1,abdd5590b909cedbca833240d52d82881dc95df11a55a5dba5d98afad6a0d6f8
ACS,1458,2982,11301465,2001,1,04a97d9a2b4afdb230045513cdf65ae20427ab21db14380a1a4a96b89d4933f8
ACS,1459,2983,11287985,2000,1,e5462df94088222e1142c8dc1237ecbc52cb9f5255939b2091d0e8356dac70ee
ACS,1460,2984,11270882,2001,1,eaf173cf9ddc95bb03536dacb9d7ab944268313f37e6a1fc5ccdbb445c51a0eb
ACS,1461,2987,11240301,2001,1,2f5db240175c78e39633edf21446fc04aa8b8aa96f8c5f436cb6550c3098c528
ACS,1462,2988,11195868,2000,1,110444c3b37c243d7ed2fd2fbb28267a45d3b928c99efcb4199c81279ca1deca
ACS,1463,2989,11177264,2000,1,6dfd753d25d37495a73bd13a376d115ca5377fec050315e8c4935f9e452b32c2
ACS,1464,2991,11140805,2000,1,ace37b26708db92c9a41f9da93d3dc1833a6e56893a0ef174133f600a77bee2f
ACS,1465,2993,11103167,2000,1,10f7040de20e270b6fc79545f631849d0815f5eab8ef4c4ece539899b54b6aa2
ACS,1466,2995,11090326,2000,1,af91ef84613fddf2ae565643ab7839c8d74178229aa6722ee9e2c55893398914
ACS,1467,2998,11038078,2000,1,8f09c89e99908bcdb4cfe176686469ea27efcc503c54584498db28366509f277
ACS,1468,2999,11036142,2000,1,b75f8b548b865d51f20a85a3a0c5c4c5a062ba31bf81d1a590f9778c1397b575
ACS,1469,3000,11003313,2000,1,e3d6701903e459227f1c1649278dfe95f130f7a675f982ed026bf51b1d355dd9
ACS,1470,3004,10959927,2000,1,6ea24eda26899a0ecb374c730bb2b194c09416b89db2d52619a25ca2f4b4dd96
ACS,1471,3005,10890613,2000,1,de816e5617b8d7da9b92672b1bc26ea769dad215adec0b386791d2108084cfa0
ACS,1472,3010,10823530,2000,1,60aaa53d8b102a43643cd0cc8b95d15df1b547df8f05459c6dd785c928f5fe93
ACS,1473,3011,10813330,2000,1,228a4122c6cd62776d67be54bcb02bfd1df7322531c24810fd6e39ca8cf1adb0
ACS,1474,3013,10792317,2000,1,9e5216369655f25f3b9beb655fb8ec6498775ba1539d09868e05e0a2b5e45188
ACS,1475,3016,10744275,2000,1,2cacbd51ce5e55f732db02dd81a02dca221cd16d6c8c2d63820566909c6559be
ACS,1476,3019,10716046,2000,1,d8348fe1de7a706aab0d1bd36b9fcf1bd46ef1c9f047bd6402bb906bfa3e8c72
ACS,1477,3020,10696053,2000,1,41d5486b6e707775d000289962494785c208f3bfd03b1b57ef14e981229937d0
DRF,0,0,39720543,2024,1,b5d9a8c379e921c536b66509b11b8c134a53bdc2e43ec7e0982e82df8e495491
DRF,1,1,39703601,2024,1,9d83db3d928daefac002466a12369c94d151b122c3c16426b0f77bee96859123
DRF,2,2,39703590,2024,1,334f674b48c7243310c4b035d90bede3e53109f93580c00dd49d05e3244a233d
DRF,3,3,39619453,2024,1,5c1868e5bd4a3ef6db44b129f3a6ea5e5bb2d14e779c5226ec0291dde3572388
DRF,4,4,39603012,2025,0,cdb770125a5e981a5f10b87e268e3a76335ad395ef6644085c8ebf45cf7ab31c
DRF,5,5,39533288,2024,1,a84c56d29aef09d9bb39c3fb5fcbcabf1ab9f338783438ad15ad7dc167f2153b
DRF,6,6,39525456,2024,1,6cc4d5642da5fdd99074ffeba92d00318d117969eba0c0377a5ef3bcab2829a4
DRF,7,7,39513719,2024,1,634ec33fe166e0ca50280e514d8449921f53491d26bb306f864b6a64b9608b6c
DRF,8,8,39501588,2026,0,36d2cdbbd5cd74af7e59d11492a0e39a0081632293aa9252b6c80f95d0666c9c
DRF,9,9,39499691,2024,1,118ecbcc9343ca8fe898038b181f80a07462098014de0519ad7ae838e36213fb
DRF,10,10,39498713,2024,1,7b479aadacf4f792096a773135c4258f287ff38443ca13d4b60759b888885bf7
DRF,11,11,39488766,2025,0,6670f96659f66e9952b4f40e7ae25b17a8dd549c937a237184a96d1397c9a8f8
DRF,12,12,39487749,2025,0,a99c3f11a94dfa7a662ea2d38f478536eea2cd1142847d13d1547161d9cda660
DRF,13,13,39465797,2024,1,337dfd5ccfeb8f9627efe64595586019b02677a092215cbb2f42fa5a74a12e75
DRF,14,15,39434063,2024,1,44be3bc3fbaa5a4b9293ffbe4630f3d7a01b2543e215c490343173929de8bfab
DRF,15,16,39410975,2024,1,97e47761ab94e48c27dfcbdc2d4d1a43b3267816bb5fd6dda8e16acd1546ba6d
DRF,16,18,39381390,2024,1,1c8d7a3d49e66c47ddd2251a7296133b4372ba37c5662b2e66819299ca73ef79
DRF,17,19,39374204,2024,1,cbe5733272352f447a5ac76513639a5f82d722c3a0fcd924c0d1ebb6d2ff7a96
DRF,18,20,39354173,2024,1,af70513dd5fa2884a4be1dcf27a09fb12f12b40c354e6d8c0d08af9e15be53c4
DRF,19,21,39349296,2024,1,e1c744b6aa385844437502631fb94ca2ae3ec7bc949943cded2c484d6b3c60ef
DRF,20,22,39318136,2025,0,1abb3c28d17e3fc156330db51153e9c670a95aef4d33683cb1d0ed22116daf98
DRF,21,23,39306789,2025,0,c1fba3e481a8b1d637e249cd33a1b2a71e93b73d7aa64856c04a7d810975f995
DRF,22,24,39301978,2024,1,1a9da5c9af437931a955c8eabc680d87e96234e777f96cd3970411e5e40dac42
DRF,23,25,41267957,2025,0,30600026b8ef8de9c6094d946592ea0598ac1fcceb3bd52cf1a8dcecd6a52b5e
DRF,24,26,39140919,2024,1,5ab17a72bfe24848655bdd856dfe30d9a4a0b1f5bce620ea6dfe7ec08325e84e
DRF,25,27,39059547,2025,0,50b6bb6f44ebbc9042465a71d41ac34da365cb95984393cf7f2df4e722a38cdc
DRF,26,28,39050320,2024,1,9825e82275dbd7881cdcd0d230715471223d31d7af6c42ae96b1aa6933340006
DRF,27,29,39007798,2024,1,30f01a96501b71343743ecd47937291717ed434d2e71504368faf3aaf7e37a02
DRF,28,30,38977436,2024,1,493e4748e97699da3ba6bd87465e0ec0d03e4c1a8e927648f6639498c76f5dd2
DRF,29,31,38947262,2024,1,f2d2bddf852dabd095a74b4b08e327a7b4475d678424c60b493af7f05a921d51
DRF,30,32,38934995,2024,1,6826800735a8c5bece4c577cdd548649edc089771ec30681d61ca2e4db560645
DRF,31,33,38919743,2024,1,3221f34906f186b34fde3232bce35c9f33c5c36550315c3dbc33fbb1b173d0cd
DRF,32,34,38900165,2024,1,22f38467b3628336fef6f797916565994953ceaa7c946d288b7324da9e7bd9f1
DRF,33,35,38892751,2024,1,3e331294cadcefb4d87426566acc2f6061fc89bce3efad7c79d3341e8341e76d
DRF,34,36,38875842,2024,1,94a67fbc50afb19e22a661749d34aed0ed97d8fb2fbe3f4a0023cc4c7c9789c6
DRF,35,37,38819680,2024,1,d9546b1df62811683ad6971b6e8370f93aac6d34e2a1a1837eb67a761bf8613b
DRF,36,38,38765412,2024,1,685ef242f10025277f8113ee8a630378b72ed7096c8f7761e1962e284a51cb25
DRF,37,39,38760061,2024,1,cae9b1c204c7b733e3ad2830995cfb2ebb2f203216685b78f9d45854c158e691
DRF,38,40,38745283,2024,1,7b9604a8b97132bda05789dba5361255c6b13f50757912753a5d539dbf89b498
DRF,39,41,38711473,2024,1,812323dc34de863558bf15adc2557022990bfa608f14e7795fef119716bd9759
DRF,40,42,38711069,2024,1,cf1848d17284c9a9a0a4dd1579a60dfc1c5ff3bd80df9f468362c6e5bb9c27df
DRF,41,43,38655414,2024,1,37474dd74e7bac32b022b1cdfa906b29ef0cbbff82ca16a407694450a6b6d5fb
DRF,42,44,38642122,2024,1,e4310d155eff2777942a818c00164e3ddac93790636e8ec724e95bc83ef0d605
DRF,43,45,38640326,2024,1,0bcdcad31f44dab2b6a345ccf5655fb9bd165801010dbbb82218dbf101684c4c
DRF,44,46,38618994,2024,1,a9766b43132b926913a49b7f47286aa7f0150a04870046af8698d40fa3c06401
DRF,45,47,38611610,2024,1,688390e0ffc5dc3e310bee4e5aebb9df0c6ca2bbeca08cc4473fa08e5509ea8b
DRF,46,48,38606964,2025,0,071391967a07d4ff2425b76bd06407a4cc3e06ace61f8c3eaad9b7955efc3eb6
DRF,47,49,38602605,2024,1,cd5779343b3c407bd2335b8d0d82d2abf3e63f437f9b5eb4cd006eaf4e6ef002
DRF,48,50,38584030,2025,0,2f24aebb8ca16623ef5c98d07063de43aba846e911cfb6a8fedf7c52c7c141a7
DRF,49,51,38516390,2024,1,cda1850f5c439c328ab349c8b22890c58d1160805c6c619befe195cb05d5e28a
DRF,50,52,38505209,2024,1,76ecb2b515edaa191b30ca988d667964870339742dff32185bde1d2baafe474a
DRF,51,53,38494850,2025,0,cff5274cc25d7a4e55b22eeed4524149f64d88c3e1f83e247c34513ae1e149c3
DRF,52,54,38490894,2024,1,d692dc30f522deb5f6675b3dccb6ec81e1c1cd06997cd8da3afbc0c9b6b1435d
DRF,53,55,38459975,2024,1,99aeb662752ac3a9582affce275a8a5be37076ded482a40313b8f9ded0965cc3
DRF,54,56,40395829,2025,0,f6db1642d0deba455a2f0d56382c1197de81fadd347e3e210a60a42a3f50b05e
DRF,55,57,38448781,2024,1,fad8bbd4f4fa5a9b2cf2f2006a7a3a0ad9792c351a0527fa3c57dd72281246b3
DRF,56,58,38433790,2024,1,174abc91f428d7fcef51b39c5643a4add2f7130f019e089467a31599dcb563d4
DRF,57,59,38418699,2024,1,881daacd1e1e9ffb49960b6174e90f17252af70c9c6b4d2bc7108088fe9f9e52
DRF,58,60,38411105,2025,0,f859e0a658d5c89ee3c5894beae72a7bc9dabcd3ec4d48cdd9003026cfccb162
DRF,59,61,38360673,2024,1,0efc1c5f3903da0af768dae40c474440772171eb7d92ce949c3e722c294e729b
DRF,60,62,38349719,2024,1,dc40f820b4f7c776d57e3c065712c5563c6bf84ac22560c367003317a774e75f
DRF,61,63,38346449,2024,1,1382dd6e96b1d66cf9bb362f8399b45cf4344ba36a0f10130032baf08bc91975
DRF,62,64,38305894,2024,1,3cc2a0afdedca29751cb05f1637777fc030e41ae3ac35dd2398e5a3de9a673b7
DRF,63,65,40395825,2025,0,d8dbaa1805e4cf3c94c3ac527d5fa7e9c1df1ca9d206b666ab0c476bdfd57977
DRF,64,66,38153736,2023,1,65088f575d1314d8ee99fcab1c3b1bf60b0b84abb61eccff5d547f9f8c155dae
DRF,65,67,38152426,2024,1,bbe35f8936b106dfb548e35de4914b85d84bdc93b12020f2496ee88c0ca89a29
DRF,66,68,38097861,2023,1,e1414d22f2396f85e05c6537b4110540112fd7c0eda4d6abe048a9cba950c4c9
DRF,67,69,38073267,2023,1,1809d551d9de9087a34eadba778221d4ccdadc43a1fa81d8a6d8e98e857044a1
DRF,68,70,38069952,2024,1,225b4c8bb80010e01db9df563c9c8b41ec6a8348325a96302771efca86cbb94b
DRF,69,71,38060024,2024,1,b0c0a017762fe5186a50f87989dd7fa57f54e30009b01dc476e955fd5b842c83
DRF,70,72,38036802,2023,1,8a7893a0ea2dbfae85fffeca4e7e0f72741ad3a32c87c778589332e5c7c03de1
DRF,71,73,38006235,2025,0,559c1e68ff907dcf251e3793f711576e432377dc391d964bbf133a69aad3d613
DRF,72,75,37952557,2024,1,b49b4d52335280e7269a1ccfc92dc0f77010e3affca9fed475c5a3c9009ca7e5
DRF,73,76,37924650,2023,1,89ca110808646faeac28b0fa11e393c3b1642c7cbd3a52f63b863fa8d4f8a195
DRF,74,78,37885613,2023,1,eb7eef1618aa3d1ba90fbab2eb04943cf10f5f452cff85a3e6758303d1c593fa
DRF,75,79,37880683,2023,1,c24715cea0ffa748237264e6b0e1b92c6cf85f23a64ebff384887d99d08f5283
DRF,76,82,37819401,2024,1,28ab89f8f93b400ce073e45b80e33808b2a35e3ef38f075d0f96587d1954de50
DRF,77,83,37790836,2023,1,02b240b135ca3512ea06f9781e4e3a0ab74dbc280ef763f88c359ae5b526ff22
DRF,78,84,37790832,2023,1,822457387935d3e2f4e30cea961eb474850a5609342f0822a9c034d59a72271c
DRF,79,85,37780632,2023,1,3d5df7960c81483edd61970ddf97be93811293886cb5a1329c69e0a218116213
DRF,80,86,37748865,2023,1,be5b7508161b4a8a0dc7c95287905280d77f7384d9000367c93da8dc0edba29e
DRF,81,87,37737801,2023,1,54de4ff3e9af327d69491c8780f45c68a37b0d15aba42947e347cd5838b03cc3
DRF,82,88,37737570,2025,0,742a6d4d165bcc413c9f40e191ee3a43c90f4112794fab632dae4dcac6822912
DRF,83,89,37723447,2023,1,7a956ea9fe1629998714804961fb18912c0fd754218b78c4006ec7bbf0d7c918
DRF,84,90,37719316,2023,1,4b6151089a31c3e715b7942f75507287a9083f452ab500e75792254546049d99
DRF,85,92,37702817,2023,1,284c26791c189629b294dc67e470299dbf1355615a06d12255c976836493412d
DRF,86,93,37689739,2023,1,957e7083011dfdfa4fb217126110e51e2e298ac515d3d848598424132ba11ae8
DRF,87,94,37670304,2023,1,54b9a8d6df1a142f7307badb761c7929ec26a09f1d7208866cbb9195b1f9bb49
DRF,88,95,37642151,2023,1,ef9310dfbe2505e7dc084a98e113b8276e089e12112060f0987e3d8d7affabbc
DRF,89,97,37578402,2023,1,59dedfb5f4c8dda8ffb024620d0f7aad66ae2907e50a92c0f39162ba6054b190
DRF,90,98,37559884,2023,1,74a8ebcf923320ee03b98c80e9ca5a9029e5e456bf1dc808ecc77e8ed8391c57
DRF,91,99,37552142,2024,1,cac4c46761b1123abae3cc347926bc34af218d174d808d0827254cf95aafd1e6
DRF,92,100,37548697,2024,1,2d1560274deba8495be62773bcb7e90a48cfcef30c119a57361cdd9b790d2bda
DRF,93,101,37532978,2023,1,6ce5ed15672b4ca20035e0a614dfda8889df5251e10c2506488aa217c70fa3c9
DRF,94,102,37528953,2023,1,a8d9b8cff5f506eb5461b498b3a4ba8e387af4067759e09ef1aab7549cd264ad
DRF,95,103,37519534,2023,1,0863f465ec58c462525fd30b3bc481768c0f2f3fa8c10bcf6c89407c4aa7d0b2
DRF,96,104,37480916,2023,1,0a7807277bcd1f7adb54838102154370824d61168a4a9bc2a50334c8e0c10d9e
DRF,97,105,37438487,2023,1,6525eb518ebf5afbdf55526c7fd104c5b56ca68281b568cb0f7b33300ae41fdb
DRF,98,106,37430230,2023,1,32c79855c0a1236c04e985643ac0f8771df849d5c571577c59e7975658c6c87d
DRF,99,107,37356571,2023,1,e7bb655913493bbfba0722bd45746b66b5baa9f99d2fca98ad019eb208f29563
DRF,100,108,37344710,2023,1,e4bfd1a748fefb33398bbd1e9a9c1398b934613ecadd5826b4dc3d56dca74fc6
DRF,101,109,37326988,2023,1,df59b27d92570279c60e7fe428afed482cf4db4688816a055415046953ee4131
DRF,102,110,37250567,2023,1,57f630219695601129d612eaef8ffff53e3b5b26ab93d9dc67be2b8418cf5466
DRF,103,111,37223388,2023,1,1542ac0faa453133de125097a999780c1e8a3a3f88844a52198f9c8e8705cbc7
DRF,104,112,37211473,2023,1,244fac49badf84903f2d75d582a0c3577b48a29ad4833648bf6a38ce23af8bbc
DRF,105,113,37201794,2023,1,f086711826d1f4f706e7fc8d4a8d58f4e3926d9b0842c8110ba469ef7607255b
DRF,106,115,37178164,2023,1,8b148bb6c6e02acfb0823f1ff1bec64872e72d5fff64e904f0aeee8691bcb19b
DRF,107,116,37173148,2023,1,46dbf6e8707ccbacc979316e7c1de79c3612b497cdf34a88fa7135bcf1e5d197
DRF,108,118,37095046,2023,1,9bec98b8ba2743d2410ebf4cc20897795cb70f2b72813d93cca5bbff382085f7
DRF,109,119,37091269,2023,1,64f3213d34ac0967bc4475c78321163a441334a0189e1b204ed08a78e79e0b05
DRF,110,120,37061389,2023,1,3921f9add19b50f4347a3c9dc77251a51782767f620ac6959d9ad8f4df1f7985
DRF,111,121,37029035,2023,1,d2025090b8429bb270c9316e8563d2054210025ee4c76f84326c9afda870ef6b
DRF,112,122,37029034,2023,1,bdc9438dad3c768a51f93bff1bdb46cca6fcd211c3f27bb1e7ffa756c562a39f
DRF,113,123,37023069,2023,1,e5be48640e09cdbc2ec20a3085e839b6376609ab818760b87effb0f6d08b1314
DRF,114,124,36974297,2023,1,89ae9b0b46dc6a602aa8cf9826a011b42084233cb5a8438a445652860c548133
DRF,115,125,36973374,2023,1,caed51c48869094c20b5ccf296370dc587f0a26408ac3cf5066c819f6eff2570
DRF,116,126,36968678,2023,1,4fb85436ef37ff7721cf7739cd51d39efdb01d06942543cd74e274a0d1dd319e
DRF,117,127,36967433,2023,1,130dc5b1fed5091947281a1ad2c869a440fa7d9fe288444329dee9c04069a2d3
DRF,118,128,36961845,2023,1,2e31fd32c5b0efd4abd140c1a90651664e08bca77cc0963d4686961059ede595
DRF,119,129,36914490,2023,1,32f6d20d7280fa73a850edd036677734da0cf979ae8b5e8257384eca32ca9fa1
DRF,120,130,36902861,2023,1,f5bd8383fe09e594ef6da457df43f63c5a744c291ea986346de19108c6a88684
DRF,121,131,36894929,2023,1,4b6ee86dc402ea4807bc143bcf06ed63cbeb6554d54d6bd7fdfa6f703249936e
DRF,122,133,36788744,2024,1,ba66b6ca68c76c17d82f2783244651621345d84f60bff162b2565d04a283fa8c
DRF,123,134,36780156,2023,1,e9eca86b6b161d697fa425b10f685d206f6727bd0764e5fa201d57f2f90c6597
DRF,124,135,36769848,2023,1,841f9ecae6411fc1ad57de715fafeb2ed213ba3091d391bd508834735fbf7351
DRF,125,136,36764845,2024,1,f39c2dc76a509823f2caa7139283385299d410344af3d644dfcdbdd26fa6a6eb
DRF,126,137,36708181,2023,1,a20e219be7d03f0734992bc6bcbf16cb8959b0660550d32df7b3767363c1e312
DRF,127,138,36704387,2023,1,756d20e4365ffcd291f7eda65e654d78bca3da36af3c957bd78e8bb957b2225a
DRF,128,139,36676082,2023,1,e8918e1a03f01c1349bef4b38807c406e9e67fbb0fa8b64cd42ce14fb8b7a775
DRF,129,140,36660494,2023,1,cbd66d0a7f614148fb20abdd37ed1a7472df12a0901267dda361af6261b8b820
DRF,130,141,36564988,2024,1,df8e0a53328326ed9422974f47c3642487490b78c53215e83fb4324eb6fc4c1f
DRF,131,142,36526519,2024,1,9ca148313d5560da1f1889b5336448ad3dc7d3567f599e3cffdd29cf234ebec4
DRF,132,143,36507200,2022,1,31803033cc8bd7cc58071f4334442911f3278ee926deee70ae50b9394edfc42a
DRF,133,144,36443579,2022,1,61b23bbeb75e89481c209dcf9083214644b749b2a6c86b747c7ff0e7aa78f29c
DRF,134,145,36420089,2022,1,619aa06adae3df657176659d56fa4256afea2750dafc745daac50ef56f17ab56
DRF,135,146,36345175,2022,1,aaeaf8c5edb983763bff4ed9b8d2423dd4e1e482fe75f239be6a9c0b8aa34841
DRF,136,147,36299238,2023,1,9b23c804bfd8e8ee5a8ce861eb5d96ae78b111e7a0ce31030c565c246314c8b1
DRF,137,149,36277562,2022,1,cb49d65f58597fe1e22af78893908b28b13fb2c22efc714191550f317bd138e2
DRF,138,150,36233449,2022,1,cdff976503e5bd55e496a9f004716e0e3ccbe3e9ef2e72847e2c2009c7bf6f15
DRF,139,151,36178421,2022,1,8f38d1585de0f229fb39967112b0fc2ade65a67bef5fd8c654b79759d20eca7f
DRF,140,152,36143316,2022,1,cbd48685873dfb4dce7a398f4f6180fba81c1ed64d14074abf55da1945d77877
DRF,141,153,36134071,2022,1,8669a66d4c68af54f997e1e6af2cf54ab1ed3a52afdf9d19762540d9bec96ab6
DRF,142,154,36075246,2022,1,cfb5d5c7dd778c861b187c36650b8561bbb8bdb0100976ff4e59f0dcc0c076a3
DRF,143,156,36037663,2022,1,1ded1f6263a5e94d0711cf5182fd6fce0c85c586008853913f5b7d3eb7152d8f
DRF,144,157,36033984,2022,1,e632184edfc0adb8fc99482323e0f170270ce6af8a835ab61340654e435d4188
DRF,145,159,35972706,2022,1,929356a2bdf568a511ec1572313c5c904bafe07c03b71f54647a95c3c02dfc83
DRF,146,160,35954509,2022,1,e062bafb3d5508e074af2b0cff24b5e78e6e6e485b9c750af7521fef7d433aa0
DRF,147,161,35941252,2022,1,75726d1e198401540a6907ae01b840c6dc3ea7dd9ce4e36a5d2300f234c63f9f
DRF,148,162,35931630,2024,1,c3a50b4f32f1137ddcfcd296e01e9c33e3128004486cf883d6ac8b35dc1a545b
DRF,149,163,35915673,2022,1,bf24175b44dd8ab77ebb3aed44999a89bf39b6db3bf7d95160f77df493ecf56b
DRF,150,164,35887594,2022,1,5541f3410110b31b502f74f8651a18cefc12bd1d10bafa78cb4e22ae03b85b06
DRF,151,165,35882660,2022,1,d79f1482a45a4f2c6663357e4990187e5bce673c345f2e5d9c814a09987b9314
DRF,152,166,35881150,2023,1,d197b99e7e432857fca85f2fdbbc9d77190998eb167bc6c669713f851e992c67
DRF,153,167,35853284,2022,1,e16c9286f905c443f514708d4b9bbadfea73091a08d03ab9646d16f07e107711
DRF,154,168,35831055,2022,1,9223b26084fd005f94e121f75c979350c24ecdb663fa067104445b2140c4c458
DRF,155,170,35787484,2022,1,c145455439a702d1731b83f6b481b1a6179124ea4fbe807d71ccf09767aa65b3
DRF,156,171,38152674,2023,1,004af7f05a5eae5822433d5efed43a66a0084090af62025dcda26a46d7bd6f26
DRF,157,172,35718925,2022,1,e0048d140dc34108cbccb99575a2505d9fda1855d59fd48bf3f68536f35b05b2
DRF,158,174,35652298,2022,1,ec366742d2f9b767d7e1ccabfdabe1b307e524dddc1eb3ab83ecfe8642310821
DRF,159,176,37701309,2023,1,ed3d4ef28fc7d058255788747f56b6c86f678d13342983183d33717abcb87e7e
DRF,160,177,35628978,2022,1,e2b772b99614a3ac02a2fed2959f8d56e95f95efea189c9cf5fe684ea842a996
DRF,161,178,35601523,2022,1,3294e1e3cbd24356144a6c78f5188e33517d860151a891919778c189a537ed45
DRF,162,180,35562282,2023,1,d915af09747f88c143e6cff80081363dceb090a7f9254faca3dd9f5741d7b546
DRF,163,181,35549696,2022,1,f4ec390ddfa7499f06a6ca6c671ee9e6a458ba51afdaa52dd427b52be530e516
DRF,164,182,35547001,2022,1,8a54f0175a2d54dd19f8699875d884a5d5ffb01740c8dd7f447b01f9516cab6d
DRF,165,183,35544584,2023,1,79a6b088cd92312814ea8ef07031dd4b526bd0c44288f8cace63bf1b9b13cc6f
DRF,166,184,35498785,2022,1,748e9a0fd4db452cf97047649e37f4159103654ab165377290c703f54d17a30d
DRF,167,185,35478941,2022,1,f6aebc586605e9da8ef086b894ad903cc27e155b12dcc408f1fa9249fea7a83a
DRF,168,187,35441194,2022,1,e329afc900d40933317f65f7f6d82bbc5c88a6727390f2b6c0a9a4de197f3d68
DRF,169,188,35436224,2022,1,fd13ffe7ca8a38ef86b550980550de0153d97d32bd28779cdbe3190ffdba9141
DRF,170,189,35428544,2023,1,82674e575cfea609603c5109e36c9202d32e89133c3fd82cba6b1c837641f30c
DRF,171,190,35426346,2023,1,a23740fd8d126695f4e98be2300f9fd89cb09eb8fd42d40897bd3e15204866de
DRF,172,191,35365511,2022,1,d4a41e6f0ba4e752c4e87e99a3e68dfd3922da73b93900261dce4515ffb8102a
DRF,173,192,35351334,2022,1,7a6d42ab0eeffecebdab57b18d147ac8e84875d2d8f7f08c0efc49fd08c1543c
DRF,174,193,35331272,2022,1,e87ceaa45970e00d6acf1290997920225a9f1f12c34c7330382e59f30e72bff2
DRF,175,194,35330490,2022,1,12951ee20eb2ec40fcc6fc0d02d0d9eb6a9dcb35ec2ea7e2f98292540ac9b322
DRF,176,195,35327797,2022,1,d14b990c404bd50fcc784c2ee77377fe50814e8c24e0cebb6748c23fcf881643
DRF,177,196,35311581,2022,1,5f6489314bd0bf77d4ed35319688e45f4047ed5f84d57c341b292216c248b2c1
DRF,178,197,35256000,2022,1,ca6e09e97dae34c38fccf74af4bb637d2bad4bfeafce0f5d1b95ac5e174893a1
DRF,179,198,35251820,2022,1,48e028ff22e2f1d344400f4e17808aaa61ae5a7eddf0e23f189d22be4867a9a8
DRF,180,199,35245987,2022,1,6826c867e20036882696235fa0d699d98e67b883c5e9e17686bd0239685ca44c
DRF,181,200,35207652,2022,1,0f616fc86ec6d775e7439f0b95b0b10558c47ae666f028e3b006424449402a28
DRF,182,201,35205249,2022,1,c4039e9c5cbe3d069efaf2bb0092ce06817631ba0fffe18070bd20ee47c8cda5
DRF,183,202,35183121,2022,1,e68d28d7f48afd9916aaf2734fc198b8d4c60ed4f54e85fd0262218e09e66a5f
DRF,184,203,35152940,2022,1,ad8ce496bc7fb307bcb0e844d5e9dcfeba57d253c334a1c4220f7143f9a5c827
DRF,185,204,35135427,2022,1,8aca6cd2db198c4549d881620cb4cf2a6e1062fd97822c596b64a4f543ad5465
DRF,186,205,35064293,2023,1,fc643b70f2c4299af11fceb182b6dda2f10a2b629c1e0b115fa72658a53c7798
DRF,187,206,35045969,2022,1,1ebb7ac7a5e9bcb1fc0eb8a1de3ed85f257bae98239b7675f3c5cf7eeccefbbd
DRF,188,207,35037579,2022,1,bbe2a7e058cfb1885adcc91669242abc75eee4a437498793a8c7e2dadb4778ad
DRF,189,208,35005249,2021,1,3b53ebf924c081801e692b20b2e556a543c5cc14ffff7f1ba364254a3634a262
DRF,190,209,35000493,2022,1,1976263f4266c280717cbfdc3046ce110a77900a62299aec639efe067c98f577
DRF,191,210,34966495,2021,1,d0c799904392db8a95dced0cefcf20093b00c8b9398df2fa1314a3e05c5af2f0
DRF,192,211,34963345,2022,1,750522ae5515a7bfbf19015766a7c74f432c694c6b5ec9d6b3db6c72e4d44ebe
DRF,193,212,34963344,2022,1,f1f1ee2d52618c9c83306784b4eb2039ffb825ce98d33d3f35955645b465650e
DRF,194,213,34945070,2021,1,5d008ed84a2e138b0dc17f97dc8baecd6a04d64ffa4c2b4c3e31291ff6dec9fe
DRF,195,214,34929107,2021,1,e9db90f3d65d3e2a3474ddbfb2048b70772af8195608bb593bfa0cf358fe86c7
DRF,196,215,34924017,2021,1,f08c2bf1aa7166104bea258012d41fd3d3edc206ebb6f6078cdb091354fd36c4
DRF,197,216,34868748,2021,1,aa4e2faf35b2c328453a506b7aa8621ac4d78cd1178ef07d9c6c6526eed6bc34
DRF,198,217,34856811,2021,1,e3c0166f81700d2d9a00d7c244c882bcce49cb45760e96cd7c7031e4dd729d30
DRF,199,218,34794848,2023,1,02d3423e90c86ae055a34a4fdf9fd631cd431cbe4f29489f6b9c35fa04f40f63
DRF,200,219,34776165,2021,1,e87e8360e98210074522dd3342e1fd0044f9396b5d80214b375c4ef4433d1f6d
DRF,201,221,34762044,2021,1,b71a11b0f8d7f49db13b01fa3dcced10707c27fb4d3f3157fc49ec914cde43f9
DRF,202,222,34756488,2023,1,f7fd1e6abe617aa4843bf13bc2f6b10018230d20bcaa1a901d4766484bfe4ab9
DRF,203,224,34607738,2022,1,51889416ed90ca139b0283a058f7dd65f0e32186e1e6db0f808b4a7d8aed6c4c
DRF,204,225,37020605,2023,1,5ad945c595252520dc364a3d81b9d5b44638a29af701280f82d411adb447be27
DRF,205,226,34516503,2021,1,2207509132b00440f3355d1e5c46f8e40cd59018d13ed3c687fdc577c9a5448c
DRF,206,227,34498356,2021,1,e705b28fb37eed98836d9a4dfed46cdfbc87b1993adab9a779001c6e9f2765dc
DRF,207,229,34434592,2021,1,2035a175796005c2a06e07bbd80bc0b20ac0adf8f9f5569f8ddb68ba33608547
DRF,208,230,34388959,2022,1,a7c0d034b9dc18bfb0afc55de0051214b6034d635dc9451489a5d82f0edb9b2f
DRF,209,231,34366180,2022,1,4d5b046bdec7f00ae9e9b110452bbfb8e4849ebaa9b3d5a77c6e2a40e58bfa9a
DRF,210,232,34332854,2022,1,519875349e7365e6c90a3ea2fafc087caad76d87f2509baa97f573cd5b721207
DRF,211,233,34330854,2021,1,2c6098999d4e278d21d99a67b806bc7b376cd8043511019bacfa85a6a1d9543d
DRF,212,234,34299842,2021,1,93d92681e45565bfa06bbd630a518e92dbe32646164d94ceb6c17bcfc5245ffb
DRF,213,236,34239201,2021,1,fa00339142dfaf4395ec0a5975951647e14f6198c1b60f2dcd969d0d314b71a2
DRF,214,237,34194659,2021,1,19f897f38a7abe0fe81b709b63abb59c85841686b670c838a061476b44993165
DRF,215,238,34185766,2021,1,e3495f6c8b89de3fb68c1a83333eb2681ed5cc33cbe2224dd788a2be65c2dc10
DRF,216,239,34174925,2021,1,34026c055fcd7b0f128f712535579184e7d4924351d8ac0e3bdacde9fa758f33
DRF,217,241,34137830,2021,1,80763bd8dc034adcd3c6559be9abd7c160c35bbeec7821011022484d61593064
DRF,218,242,34130364,2021,1,925a382913610413081d9b3df485f32f4779e76666b14ce34897dd123d4a40c8
DRF,219,243,34124629,2021,1,73026ad0a3dfbf1e586b381bafcfc8b271ea3388263b7b10a1a892ac48c41fc0
DRF,220,244,34085088,2021,1,c46160def102c4f2b97100f72c4cd1940eab6d2fa5009b309d7e2b482ef0b70c
DRF,221,245,34024642,2022,1,1a9affca03c2839efb0dd885b65db31740c963621d40a31ef0f54b146f700fc1
DRF,222,247,33994084,2021,1,ce932c63bcacf829082d152d59786ea00ee598b507757df77125fd6bb5ccd746
DRF,223,248,33934725,2021,1,3d447bccf7c3eec7ec4f7e4ab5b3a5713531a23257c9c8a787bde9d625e3cb8b
DRF,224,249,33922371,2021,1,633b082d34d4f3583928dcb904c7fa1582a82c50a7188ff981bba02357876bea
DRF,225,253,33869997,2021,1,06c711a716c6125557e4e9304877e154bb978ac53ad3c85c17fec4092e20a561
DRF,226,254,33825998,2021,1,b04d32161c5761f9db72c036a0cbedceb02e1e6f361fc50972d9fde0cc1de9b2
DRF,227,255,33747373,2021,1,197e29ad9ed82ea7e910d6e517e1037a97be36d3d4a350b85dfd71145e2ffd34
DRF,228,258,33563259,2021,1,a5c55a96bc99b37e5e505c0b808279673bfb9c1cb41e44bb638eb1e9bad02888
DRF,229,259,35415538,2021,1,9923d46d7f9afe92b4fd6be7a86d5bd4a93c5c68a0b9d8dc31519baf99da5cd4
DRF,230,260,33548565,2021,1,a5379ebc63200413ddf5ddbf6746d50131957073e75cf7d178b079c7772b851d
DRF,231,261,33512859,2021,1,95a3903132ae63e762a8d300a51e73f172dedf5ff80cc243b33b1055da916cd5
DRF,232,263,33394757,2021,1,0e8581b5f53de96a70910ce046a03e3ada3abc5fc439837d2bb5c569131e70d4
DRF,233,264,33376643,2020,1,3a10b83ad34eb11b3d256d65f7b0bd7a850373b7e947974f66c224188cc3d638
DRF,234,265,33334205,2021,1,37598b7c474177fb3cc5d34d0164c1ca91833e36dfd240dca911ca9058092980
DRF,235,266,33316821,2021,1,8550c296609de144d37dcbb7b8a0daf47f6362cef609eea6bafd66e1b89b6354
DRF,236,267,33308929,2022,1,c64c5e479f6beed4318e7d14cc688d84a208065ad99aa75eb8dc197aa6699ca7
DRF,237,268,33287782,2020,1,73eff360eb6981d929fc254a0d67c360b743013a7d701bf55167b2adc288f94f
DRF,238,269,33282446,2020,1,5db1156d369015f591acde4742460aea644c066242a3fd4c89bddb11d33eddaa
DRF,239,270,33276758,2020,1,4351b2aef16bff31ed4103ab2bdf65b43ff662ac03c4f8c51611df982a50309a
DRF,240,271,33273406,2021,1,2c6720797ed1155d8eb0886d517eff0fc19f54ede3bbf1933c6594e5cb2d2884
DRF,241,273,33215091,2020,1,ce07dc1ce45329a7508d762678c00191573d52fa7de2016cfcbffb270fb9d52d
DRF,242,276,33189661,2020,1,1f14f053d62330b701c4d63dc38291c1c7e77c6c293a61690217853dca5f8cc9
DRF,243,278,33042641,2020,1,c26c7059ffe012d92a72077005adc2299aaac9a330ce2612990739d54caae71a
DRF,244,279,33031472,2020,1,3011f98a508710e62be7ae5b10fa475948a684153f9b0935c4bc9e8d92d00fb1
DRF,245,281,32893099,2021,1,e028c217778e53a471282f606954b283261d5ba29ba0e35e579423596daad2a3
DRF,246,282,32876712,2021,1,61c3e0de2f72f2467b98bb3fc0e588877a46a921e2e687a56ee7b4b2b5ebec38
DRF,247,284,32862263,2021,1,636ad04bb845e82580103cfe3e43167be4c8af5a8f3acbf0c0933ee48d204802
DRF,248,285,32843043,2020,1,f756b889631be9c2ca326234b87edeb17dec417372ae6566eec842f815a08991
DRF,249,286,32820451,2020,1,4f8ab2c4a97ba486abee57226ad49a32f6e09f58c83653c79d26e457ac0fb190
DRF,250,287,32807393,2020,1,31f16d8f81bf5097700902b251ff521b0d9aecae3d9fc9176436ed14e7bd0e4d
DRF,251,288,32787973,2020,1,971d59f2e939470ce334db64d249944823948d744ac3fd95de97881dec0826ad
DRF,252,289,32760608,2020,1,512863eef920c010bb937d06bbb09332f76b26a7b87a0ca3738dc83e920b2236
DRF,253,290,32752977,2021,1,38292f94774fb7f29a3cec18e55705c8658d547292992fca763b175d1c046235
DRF,254,291,32698981,2020,1,40901a3d069bfa7da7cdb960c88549bbd8b2f03c09383b88d3160b1ef431d1a4
DRF,255,293,32632509,2020,1,eea017d2de72a808c2980a1675dcc06d0e3a35c81886c1dc2f941da9883a5253
DRF,256,294,35415499,2020,1,7a16b5f092299158f4974ed211dbe534ab8401b3da0ba467c73e7adbe567a274
DRF,257,295,32517675,2020,1,a5e1810ef266d3dc24c5927159217e41d370513b3b7a3a51637c00bfc9986d3d
DRF,258,296,32469881,2020,1,754ec577cc77c6c94da51f7a173b103bf3461c57b57e64b5f3488e6cd0d53792
DRF,259,297,32458129,2020,1,3dad1c6050bf1848e3fa50c6e32e6cc4aa2fa659a5633d516db47affc738a4ba
DRF,260,298,32440381,2020,1,aec00f6f33fdb0c57f435dc308858f17cf1f51b9d9657497c4d49dbcde0f8b1c
DRF,261,299,32433648,2020,1,e438c93cdd3c1dc61a9b54d7240841a774b94dc1326eb153823bd83aaf1d95e1
DRF,262,301,32377805,2020,1,2b881658ac6e8f50d1b1f4695f6a2ee728cc50d4d00a39b379551a0a3b7d877e
DRF,263,302,32356451,2021,1,8011a10f022082e75bcea8ea6b0a9a62d3f40de593452663635401339934cf20
DRF,264,303,32340760,2020,1,f770954dcd7944592d100c9514d7a8e1c5cdf546f266e87d31e6e4d3da6f6225
DRF,265,305,32300839,2020,1,0c611bdc3569a53375c7ffc5301c024d84d4ae1728ba3f5665b42f07cd274bff
DRF,266,306,32271318,2020,1,e0d300a9b5b020fff7d42d5aaab51b1eaa209f3e3ecfe3834b8296c23bd0a82a
DRF,267,307,32264913,2020,1,0d005a11b8b4e1cdf62b38f1b75d433e08bed2a104f7a48ae3ffded74cd89314
DRF,268,308,32233845,2020,1,bd3d8fbadca0d91590d6da925e599b92351b25da7977153eb769ae5641d8adc3
DRF,269,309,32197641,2020,1,89efa8bf88e01d9c0ff78468c43e5eb9c4e9d0816866cbaac51749c91ae2c195
DRF,270,310,32193695,2020,1,d21d4af56f6427007c03b811a61ee09a66df873907853cf204bead6352dabcfb
DRF,271,314,32162767,2020,1,55dd2beb4c831db37fee445ee3ba454c8c1068b9591a3847588735fe2ffb4c1b
DRF,272,315,32110472,2020,1,e1a775fb3d96909444aac8451bb088a7202dbeccbb8321a73f9ea3fdc667ac2d
DRF,273,316,32102556,2022,1,69585b4f3969b55c3b369395d357cb4b3ff25f0100755fd4358f54b93c7b90da
DRF,274,317,32089282,2020,1,d3c0603d8e2913cd1895bbba1cf64650bc80317fd1e32525d472d5a99a0cb547
DRF,275,318,32052265,2020,1,137d392ce85d153b6862d5fdefac534e5e0906ea08997ed4af7a5d6fdd8a21e7
DRF,276,319,32044260,2020,1,c2f495caa0e9280cd60c286f1b4ac3bb53508049c818fe15e6bc42d490b23591
DRF,277,320,32041567,2020,1,7e11425af2965ee2baa09ccad716ea469b766bd685bae4af41b45bed9bf8b014
DRF,278,321,32035488,2020,1,cdb2209f9a4b84a8e261d6121e308dd89aa08a1be1d241f1379a10600e082da1
DRF,279,323,32000605,2020,1,aa214ce08acba9487138edd7a4beff3f833dff736c2fdf8a6316704270531f43
DRF,280,324,32000600,2020,1,64bf41088326263764c3649c320f8fa7048be404da0de78adee2d97398aa5b25
DRF,281,326,31950234,2021,1,844e27806bcc02e3491540fbb69ece6a95420b16b656c409d75cb66af30765b8
DRF,282,327,31948477,2020,1,2e8deb175ee8188f1328171513c3e2ae2c00d671a50767e08d038b41ff0ded82
DRF,283,328,31930451,2020,1,90b633a089cb5c9c9be2b21a77a68affa1bd8b50d78cd64f7b164b356d72d53d
DRF,284,329,31902545,2021,1,4701c8751f54364aa70b5996229e91ecdcdccb4992e9d57575861b92f58e32a8
DRF,285,330,31890105,2019,1,08da8e9d8ed9a92ff6cf67d7fe221426aaa1a1b8ff4f2e5003c0eedfa3a7a0f4
DRF,286,331,31876762,2019,1,e7530a32d77d61ce0209c7aadd38690104d3d15a4d1ff42ad2340f325eab4cd3
DRF,287,332,31844826,2019,1,3b8d68dc3e7e512d2c2f15b58b5f5beb2621e8771f70967585dc95efb2048640
DRF,288,333,31832392,2019,1,b97c08cdfd98f266c1b2b55f6c82fe490cda57aaee38e4e60d7401a263952218
DRF,289,334,31832390,2019,1,9856bee6ced938bccd81d2bcf7e1561af371f793d814047d2114bb8fea980da9
DRF,290,335,31792609,2020,1,3d04cc53c946fc7a8389302b8a27a0b5b5f1c8502bcff372edf9397ae1bb5694
DRF,291,337,31754756,2020,1,bbe285263e6de83d8172b2035cfe530a6926c259a7e2584e1d6714c4d3269b5c
DRF,292,338,31720710,2020,1,b4c204a60402ccbaf8afdbb0927eafd77fdaf76141d43c54c931002ae349b297
DRF,293,339,31680591,2020,1,0706dc63a68eece1c80bc8e5605d152f0ad292385a663656bafaaffba77ee881
DRF,294,340,31641971,2020,1,268cb28a845387792c25e743a0148a3d7081b0e575e7721b165fd35770e8dea3
DRF,295,341,31584341,2020,1,e37a823b1d823f61a653e0f95799867397c2d9a75091e7fd1033445ea9aeac30
DRF,296,342,31579551,2019,1,15543a3aeb686bf20a5520465bcc588c33d181b08288d3a2508bd24538c805b5
DRF,297,343,31558993,2019,1,ad79db9c36085dbd3cf5e7f38141fee62e6b1945997271d65914bd7fd25d5abe
DRF,298,344,31543316,2019,1,5ea585f39b55c6064a5aa0e50b02c85a0ad69640f372c0e81ca7de10629b107a
DRF,299,345,31535152,2020,1,cd4ec1656ec3d026fe6dc58ec47cadfa5603613ffbc1ff067c9a320797143846
DRF,300,346,31497579,2019,1,c6af58c5da04e47af47beb0bd6fd44ea2956a910f4d71adb033e0e5c02800f65
DRF,301,347,31495523,2019,1,f31d0c954a71d8fc21d11f514ae4fb645b8e3515c0dc391d5fc62297afffd7fa
DRF,302,348,31447399,2019,1,3dacaa5ca4a9cfcbd14643ca01bf72377ca166df317470b6006359064bf50dcc
DRF,303,349,31413497,2019,1,b48eb08e1f1f39ff52cf180fe9131c04beb691c3cd7e9d89449f91e1a7e00590
DRF,304,350,31404224,2019,1,de679f71e7a7ed4efb5f637ce76f78724127c0811d25c42b8785298e58a1cc2d
DRF,305,351,31404192,2019,1,8b618307ce5e7f520658ba6c343723be05b3c69fe5fc158cd18408235ec43383
DRF,306,352,31353941,2019,1,a5afc7131b465869935167851f518c8e900c7e74199dbd3d9677fee83dd3995b
DRF,307,353,31348349,2019,1,35d8429b556c54b30fdafba56d39d5e507cc57adc37a0eca14297b28745e548c
DRF,308,354,31345563,2019,1,2d96de82df54cc2857eeb675d5a38f0b0411f29001d6314fe1148f46b85f44fa
DRF,309,356,31232797,2019,1,f882ff6e981495128de492630e04d30bb273e5062f68c6110ac343a72b512c57
DRF,310,357,31092075,2020,1,82901c55f2e1421b2eed83e50f35f2931cd5e4cac81f16dc039878be977e5038
DRF,311,358,31076143,2019,1,62f725342c76361c9f0e7704b4be9ca34affa74870ebbdd371081cfc5c337a5f
DRF,312,359,31037018,2019,1,02752a47046aff35c1721452a9f59c7584aaefe03a902cc0deee63dc4534ff26
DRF,313,360,30977554,2019,1,6515a6ff9a2cda720669476aa94bfac32bdbc70f0c11cd19608f7b2ca82fffab
DRF,314,362,30855170,2019,1,4b938313fe671aa171e90b93ef9a9a21ef49c4b32f3bfbb4684d0c93c732e2b0
DRF,315,364,30845365,2019,1,7aa0a42fbd4a839888b6c75fbd2f57c1c47a786f81bd99ae29f59a165526e5b0
DRF,316,365,30809543,2019,1,ab7534f0b1e3ef56263766add25947311ff952bd76c75e614b54da81fcd5bbd8
DRF,317,366,30787500,2019,1,33428396791090e9f5229762ac23dc5c9b5add4e51b949d4dde29c60d3c69114
DRF,318,367,30733100,2019,1,7b67527451d0fb22353853857f9fd06d16ed34af303fce52b96cb310c0d5a270
DRF,319,368,30715000,2018,1,e66475c21d44ef499791a778e45bb85f09555d40517577537dc486f13ea28156
DRF,320,369,30706096,2019,1,2ec6af09e80e5738dadd2d5350e34da6eb3a91af5bcf62ce0c978961111ef647
DRF,321,370,30669949,2019,1,53bced9bfd545e7fd18d033b9c641a6e5fbb520e21dfda855d8d4498c0194745
DRF,322,371,30657531,2019,1,55f4e27b241ef7c00300f58839b664ee24c9f8ca921a1612c5c7165c59b2bf05
DRF,323,372,30635200,2019,1,0866e8239634b6e64619a02adc579a75342cebda96767ffb01c6a30cbf4cbb22
DRF,324,373,30596285,2020,1,f8b1ed9bd0153ab7cb29a3d8c7f2a44b29a9f1f039691459a7fb7d182193f9aa
DRF,325,374,30589789,2019,1,bcf33cf8fd9c7a336846b5f4f9a6d7812bd23aa459d0eb6707c5a9ea2e265338
DRF,326,375,30547221,2019,1,9c151c3f39e8fd09ef17928508ea857d86b9d6ebd03d082426af199b7234e32c
DRF,327,376,30502018,2019,1,9b398874f1090de40664ad4202534fb527c596022c0f2dd5669543f7f4f8f838
DRF,328,377,30377011,2019,1,d5d836afb12859cd2df558682ecca1d102aae3dc86b90138bcfa58d8154934a7
DRF,329,378,30341694,2018,1,a9a3d7d0fbd6aa99affd8addfcbcdf4c4c8cced53ff42a5c14fbcc573c830b2b
DRF,330,379,30317380,2018,1,0f7239196834ddddadf03dab546ba0b38bebf2623a58508e607b877b8bb00bbd
DRF,331,380,30247773,2018,1,67acdcc1022e87ed7ed3dfd38dda0af6592d5a766305a376a4b00864da59b0ca
DRF,332,381,30243674,2018,1,76bc2e5782db463a57e5f5822d8fc4a4726461b496b9709470072b3c94daead7
DRF,333,382,30200798,2018,1,90b6cdf1bf0a54260c9b83b24528a633ca4e85cbf11af56be81b60ed6fe8fc54
DRF,334,383,30104925,2018,1,9eec42e41f6da3762aa9d973877933ffe43b943974763264d17ff159ed294fa8
DRF,335,384,30103788,2018,1,ec343ffd668cf83e8dfa740aa9b6fc63159cb245981b4c626b23617cc0905d45
DRF,336,385,30042026,2018,1,bd39bd8bcc8fe9b69187227f1948388dba1758aba19400b65c8fb8f852474540
DRF,337,386,30017179,2018,1,a598f21b6d0309244c4372ac3d8405531f91045c5b064178d8bf52dbd4125487
DRF,338,387,29980394,2018,1,f3de13775378687af9be0c8e7eb0d544aac1e5423c6b03afd8d5309fa84dac3c
DRF,339,388,29956020,2019,1,98cc5883dd3906a78dfaf7c3406ca4e21313ae5315a9f7d327c7cded9022b9c0
DRF,340,389,29952895,2018,1,543695519bb181a2d8bd2d140f9f79c7800ddb4e567977d7e996f9c4344a0bef
DRF,341,390,29948399,2018,1,66134af95add3998ebd3f764c1cf3e4df46e28a980c48e0c26a0c92370c9a5f3
DRF,342,391,29946757,2018,1,abc0e9ee3391a9f3e8fd56edb241541ccaa5e514fe0f46a99c43b9c90f7ed43d
DRF,343,392,29940926,2018,1,8daaa4ca347fcf9b7e7ed5fc5c24755c0427884b17ce36505b8a85527f0fbb93
DRF,344,393,29929689,2018,1,0bbc280d5fe9f1f5e1b3f43f7a5fd90537e30baa04f867f37704c1cf23973729
DRF,345,394,29922501,2018,1,37c3c2606719b8ac587113360f5258781d0d407e6311558f386525c60d5e31f0
DRF,346,395,29908931,2018,1,35a0343ed28037d1470ac10025e5f2c2c17affaed1ece0a0572dceeab10101a6
DRF,347,396,29900159,2018,1,624c9156b549527fcc23ab4a73803f2db7098425fc27412bc88ff1343606edf9
DRF,348,398,29807188,2018,1,06d0ae827db8dfd78c106dee27e3dd3ad3920c3180dadfc2c18eceb1128e0b20
DRF,349,399,29796826,2018,1,b884fc58e23ec23ae3cea4f0d72889d0e3d095907b56b7390bc815567dfb2ee6
DRF,350,400,29780618,2018,1,cb1e87619bccc6e85c4f6549d48fb259bb1f3cf698532b450ca85abc56adb6f4
DRF,351,401,29779839,2018,1,38ac7a18e9a16336a0f3523dc5b747ac1f546bb3d6c8abeb4d8afb39c2e478a1
DRF,352,402,29734893,2018,1,cab428bb4a8c36a2683b534e38861fb20b74946cfe0e12c6a35a41406f9bad94
DRF,353,404,29705078,2019,1,cccb4cce6a1769d4603c9ecbdd7288b432f602a114f04fa9465aa343d1b6727e
DRF,354,405,29661068,2019,1,444702f650d76d5956c7ec8efc507df90824e00289d241bc62c3517a99ba6cb5
DRF,355,406,29651313,2018,1,a8ef084618a90dbe3c3a4b1f27ccac6e21a92148cbefd38ea0f3cef5ed2bb22a
DRF,356,407,29626236,2018,1,69a4d73d484d872e49cb78b49e00d32a3808480b844d286fe800a70c18410b53
DRF,357,408,29621979,2018,1,7ba75b1c9bc576dcdd9f5d860c9aa7a26b3b9cf6c3633d56552e1c6d57484cba
DRF,358,409,29559327,2018,1,d40ef8874978a9add5e0babba6cb07333a16112ff6fd23f95164326eb4aa5854
DRF,359,410,29558002,2018,1,e35d7b32c8f18aa4d895039763fa0b0281f19cf2d5a1df9d408b134f4cb6f2da
DRF,360,411,29520327,2017,1,32dfd341abab50e1bd9a4e0823e5a06d52d8ab590c6de8c69657c1d3f3f95190
DRF,361,413,29499673,2018,1,5ea339a46406376a72fa414a994cb2a1df7cacd16945637084a49e8f0328ff1f
DRF,362,414,29463126,2019,1,1d10285ad69b74818e531f72cb87d4a5a40e28f04674f6da2478611a7a00dd86
DRF,363,416,29438391,2018,1,b428f72c366152c170c8967bf6ef64335244b4afa4aba2846f67a3a48c572fa1
DRF,364,417,29429577,2018,1,27729ec4cb353bde730cac5413ba7dafa1b1562eacbb2713f84d66030ec5c3da
DRF,365,419,29419627,2018,1,55068a1c3b63aaa8ada8b6819918219f4058ca03bf1ebc83742cf004efb9d892
DRF,366,420,29406451,2018,1,ae57da752927a085f7e70a12b29f6fe7b81f1e5c399673ec59460f523c28fde2
DRF,367,421,29375815,2017,1,d2943e0dc506ee889ab727bfc50c582c813357917955639e4a13fe17290dfdfb
DRF,368,422,29344692,2018,1,36747b57fdb9d407a64f0b5c1c490c1ef93953331077831c7800920fc08d3b6b
DRF,369,423,29338893,2018,1,62f139d5d8bccacdeb35dff011ad299e5e82f4b23b11848f3bf82e2a344f226a
DRF,370,424,29299492,2017,1,aea2a6442607b5b34dbcf08116bb52117d2a9850b76f3b50a7f9aee54ec5c861
DRF,371,425,29259963,2017,1,db7241aa38c759b11d7e0e50eaa5a8d1ccea5d7cf2582cefb20a9ba23bdf7d16
DRF,372,426,29150382,2019,1,48e7bc6cbb73acb30588239e740fa250fdd53a9f6e8bb144a4d967197a57e3a8
DRF,373,427,29099886,2017,1,ebbd6d10fa4261c69873ee3774a626bc04c0ec32dc49a14c43e4ce1b24aa3df3
DRF,374,428,29081703,2017,1,8aca3e1c25b153feb297750fbb735bb0ce70d59e11aa31c4e1ef05ea95839904
DRF,375,429,29043745,2017,1,188742b662487f41d1599a62c26f1507b56a598987c01cd21ae7dae30a1fc011
DRF,376,430,29024249,2018,1,46066da418b5b4ac7d622d66f46d7a50c28de7aa06353b9232a24d856cb00c3d
DRF,377,431,28993002,2018,1,0ce7b5e63bfd881c9b6909c0711a254b90a70fdf2f9d29e18196970f7ab39166
DRF,378,432,28975362,2018,1,b05508e3d549262f5764914ef77dabe5f0d3e653cae7382ebb54203254eb9e94
DRF,379,433,28923035,2017,1,c08b27ee4b899cc73c4f0faa8710efbd0962f69008e9a4debfbe0e183eebc8b6
DRF,380,434,28920036,2017,1,dba11a38f43cece6d03c62f2799f9266f7562f60291716162b010986bfb1630a
DRF,381,435,28870625,2017,1,2ba8b4a13b384ac55481a2f6ffab574dbfd4fa9186d895c068c1c27111905490
DRF,382,436,28870129,2018,1,a45488ec88452f1984335ad5efca39b2181f22ff77c4548ee0793d852678550b
DRF,383,438,28735363,2017,1,d12943b7ada550dce89861d49d9c053ec38e82b49b315173422312bfedac9899
DRF,384,439,28720040,2018,1,973c4fb846dfd7756084d5e5e958611bf6cdd3ad0ad83096778978c17b85e5ac
DRF,385,440,28647621,2017,1,48b0bd89f354b9acb88166004fc43125d8c1474ccbad846551daa64c2fe07cca
DRF,386,441,28587685,2017,1,2fda9b20c8cc3aa203c48561043f85280ef4b4a1dceed79ea11b78a8c7083b21
DRF,387,442,28581277,2017,1,8810212819c01fec1a7f3d40b035bc1188ad25315c3b62c3fba4cd9cc200a1ba
DRF,388,443,28578470,2017,1,9254b13c76de99997e7b64e151c70b8169f4b80c05595fbf07f5cf75ca17dfd7
DRF,389,444,28555811,2017,1,5b9113cd7bcbaed8c3b2c22915876c12fd130ae55cc386bcd2eb64c59229a58e
DRF,390,445,28511594,2018,1,6dbe12acdb0812f5acf2a872019e4520d5ad73e361ca7bcbc87eea27ace29ceb
DRF,391,446,28490225,2017,1,6a5af283fe53b9883020826422de5de21747e815fb8c0e492c53f697c86638dd
DRF,392,447,28411349,2017,1,b94908cc4c790651ce582bea1f94f2952c4a3fdfa80b6bcb506d779128f2fd13
DRF,393,448,28371079,2017,1,2785083bea887b219a9a4f84e1ce3ee35be241c654c666a1770d63162ac63657
DRF,394,449,28342739,2017,1,555e87dbb6183c14187a4e3b87dd6ed842dfd1000c3fc5592a1a9b28460e907a
DRF,395,450,28340130,2017,1,839eb2fd741801040477a6303efc309141451098298c3b814459cd58ded640e7
DRF,396,451,28290758,2017,1,cdd4f863cb48f34d165874838b9472bae0b05511442c6463f8c1f5a0f09cb225
DRF,397,452,28271083,2017,1,8487501fdbd21a1cd3e8ccb79f9926383924c98ff2f4619fe09a10995cc2b5fe
DRF,398,453,28208956,2016,1,e76439ebd39bd1887e893a531911db6990855cee4592468936f42360d5c391fb
DRF,399,454,28181651,2017,1,bc947d1b9b7c4cb4f04fd520847cd4ce47f10954210c8478b875c0d1eaab4467
DRF,400,455,28069517,2017,1,d9c06bd33a8d7d71466a0814e6aded7678ac2579b8891a347ce3f6404729b95d
DRF,401,456,28040075,2016,1,217f5a88abf105896c8a507e087bc1aa633d5aca0907c5f8e12ce8e4c19147ef
DRF,402,457,28004299,2017,1,1e0d944ebc813d609350649d0d44b838664dee65c890b4e3a95f2a22e9736f08
DRF,403,458,27870256,2016,1,359ff1414ffb1b9e780ff893a8aabc799567533409e751c304d74f4bf4170e21
DRF,404,459,27847680,2016,1,41784cef607168e1c69d24b8eb6f859c3869bc410ece4228c6fb3616f266069b
DRF,405,460,27664946,2017,1,551fd7d6a8d1b0877102b5ab3e28dc5a1813187a77af8c7b4bfc57b349412518
DRF,406,461,26590159,2016,1,c3479a382dd2108e79f369d5bceb0a88c36708eb813913dae86211f7dd785b6c
DRF,407,463,27697401,2017,1,3ef463edcc6071446df18a0c984e7c01264e310803b8138813065bcadd38b78f
DRF,408,464,27670149,2016,1,856b85236a297e6a0ac17443f17d02c95271f9349bce1f1cd82b44e8ebe640c5
DRF,409,465,27633174,2016,1,f6499c73b670ad262faeb1995f4baf717a7098f0be7706805a46692460b85cae
DRF,410,466,27595946,2016,1,f01a1e2048cd42d135d840d7559700cc514e262f782c5a9278a72a7316745c98
DRF,411,467,27581955,2017,1,cddb2ebeb2ed7683151b9816fb627f3dc14067603549c9c16419c15e162ba1eb
DRF,412,468,27537227,2016,1,c46df4ffccbecbc707b0b02caa4be9175d4de2452aa5db285b66db4b411c1fad
DRF,413,470,27454504,2016,1,bb65fc3818627ec62ccf982036ec6855bffd3fbe2af7b8ee1ac012942a6fcf74
DRF,414,471,27454497,2016,1,31659c81c3c5c5e36614344e65cad737654379545135b75b6b62d6f6737af832
DRF,415,472,27367261,2016,1,054ca7e71ae1012067a35213d2a4d5afd31e81b5eca182e147214e9517c832ba
DRF,416,473,27341808,2016,1,2053e4f4004a0b02b49a077cffd2e9640afdd4d77b880c6dfa206f0327dcf67b
DRF,417,475,27317345,2016,1,0fd0f38b724d28cb8827eb59945ebed8f02a87b80c1135de38bfe5b5b080d203
DRF,418,476,27299141,2016,1,9c7fbdbdbbf2873c859856cd4312956fc0ef3984e9dc33d1ee814cfe9cf85cd6
DRF,419,478,27247508,2016,1,3f1de7b83c2b80f60bcb4215e831d152ca00c65cc2b8123f6aca9b79a205dfbb
DRF,420,479,27242328,2016,1,b79e8c9472f814009bc27abadd4190d92178c1e4a0d45aa487b78c9baae69242
DRF,421,480,27233355,2016,1,4662d0f2ee772b3ee82fa8e0d52d9d4d892681bf8c376fbe6359a86d9bb9c3e5
DRF,422,481,27206255,2016,1,106bd959cd38d32b96231d6f9723968c884bc9da7b7a55d360ccc1ac37cba711
DRF,423,483,27189150,2016,1,e300963815cc8502efb002a68c222fdd733558eddfebf0722309bc83c0691ed1
DRF,424,484,27142632,2016,1,335310dbc038bbc86f858b05a3323105e6ee30bbb46809440c073faf761e1842
DRF,425,485,27106578,2016,1,c0dc1c5b46b5aa938f923e3d2a829e8ad0ac04aa0eb5fb511e933286ae4b346f
DRF,426,486,27101161,2016,1,d4eb635c115e22c84d14281604dcf651a76f75b31fda78693c3b7864396758d3
DRF,427,487,27053837,2016,1,77db864e903756cb971571e80c33d0e1467cf27b70edcd67edf544d648ba8d42
DRF,428,488,27051250,2016,1,89af55d8ce119b069c4dabcd711c6d6454efdf4ec5276953a38426b3a1e86686
DRF,429,490,26978132,2016,1,45579a285ea1519826eb4ba6686237852fd1973bf718fad3e74ba2ec4f64237a
DRF,430,491,26911297,2016,1,391890063fa4b4667d55f20638a376abe5a4b80c482f6a3c93094c2edfe5c21e
DRF,431,493,26880462,2016,1,822ba714df37348bb0e11112df7f011e3343f1f6eaf21ddd7f6074759f36a277
DRF,432,494,26860090,2016,1,290a4d67fab0801f8591d4d7be34a6507e7124fbd911f6d8a7c04d33c4941290
DRF,433,495,26762327,2016,1,a62d0324a5a551a59320387d6a1f8e2d1da6232c9544d41410969300fdc19bb3
DRF,434,496,26709818,2016,1,59839b32a75cb945c6e3f9fd32e50a4baf8094c61a3df990aa15c642dd4840d9
DRF,435,497,26659065,2016,1,f0c5216ae09376d69bed8425dd4d0528171b29b43c82ca0d141af6524a870637
DRF,436,498,26598107,2017,1,f1cdb1e87aa8709e20f1d3025944a24d11caea9e7d3053fd6416544234fd48f4
DRF,437,499,26538760,2015,1,9b14b8b8f9e3b55e5992562dc21c28f4b733b5e19e9ff65eabdb4f410a409fbf
DRF,438,500,26527599,2015,1,8c423037ef7991bdf11d3b3e88414893f2cf154ba991a1dc0e01b1da87f46b3a
DRF,439,502,26510846,2016,1,a53e2b2e1690b4f747e2832e3e7a88200b125dba400b05323f30aebb7b198d7e
DRF,440,503,26491587,2015,1,88ccaaf0611fe33ae34f64645297f14974b239d55271345a66f746ef1a65a21a
DRF,441,504,26446962,2015,1,0385558dce9d40ca94551564dc4e33322a91fc8b0b8683bb211fedb2b69ed977
DRF,442,506,26416429,2015,1,bdc61011f91c253606489ac7ded4e5b2e8937c308cbd9a6424a9ca6d479d3bdf
DRF,443,508,26388007,2015,1,d921a9dbace27d2ed0c3dbb6cbf2bd83d4350c14eb861cfec669d44707a558e3
DRF,444,509,26373414,2015,1,e5f26919ced24517616b6d83cc979e9461b576f556e38dfba716706d55addde1
DRF,445,510,26367200,2015,1,210104a35dfc1287dd1c8467be57a9b7e8a343c151434feb5ec7375a36489455
DRF,446,511,26330962,2015,1,5e1addd9f33882c73b9c8fe1d1d6c9bf455a9dcb5ff04e631110abdeb92fa6a6
DRF,447,512,26319206,2015,1,1890aa59bb478b4e7ede7601ba5fce96115b40fd22e42f258f9cbb35c5abfdf9
DRF,448,514,26309632,2015,1,7456a8d825dfa674c232018c1ff0cf0d020f3fe1c379a2d32b2906c2dd9e9ffb
DRF,449,515,26294293,2016,1,e29964593ccd7eb2bfed38e704d2d5e15ab5582a3663c6788b985cf313b7c667
DRF,450,516,26261741,2015,1,6f9f31ac96cd2d3714dc732c68e1e9af9c71edfcdc516792d97798e267f7a8a6
DRF,451,517,26261739,2015,1,d3812376c9d8dd7774a29b9a4668103b6c9878b9f4c50d5e7f505716f57a55f2
DRF,452,518,26261738,2015,1,49bb42d7b583b33917032c20bc34741ef6cb79642884b60c9afa1266776670f1
DRF,453,519,26199986,2016,1,567344417a75c91980c402f8945dad954a38d6b81cb81d43a9d86bd94bcd4465
DRF,454,520,26178795,2016,1,7ccdc6591a68d0f8fd1c286288f7a12148c7e828785e0fb010233f204686ae54
DRF,455,521,26139690,2015,1,92f30aa8bc61c4ab3f3adc39f9a6a4813a77e60be714c67727ffb13c05396b7e
DRF,456,522,26064356,2015,1,e914fedfe20fa46aa0a416d9c2283e2f59c7135b0f71f6dce8330d8b2fef261b
DRF,457,523,26034442,2015,1,2238aa97007c7591f8e5b4c182bc1728b4686b683b1a4426c34a8cd26135d942
DRF,458,524,26032211,2015,1,4bdf2bccf679fae17821aed05c253a5d82b43856210c1319e69487a51f02202d
DRF,459,526,25990562,2015,1,4f25baf4d816c98c3fb531ae5ad0b83c8ff442050248739cb716625457b923fd
DRF,460,527,25989902,2015,1,7fa019fa8b69d974b9ab29eb70a215d5bd19d475937bb0521e48f4641bc6900b
DRF,461,528,25957065,2015,1,eeba100cd233ff0f5d3d9432bcb49d88271d3a04a0dec85d90b2ac41ef488dfb
DRF,462,529,25936737,2015,1,717f431706e7e57cc80b0da5e2fe63aaf2dc23ecfb3cc26f8a8a256add687b3f
DRF,463,530,25909341,2015,1,5c8b013c5cb9634cc1480542bf0746717dfde598164d68b0d2c287eb36c615fa
DRF,464,531,25888296,2015,1,911b9835b8de837ba4dfd45f512f5bb88b6a63503bb9868ea2caa6f2d65e54b8
DRF,465,532,25872504,2015,1,d780c3ff84f1122def3a0548ee5b8d194f8009fe546db331509160b94bf212c1
DRF,466,533,25851177,2015,1,6257e2331c73c72a11699c25f1038ee5066c33281928b4d56db9350f8fac2de0
DRF,467,534,25792491,2015,1,0cd56caa0d6133fde43a251e04bb7c106960a4f1ba1a70b26905ec9bd3915fd7
DRF,468,535,25708827,2015,1,6e5cad61b7e7c378c1a75bd063c09e7bc2596124acaad9426efea8ee028c98da
DRF,469,536,25687428,2016,1,5ede2f1ddd215eaa48440ca6d065d8066af2a1c9d712e74205896e0c8fe590f8
DRF,470,537,25662993,2015,1,671dc6e4ae137d108f6216d07bc0f32a6a91d24edff70e6c9ae87c29e6a92c5e
DRF,471,538,25585546,2015,1,84112434bb3af4758614a922ca3dea5bbb2a11c1fba756a93183401c1d9e38a9
DRF,472,539,25567776,2015,1,4be6c1b1b805ec360a0eb3fd55c68e8230f22b3074a5b48e1dc5fde0fe64f753
DRF,473,540,25491556,2014,1,3dba9087ca5391cd4c71464e8e851f2c4c449a01ce3ada1a85eb28de667a773e
DRF,474,541,25380128,2014,1,d4703aa3cb7d6d031cee099ff4bf69d8bae9cb543c1ccd445ec990eed6487d62
DRF,475,542,25360346,2014,1,e588aa5a843134be62186f7b760bb0b06357443264383071963925c8700f25a0
DRF,476,543,25349960,2015,1,4a36279407811be325bb902241025874b622c68a757ad844e186e1a424e0bc15
DRF,477,545,25240809,2015,1,7509cc966bb02d8de4f4ee005104db8da5ca04662eeee2108441b80cd119d910
DRF,478,546,25233158,2015,1,090504653fb03aed852835abae76266c0b70ed4f625e78b2408a5eabf28c2553
DRF,479,547,25175985,2014,1,90ec67f5a4ddcc379f9838bfc4640b1d131b8706f1b6bef155f45efaaba8429c
DRF,480,548,25135248,2014,1,e0317fe0a1df89ad53189b027bd91be522764aa6e22a31494e4fffb1aa5c3d98
DRF,481,549,25131230,2014,1,3a3da3c7d0cb52cb7f3c62042758ed1012f3f8859f14ccb9add72cdd24423560
DRF,482,550,25129996,2014,1,af7d83b217f7b8b365e135a8b1430a04ec50623bf6e41dd79b36bbdfa020fa57
DRF,483,551,25120328,2014,1,36f3f25b01bdd4d7903f73c5599c2c4802eeeb84856622d149b821d3a0b8173a
DRF,484,552,25097811,2014,1,12614c48019e66e32de9c3846bbe86fa2e856c5aaa27f2b2b6396aff6c8c3fbd
DRF,485,553,25086601,2014,1,44748be97d053ecec0338af15a5a317cfca1db3715abe6bbee005cea53813490
DRF,486,554,25080094,2014,1,01e0021b96138249fb0a481fdba6de7d1982e815df360beb969fa373f1d7799a
DRF,487,555,25059252,2014,1,de41fed9d598a3de0db6340433b4233b6837df23bfce62a747f7d8305e163432
DRF,488,556,25048257,2014,1,2943fe42f9adb00c0dbb8f06c4920ea933a586ee9074bca6d2dbc484c5e3ec4c
DRF,489,557,25030810,2014,1,742bb7fb5e6adbc9f2243a9ca6804d94fe1968f181787d3dc642ec000edf5dcf
DRF,490,558,24986954,2014,1,d2bd1b5a18e106bfa6744c1c0809a8bab7ec9875d518efcdd4079e666e801289
DRF,491,559,24881899,2014,1,daeb55f7e5103f4149098fd8fa4e09a3de4c6c2999383cd52390522f9c558490
DRF,492,560,26816072,2014,1,f08c58cdf5bf6f051f5bb67e6d539138c74b391b9651812581c02b37349f9d35
DRF,493,562,24833176,2014,1,0436c36129e607cd251263dfc8ce0f1e625bbaa75ee5653e9844c1a2bcca3fd2
DRF,494,564,24785702,2014,1,a0ee29526f2be70ee69135dbc325fd589f3773b7554942d1362ef743a65141c4
DRF,495,565,24759377,2014,1,12f24d88b2cf4a5a8cabe00995b35ab56f7868f28db37a020404fb6ccd69c264
DRF,496,566,24704263,2014,1,acdffc8625fa931063fdb65e64435d35a88d857c9d150becca914445e45b445e
DRF,497,567,24691649,2014,1,8868a5726c44b2fbdea0513cc57d36b9c2a9eddbff61e42596cd17cca7e70941
DRF,498,568,24674611,2014,1,8a442a2b8c339195e7fe7ef16c0ab969f65290f50c615931ceae22cf18987299
DRF,499,569,24669855,2014,1,45947762eeea6ab9f065b634aa34e135f86d455e9f8f665bcdb19dfc02d294a6
DRF,500,570,24666925,2014,1,b2f909943b8d45dd51399ddc414d68d63849477464081dc5f0e03e36d75d1dab
DRF,501,571,24644096,2014,1,8db4b51a4fdc1f5db2a1293f90fb71e6c99cb57d63e6d903592f218faec15c9c
DRF,502,574,24533248,2014,1,12414906156dad4b03aafb9311b0aadf48bceaceb284dedc8c02fdf48b59c271
DRF,503,575,24469166,2014,1,9267c4cef455297a01b87a8c7998c00524698a9233e2dd684a00b4b37ccf587b
DRF,504,576,24395317,2014,1,ec70410c99593846bd1d08173fa45511dddb57396cf82436e7ffe6f0b551bea2
DRF,505,577,25986354,2014,1,b769ad41632b73ed887e72c6318c88ec4e21a6a1a56957d0bf921bec67c44513
DRF,506,578,24338051,2014,1,4d40c6d042e4dca21be787cc277968df2c024c50c8430cd65b9ef6f74172293f
DRF,507,581,24038537,2014,1,bed954cdb3b9e2054343c1e7f48766f26d79ded3031b15741d38ae4088084190
DRF,508,582,24035653,2013,1,f583a8b833888d70e2d227e3a2b4712f80d46ba6b3b7c39fc506be9b420ec2b7
DRF,509,583,24011861,2013,1,a5b352d3493d4cd1010239d1ea3d7b12591e37a5d8688ae1b5acdcf43ffed89d
DRF,510,584,23959907,2013,1,8913b3adab93ea2aa4ab365e28553d245dbdb004211a168bba218586703a8ca9
DRF,511,585,23912935,2014,1,d3b6af8132b9e8194a9b08fc30fc623acac0601025e5054671c9289f6bba3be6
DRF,512,586,23844197,2013,1,7d6f2659043c7ed5d56cf1c3dcb663ae9afa1200ae073f02d4c85e5625c2d01c
DRF,513,587,23730081,2012,1,0c36d005e37a011eb2eb9f880b03923295d1d75e9dee90d294964ae5cdf6756c
DRF,514,588,23628557,2013,1,c1953ffedb4fc5637f812173ba2559e0055b59c9caa887b3504ef4499250bdcf
DRF,515,589,23529145,2013,1,e87ea81eed0f53c6f158106a0f2b29ccaa46c927524af7f46ba4e5b02ddb4924
DRF,516,590,23505668,2013,1,e9ced54f963076eb02ee8fc41859301f672b336c004ad6ff951f9f4270b0a4f2
DRF,517,591,23497724,2013,1,c6f58cf34f62bba58d3243d20248e0975657ce479f0027f20525dfa68fa19fc8
DRF,518,592,23417247,2013,1,ff4a80f1871cd14a2df000c7d46b0dcda9d5fa9aec6b688e69008c9d79360c1e
DRF,519,593,23364401,2013,1,d536d5c58601e1dd1e39db03c246dcde08558f7374912626c687a32353ec4e32
DRF,520,594,23329371,2013,1,db7d03314ffb1684a2d1cd02f3d793f66df1524bf9c05258f8a514653af4e539
DRF,521,595,23289024,2012,1,65791da76a2ded4fc90981060c4ab92598992a9f863992c2768a723a53d9d01c
DRF,522,596,23216334,2013,1,1f0e3cf9b2628c5d95fc093977be15fc7f7db155bdea96770295f6df2c423cf5
DRF,523,597,23110491,2012,1,3b57df2f1453d137b618d43b14e88f39264c1275d355b1650ad9882dbaff49a8
DRF,524,598,23097259,2013,1,b04c219031d45d444105eb74a1d37db776604d1c92cb3b0337a9454688335081
DRF,525,599,23086081,2013,1,dd38e62f2c0ea5eca077cae60dcc368c428508d5d4c56d8ebe52c675f9e1544a
DRF,526,601,22954329,2012,1,67c6cb59c463fe15d5e2eb61834922b7c208a89916313f2b4cf82a98f4e0d83a
DRF,527,602,22942849,2011,1,4999de3aa46dc73ad432a1f8a880730c35743c3b67598842f0c14b6a4eec1efd
DRF,528,603,22937040,2012,1,3107ae40fd11cda10f508602211206f5d4fda9a14e211c94f8c9a2281e2eae36
DRF,529,604,22921875,2012,1,e8b065af10d2443e7c146841a78d602cb28fecefd7d24e02f7769e801ec434cf
DRF,530,605,22748352,2012,1,de6a0b547a68e848051056649c1e994606094495a0d4d7f6d1ff262d02a8c80c
DRF,531,606,22745101,2012,1,a42e7d1c50075e37188099710d77a5b49dad5e6844d4939f45ca1f753905f9b0
DRF,532,607,22733622,2012,1,4b40eb30a7c2b941f3366da940ca777c209a787cbbf21664b93a619c56f7bd06
DRF,533,608,22554668,2012,1,5a6e24b8c13d7cd817770a51cfe0cd514ea2b390a8d96190f360c2f92bcefc74
DRF,534,609,22547252,2012,1,e399ac102cd1d4dd348af1b278df79ce16dd1d4021672ac83b359011070c3b52
DRF,535,610,22525983,2013,1,9362ef88ba35def4945d9cf82c75d8818132b09aee6c914b87fbe77f064030e8
DRF,536,611,22491432,2012,1,c0a97f758c653675aa264f00f2d46de53d19ca20aa182aebaaaa6698ed27626c
DRF,537,612,22465517,2012,1,e0c1c352a058c67c85f567bbc73b88f5932af1b04fd96879bbf5e1a72cd6019d
DRF,538,613,22303889,2012,1,f7c9bec5a8de5201e644681caec54f2db053e55fbc14c3fe0561a51b8e70a3f6
DRF,539,614,22281409,2012,1,60a97d9063da8c8c7817e4f49616a922255f3379adbfa1f932229724b0bda7ca
DRF,540,615,22265342,2012,1,0e29ee8a67b30e405730d84238feb74f2212bdb1ea9b070ee1337fa402902976
DRF,541,616,22095911,2012,1,92e5f7dd46897e30100e2efcaac12317e50386c34b85567e03817928592a914f
DRF,542,617,22017783,2011,1,496b0b21a12b40af694883d269200aef9c0103c010c2035a48199d4069d35e87
DRF,543,618,21970521,2011,1,0c7f3144fbb03afbd029eb386dc31b979616ccb170e542510a41394b3cb549bf
DRF,544,619,21962048,2011,1,101dcea2cc4d8d6f07e0cd26cb2c33c39a1a956ba54dd510ee1d604e95541160
DRF,545,620,21927921,2012,1,9dab6b227eb287f05faa61f28ede46f2a09b19dd0e875224f1a291adf769b73a
DRF,546,621,21904951,2012,1,7e5b59a8010145add1c09bc50ed704c9ff31c00156d59fc68e41591ca7d57f48
DRF,547,622,21898594,2011,1,939626455e27f856f36c8eddc09c8f9f883df6ef81afdb96337f59b5b329a686
DRF,548,623,21886923,2011,1,f64f9d9e6da97974db819dbe48e8ff0853f9e9c78c4645abfd6e76007baf7d47
DRF,549,624,23569689,2011,1,f47f185693442d121bdae948005e6e1ff64e27bc28cc22b6b13bdb955baab565
DRF,550,626,21811901,2010,1,4b71047597f9c7218f1cdba5adf3366b1d7f38798c460513ba97deddb685e9ce
DRF,551,627,23569685,2011,1,bacb7968f88dc04cf32713511bc532527d74bbcef9022f6174843e9724d0c646
DRF,552,628,21715104,2011,1,bab52b819066bf4c22e540666edb1a16e0a74fe58364aa94dba5fe7fb17b9c1e
DRF,553,629,21705154,2011,1,45ef16b40f4b5f30264d1d1f0753936da58f450fe6a7e148611d233015c9a0a7
DRF,554,630,21702989,2011,1,12fbcdf877b6e2952a60b0555ee3e224fb5ac6cd13108843fbc3e497ccafe7df
DRF,555,631,21463723,2011,1,b4ce7433931489b7c9aa4a6319054b9b3b4b09e60509ab57fb91fc857b9fcf4a
DRF,556,632,21457576,2011,1,9a5f6255105c8807fc1de012be1fa1c97ce4bc341905e503f482ddde1fa53983
DRF,557,633,21455735,2011,1,6086fbbf220b43405c76cc4a6f1303e9547771eaca42d311edf1be696516c4ad
DRF,558,634,21071031,2011,1,c00eedc15b4c2133f53a411a470895a5323b3d36a059c9843178e6bd5a3c6d3c
DRF,559,635,21029976,2010,1,90236c29cb1782f71f86a8aa93e88ad6396405bae0e5ef80b627042fee694fe4
DRF,560,636,20972668,2011,1,fa68959fe9f1fc651bf182182d07b947b915aae9cf6102037642c747b0ec59b1
DRF,561,637,20936402,2011,1,7ed3cb639c2879dc457eabe3f21d564257cc215f14c6cb06e0b7af23c0dd0615
DRF,562,638,20878389,2011,1,9069dd0e2f374b889ecfb04aff8d6ed75269aad74bdfedf4a2690d4f099cba27
DRF,563,639,20721720,2010,1,6b38e977706e604f35e65a77f1e44b93f86da17418d2b6b1790bbf7289842b00
DRF,564,640,20633062,2010,1,c0683f3c91526e381d47f77c404e0b3e433c6065947d9469de7df53e18ab2b3e
DRF,565,641,20616099,2010,1,f044b0c68e27ace55ec86bec0ab9d6eec5abf92ccd825961fc957667493ec795
DRF,566,642,20558481,2010,1,ddf17278765663821f50a2be4da058f544b844645363390c092db56baba23400
DRF,567,643,20489664,2011,1,1a011842d5a61eb78ce12e69fc6e72b90478f5180ad03a5860fcaeee02ca040a
DRF,568,644,20458083,2010,1,ce4cd06c4890e488fcca1588e95afb712c80cc77cbd23d0116f1ca2aa528339b
DRF,569,645,20237186,2010,1,28b1ec5a23f38f1bfd3d2f4ea609e4d717ffbeb6618d4a546a4c1a1e3cfeb29a
DRF,570,646,20231246,2010,1,fe01ade1534c11a162c3040d60e4c4dad9e6d3de29af050e85f556e1384e9c0a
DRF,571,647,20200951,2010,1,455ed6a47acf4605fe93828ad2e8aad96f9f8cbb34bb7a8ebe16ca9b12f04aa5
DRF,572,648,20181332,2010,1,12042d8d03ad452898fcafe74b5debc5dcb5071ebbfdb8037f66377442997ba6
DRF,573,649,20065876,2010,1,c33d4852d0e392b1a96ee30c8d281f3c2681fea92d9efc429ab959f74c9c0187
DRF,574,650,19858462,2009,1,8d25c82257bc29c35ede7e297391c58932a0dcd2594a378e625da9ceebb7ab41
DRF,575,651,19857096,2009,1,35b17760416eb01c5908fed7839b37bce9d66c3670a5953b96b0028cb16ed276
DRF,576,652,19813045,2010,1,4d0d65839246bb927a1890ee39edab266796fd79aa74902f471cf9190c8663a5
DRF,577,653,19808133,2009,1,b7c2c764038ee54781cbf8b100010d94a91aa7bf040019e741924062d64ab7de
DRF,578,654,19797572,2009,1,9fa88b65f58658f381c03a0cd24391046c390f55ef1513fb59ce219ed9525feb
DRF,579,655,19774323,2010,1,de97a58f450dced53a8f66ed0e06d943823c25d231a86812a94014af8fdb2d8b
DRF,580,656,19706174,2009,1,d6fe5d3640392316d3c6f7dadeacdc6f3fa948228fbdd686eac30c7e741b284c
DRF,581,657,19687076,2010,1,017a6a16582dc0edca0aff29cac3fe55433112b1703d03260584c97b3d5618e9
DRF,582,658,19582539,2010,1,3249fb8f0bb988b17cee406aa89c4fa7f3b01fd3ba921aff2eeb34587429696a
DRF,583,659,19573252,2009,1,e67acb850ce715f8341d018cee8ef8f7505457854af22fd4262cd122cc60f873
DRF,584,660,19237618,2009,1,8ccc8b18540e9982169ca3b5a5decd67888a907e01fc34113a95a7851ea1c9e0
DRF,585,661,19193340,2008,1,46d97afacdbb89b3cd77cb260fefc5c07740395134d2860392d76e3fad3b20fa
DRF,586,662,19121727,2009,1,a84bea94c28aeaa68e2392bd501985c516d2d2078f04b008ce18c7f00f6a9c87
DRF,587,663,19043357,2008,1,fdd1b7507ed9cb9f1bb9e203e4ef342c237a54e9214b394e4ff661a3d3c7db24
DRF,588,664,19030948,2008,1,f31548cf31a36290958d6beb8997f91686885c2322f0f7e5fca688a8ce37df49
DRF,589,665,19001204,2008,1,6dab3153e5d4d4a6ef98d052a99b92d5c0e6098cd1318b2828cac500a993847a
DRF,590,666,18980668,2008,1,611f9c16a4d912bf957424260d85ac21f7387d0ce0e31d9e1ff141d776b9181a
DRF,591,667,18836672,2009,1,2a244f65906b3d5046ddc7d8fc3a60a2157a546890d07ef60db9a75dddfcea33
DRF,592,668,18823546,2008,1,d32b2158457f35151dcfc616036d3ca48d5c5fd7d651e3206176e49b6f740f2d
DRF,593,672,18629567,2008,1,bdd7223155a7456fac0a23553155df5cee588b43a000df2c7b386ecaeeca3826
DRF,594,674,18584260,2008,1,7dc292ed8dd919e96e7b4d691b9848a5114b38b43d6164635f53e4e6caebe80a
DRF,595,676,18393740,2008,1,ef8aec45068151a102b5a43f2236b2fb8a866d85779c921d340fd91d8a6cc9ac
DRF,596,678,18301363,2008,1,eb898556bf48a386f1672c0fa5c4254bffe6564dcffbac73f4e4677f7a4a190b
DRF,597,679,18299546,2008,1,f822667aa634e15440961d356aa92ff0262719f44094376defda255e7e177972
DRF,598,680,18058055,2008,1,a0ccc0eb6e85d824212aa588ed59610e76d9d53019d2e98276c872c1096a6349
DRF,599,681,18053789,2008,1,bffd919a1b37062987b53e1efcaf0a39c914c50b883f21c51ed352e751a487f4
DRF,600,682,17681113,2007,1,88219f86a0168e6cbabc2aa3ab59ab3c6983e9da86a23144621a20f2871f9143
DRF,601,683,17645403,2007,1,55b9e0007d1f9487288c19a183c883175c2770ff0336d35d204032a1d2103545
DRF,602,684,17597682,2006,1,b76a291b31c30c5eb84c905ebbb435a6f1eace3645ebd8dd15d5378642f0e0d1
DRF,603,685,17540030,2007,1,8f0e380856c1f18acea4eb0d974c91b6112efb3e829788e7ae2d8627e883c522
DRF,604,686,17464618,2007,1,00921b17516ca2a3b66499a72011f87807d9fa8c2f9a1a81de62040553769704
DRF,605,687,17289531,2007,1,d8ceca5886b596fa6d025d0e8cc1637117fc929c5b67e0de0b271d3c2ce03d2a
DRF,606,688,17211302,2006,1,4c7867fd4db9a99553317266f3808fbbdcef961460f7b66527152ab2241f35a7
DRF,607,689,17145266,2007,1,23d52f53410f3d8f5df47fa1b880bf37ac80ca4a71e409cb4043b77c94538c52
DRF,608,690,17086470,2007,1,3a2cbb74b611494f3b2fefdbdcb8bbe29c84a9abda32be01c01b27a45a022e85
DRF,609,691,16868669,2006,1,acd6b6210ae305fe20d3e1860acdaf10f764b72844539883cc6660d734ef8b24
DRF,610,692,16860270,2006,1,97e3f82820ebd456aefc0826705ff640fb3e2a014d112c31a232239f7c72f4c1
DRF,611,693,16829222,2006,1,1a6bf3c26f2068dda1f30bd37b67a6fce073fecab0a7084400e734c35ed15c29
DRF,612,694,16520603,2002,1,a8082c84509c0043d2c48b69095aad1f248dcb8a4eac3868b95ec7e5475a76dd
DRF,613,695,16508491,2006,1,4b86a4d43aac7b5eb92df443f7736d547d330bd11e4ec1a020ccdffe78f7f5ca
DRF,614,696,16488469,2006,1,4753084b63947f5b111ec52bc575496131db8d66f87a15e0e6e677752f703d76
DRF,615,697,16421918,2006,1,84c25726101d3f67d314589cce5e7027d10dd32dbd9333ba57f6d73fb57ee2d1
DRF,616,698,16313208,2005,1,1a0349e5c108d28ec92f57a014e8ce0ce59c541963038c6173fc394ae093f15c
DRF,617,699,16283478,2005,1,3330192794a286058748f11c5dc11e1511d55b7055b944c385bc7e8140869a7a
DRF,618,701,16003199,2005,1,fe84367305f664fa1f10c58d4fb87908ebdaf5e24fce113968d48693d60dfcfc
DRF,619,702,15765180,2005,1,d75fb903949c1ec5feff13ef5951f8f5a5706ea77a3b703769c7853d566f5d8e
DRF,620,703,15692728,2005,1,d0bbdf4e44a6fa849b272124051a279831d7432f8ff815201d83a48a23eb76b9
DRF,621,704,15619675,2005,1,dc76436cbe017642cbdda1932c6b2795fccb510c62cfb1f503bef872416ca95f
DRF,622,705,15619671,2005,1,88b6006cb6042218a9716c5eb63682991cfe7820c6fe3dd2babe7822024b2b51
DRF,623,706,15355555,2004,1,4218423a4daa922289fcaacb5dafafda8351efa46e4a563b9455da8c54c24ac6
DRF,624,707,15353428,2004,1,40d1045e6ae685cc655617e959a02f384a7da2e406c6adec7cd2cb664886782d
DRF,625,708,15317925,2004,1,96307531ef139bdf267ccd88374a897b400bb27019acb79451495f689c90a860
DRF,626,709,15273672,2004,1,79cb9929583245c6653e0f1f84cd05227c9170e4eabb6d4e3170135e9e6b0005
DRF,627,710,15221208,2005,1,0a8055ab59e93ea5257cbbf76753fefe80961b25cc4ecdfc1d82a2b678cea7b0
DRF,628,711,15116824,2004,1,80e1a59d6eba6a6fac5fe3ce5053a953dbc6306df9a56c5d8708bb7c02bee0a5
DRF,629,712,15014931,2004,1,1efc2aeed2d6c1263494202413faae741101304046ac6a14372025476a43212f
DRF,630,713,14751115,2004,1,2fc701013f9539722deae2dc8dffd5f144b425261ee03d5248a4600fb947a630
DRF,631,714,14668497,2003,1,fadf3058d93e395948b08970225e93cd9e98496f8610585948f490ff26eea7ee
DRF,632,715,14662628,2003,1,55dbd8bbef74489410da94134d026e5b47a81b2b6a980415131ab3ca4ea18d93
DRF,633,716,14655235,2003,1,481e5c70e45b4d3bfc1f3a96ac5eece5c03026192d306c86b3887ffcf97fd651
DRF,634,717,14595528,2004,1,4a05bde43f1cdba114ff8c0b7b93722261e7097e67db2d62e87f6613df87413f
DRF,635,719,12733729,2003,1,ba6c71d1194f7dc0ab6fff6f015f13aaa068476225bae5600c25b72c713aa369
DRF,636,720,12679687,2003,1,95878c870dca1c1727e243a1fa1f849106c3be3bf514610fff4a63512ad5a6d5
DRF,637,721,12665700,2003,1,829b0458f15de4da140322306db3439fa157d93910ba5648912f2b54c4e5e867
DRF,638,722,12631662,2003,1,ef1566f45b4d010cb0d476abd34a76261d9a5bc8661e6794a99f1c8a8f00c09e
DRF,639,723,12627984,2003,1,291c0ef29e6b5703d2ae586dd4a2454afcf031145f69b7942284add277694326
DRF,640,724,12594989,2003,1,03b1d5c799bb196c2c73865e65eff548cd307f29a900c5cf33d377b836c0625d
DRF,641,725,12582792,2003,1,b9279ef9d38eee365ecd48ee02fa6f824a45ecc67e6b9906f6d60c4a8e3220de
DRF,642,726,12394867,2002,1,cfb58cf5dab64951e0b9cbb801a6097f7952d48c986e5aa0481fa62a781f4be5
DRF,643,727,12132101,2002,1,01d02b0e2f8f5e6eab3520b6379f2059195d1fbd9f187a90c6a621ad940ecb13
DRF,644,728,12028253,2002,1,403a158a3b67fa79ff2ac040661ab8fa828aca81acc3e59a4d1ebc95ef0bdc77
DRF,645,729,11934657,2002,1,33709c7a53bff64c70acf0a7a5ed2adc8335ff5a1b373b7dfb20b1641ced37e2
DRF,646,731,11708425,2001,0,a2dcac379d067f68b56d60e6397d9f8a95e2bbffe7f3cc7f68e3e033eab922d1
DRF,647,732,11508508,2001,0,f923506e84a9dc708449c2be084858bdc707853c4c5a487aea56c6d7fd5be372
DRF,648,733,11315997,2001,0,80ea2b856d7e5036984a3553f7b36ac8c616042fcb4246ea7ea90ca40fe725c4
DRF,649,734,11199185,2000,1,34ddba6c3115f6bdd0acc059e69edc13fd27e4872c2371a6db59af5b2a4bc3a5
DRF,650,735,11196034,2000,1,ed7c68383c9fd9655fa856a71eb1036ef21947bc0d905df33953b48c04551279
DRF,651,736,11153320,2000,1,cbb7e6e8568c68b594c01df72a35f8301339f3242382f84b883e5a0976aa2bc9
DRF,652,737,11021862,2000,1,321d939847288f311e4315337269c3efedda4d07ee555f65d943dde865c8b43a
DRF,653,738,10842877,2000,1,d32f3b526ddd9c1087b2559e6d2e28a95cbd17328043324f7d323835217e4eae
DRF,654,739,10811548,2000,1,6ef4d7d14d6b020a3470bb215137f641aabcf5768af184d26f2f942f3b622de8
